ISO-10303-21;
HEADER;
FILE_DESCRIPTION(('Open CASCADE Model'),'2;1');
FILE_NAME('Open CASCADE Shape Model','2026-09-25T01:49:02',('Author'),(
    'Open CASCADE'),'Open CASCADE STEP processor 7.8','Open CASCADE 7.8'
  ,'Unknown');
FILE_SCHEMA(('AUTOMOTIVE_DESIGN { 1 0 10303 214 1 1 1 1 }'));
ENDSEC;
DATA;
#1 = APPLICATION_PROTOCOL_DEFINITION('international standard',
  'automotive_design',2000,#2);
#2 = APPLICATION_CONTEXT(
  'core data for automotive mechanical design processes');
#3 = SHAPE_DEFINITION_REPRESENTATION(#4,#10);
#4 = PRODUCT_DEFINITION_SHAPE('','',#5);
#5 = PRODUCT_DEFINITION('design','',#6,#9);
#6 = PRODUCT_DEFINITION_FORMATION('','',#7);
#7 = PRODUCT('Open CASCADE STEP translator 7.8 3',
  'Open CASCADE STEP translator 7.8 3','',(#8));
#8 = PRODUCT_CONTEXT('',#2,'mechanical');
#9 = PRODUCT_DEFINITION_CONTEXT('part definition',#2,'design');
#10 = ADVANCED_BREP_SHAPE_REPRESENTATION('',(#11,#15),#6940);
#11 = AXIS2_PLACEMENT_3D('',#12,#13,#14);
#12 = CARTESIAN_POINT('',(0.,0.,0.));
#13 = DIRECTION('',(0.,0.,1.));
#14 = DIRECTION('',(1.,0.,-0.));
#15 = MANIFOLD_SOLID_BREP('',#16);
#16 = CLOSED_SHELL('',(#17,#107,#1051,#1195,#1301,#1350,#1404,#1453,
    #1503,#1550,#1667,#1693,#1803,#1850,#1950,#2253,#2298,#2425,#2597,
    #2644,#2799,#2946,#2993,#3236,#3327,#3352,#3428,#3482,#3532,#3581,
    #3630,#3680,#3734,#3761,#4289,#4339,#4426,#4476,#4558,#4649,#4745,
    #4882,#4927,#4974,#5021,#5066,#5115,#5164,#5191,#5245,#5291,#5327,
    #5376,#5383,#5428,#5455,#5551,#5596,#5645,#5672,#5809,#5996,#6022,
    #6049,#6076,#6103,#6128,#6135,#6162,#6363,#6513,#6560,#6587,#6614,
    #6641,#6668,#6695,#6722,#6729,#6736,#6745,#6829,#6834,#6843,#6927,
    #6932,#6936));
#17 = ADVANCED_FACE('',(#18),#32,.F.);
#18 = FACE_BOUND('',#19,.F.);
#19 = EDGE_LOOP('',(#20,#55,#83));
#20 = ORIENTED_EDGE('',*,*,#21,.F.);
#21 = EDGE_CURVE('',#22,#24,#26,.T.);
#22 = VERTEX_POINT('',#23);
#23 = CARTESIAN_POINT('',(-23.2,21.335708691372,30.631747621998));
#24 = VERTEX_POINT('',#25);
#25 = CARTESIAN_POINT('',(-23.2,21.737258300203,31.492873537063));
#26 = SURFACE_CURVE('',#27,(#31,#43),.PCURVE_S1.);
#27 = LINE('',#28,#29);
#28 = CARTESIAN_POINT('',(-23.2,20.532733994065,28.909762826628));
#29 = VECTOR('',#30,1.);
#30 = DIRECTION('',(0.,0.422618261741,0.906307787037));
#31 = PCURVE('',#32,#37);
#32 = PLANE('',#33);
#33 = AXIS2_PLACEMENT_3D('',#34,#35,#36);
#34 = CARTESIAN_POINT('',(-23.2,22.254718789435,28.106788129321));
#35 = DIRECTION('',(1.,0.,0.));
#36 = DIRECTION('',(0.,-0.906307787037,0.422618261741));
#37 = DEFINITIONAL_REPRESENTATION('',(#38),#42);
#38 = LINE('',#39,#40);
#39 = CARTESIAN_POINT('',(1.9,1.998401444325E-15));
#40 = VECTOR('',#41,1.);
#41 = DIRECTION('',(0.,-1.));
#42 = ( GEOMETRIC_REPRESENTATION_CONTEXT(2) 
PARAMETRIC_REPRESENTATION_CONTEXT() REPRESENTATION_CONTEXT('2D SPACE',''
  ) );
#43 = PCURVE('',#44,#49);
#44 = PLANE('',#45);
#45 = AXIS2_PLACEMENT_3D('',#46,#47,#48);
#46 = CARTESIAN_POINT('',(-23.2,20.532733994065,28.909762826628));
#47 = DIRECTION('',(0.,-0.906307787037,0.422618261741));
#48 = DIRECTION('',(1.,0.,0.));
#49 = DEFINITIONAL_REPRESENTATION('',(#50),#54);
#50 = LINE('',#51,#52);
#51 = CARTESIAN_POINT('',(0.,0.));
#52 = VECTOR('',#53,1.);
#53 = DIRECTION('',(0.,1.));
#54 = ( GEOMETRIC_REPRESENTATION_CONTEXT(2) 
PARAMETRIC_REPRESENTATION_CONTEXT() REPRESENTATION_CONTEXT('2D SPACE',''
  ) );
#55 = ORIENTED_EDGE('',*,*,#56,.F.);
#56 = EDGE_CURVE('',#57,#22,#59,.T.);
#57 = VERTEX_POINT('',#58);
#58 = CARTESIAN_POINT('',(-23.2,21.737258300203,30.444501964271));
#59 = SURFACE_CURVE('',#60,(#64,#71),.PCURVE_S1.);
#60 = LINE('',#61,#62);
#61 = CARTESIAN_POINT('',(-23.2,23.057693486742,29.82877292469));
#62 = VECTOR('',#63,1.);
#63 = DIRECTION('',(0.,-0.906307787037,0.422618261741));
#64 = PCURVE('',#32,#65);
#65 = DEFINITIONAL_REPRESENTATION('',(#66),#70);
#66 = LINE('',#67,#68);
#67 = CARTESIAN_POINT('',(1.998401444325E-15,-1.9));
#68 = VECTOR('',#69,1.);
#69 = DIRECTION('',(1.,0.));
#70 = ( GEOMETRIC_REPRESENTATION_CONTEXT(2) 
PARAMETRIC_REPRESENTATION_CONTEXT() REPRESENTATION_CONTEXT('2D SPACE',''
  ) );
#71 = PCURVE('',#72,#77);
#72 = CYLINDRICAL_SURFACE('',#73,1.9);
#73 = AXIS2_PLACEMENT_3D('',#74,#75,#76);
#74 = CARTESIAN_POINT('',(-21.3,23.057693486742,29.82877292469));
#75 = DIRECTION('',(0.,-0.906307787037,0.422618261741));
#76 = DIRECTION('',(-1.,-0.,0.));
#77 = DEFINITIONAL_REPRESENTATION('',(#78),#82);
#78 = LINE('',#79,#80);
#79 = CARTESIAN_POINT('',(0.,0.));
#80 = VECTOR('',#81,1.);
#81 = DIRECTION('',(0.,1.));
#82 = ( GEOMETRIC_REPRESENTATION_CONTEXT(2) 
PARAMETRIC_REPRESENTATION_CONTEXT() REPRESENTATION_CONTEXT('2D SPACE',''
  ) );
#83 = ORIENTED_EDGE('',*,*,#84,.F.);
#84 = EDGE_CURVE('',#24,#57,#85,.T.);
#85 = SURFACE_CURVE('',#86,(#90,#96),.PCURVE_S1.);
#86 = LINE('',#87,#88);
#87 = CARTESIAN_POINT('',(-23.2,21.737258300203,20.));
#88 = VECTOR('',#89,1.);
#89 = DIRECTION('',(-0.,-0.,-1.));
#90 = PCURVE('',#32,#91);
#91 = DEFINITIONAL_REPRESENTATION('',(#92),#95);
#92 = B_SPLINE_CURVE_WITH_KNOTS('',1,(#93,#94),.UNSPECIFIED.,.F.,.F.,(2,
    2),(-11.94245183786,-7.421246466313),.PIECEWISE_BEZIER_KNOTS.);
#93 = CARTESIAN_POINT('',(2.09,-3.257603635026));
#94 = CARTESIAN_POINT('',(0.179256044903,0.84));
#95 = ( GEOMETRIC_REPRESENTATION_CONTEXT(2) 
PARAMETRIC_REPRESENTATION_CONTEXT() REPRESENTATION_CONTEXT('2D SPACE',''
  ) );
#96 = PCURVE('',#97,#102);
#97 = CYLINDRICAL_SURFACE('',#98,3.6);
#98 = AXIS2_PLACEMENT_3D('',#99,#100,#101);
#99 = CARTESIAN_POINT('',(-26.,24.,20.));
#100 = DIRECTION('',(-0.,-0.,-1.));
#101 = DIRECTION('',(1.,0.,0.));
#102 = DEFINITIONAL_REPRESENTATION('',(#103),#106);
#103 = B_SPLINE_CURVE_WITH_KNOTS('',1,(#104,#105),.UNSPECIFIED.,.F.,.F.,
  (2,2),(-11.49287353706,-10.44450196427),.PIECEWISE_BEZIER_KNOTS.);
#104 = CARTESIAN_POINT('',(-5.603511488271,-11.49287353706));
#105 = CARTESIAN_POINT('',(-5.603511488271,-10.44450196427));
#106 = ( GEOMETRIC_REPRESENTATION_CONTEXT(2) 
PARAMETRIC_REPRESENTATION_CONTEXT() REPRESENTATION_CONTEXT('2D SPACE',''
  ) );
#107 = ADVANCED_FACE('',(#108,#813),#44,.T.);
#108 = FACE_BOUND('',#109,.T.);
#109 = EDGE_LOOP('',(#110,#111,#135,#163,#191,#218,#244,#276,#304,#332,
    #360,#392,#418,#445,#473,#501,#534,#562,#611,#639,#668,#696,#729,
    #757,#786));
#110 = ORIENTED_EDGE('',*,*,#21,.F.);
#111 = ORIENTED_EDGE('',*,*,#112,.T.);
#112 = EDGE_CURVE('',#22,#113,#115,.T.);
#113 = VERTEX_POINT('',#114);
#114 = CARTESIAN_POINT('',(-21.3,20.532733994065,28.909762826628));
#115 = SURFACE_CURVE('',#116,(#121,#128),.PCURVE_S1.);
#116 = CIRCLE('',#117,1.9);
#117 = AXIS2_PLACEMENT_3D('',#118,#119,#120);
#118 = CARTESIAN_POINT('',(-21.3,21.335708691372,30.631747621998));
#119 = DIRECTION('',(0.,-0.906307787037,0.422618261741));
#120 = DIRECTION('',(0.,-0.422618261741,-0.906307787037));
#121 = PCURVE('',#44,#122);
#122 = DEFINITIONAL_REPRESENTATION('',(#123),#127);
#123 = CIRCLE('',#124,1.9);
#124 = AXIS2_PLACEMENT_2D('',#125,#126);
#125 = CARTESIAN_POINT('',(1.9,1.9));
#126 = DIRECTION('',(0.,-1.));
#127 = ( GEOMETRIC_REPRESENTATION_CONTEXT(2) 
PARAMETRIC_REPRESENTATION_CONTEXT() REPRESENTATION_CONTEXT('2D SPACE',''
  ) );
#128 = PCURVE('',#72,#129);
#129 = DEFINITIONAL_REPRESENTATION('',(#130),#134);
#130 = LINE('',#131,#132);
#131 = CARTESIAN_POINT('',(-4.712388980385,1.9));
#132 = VECTOR('',#133,1.);
#133 = DIRECTION('',(1.,0.));
#134 = ( GEOMETRIC_REPRESENTATION_CONTEXT(2) 
PARAMETRIC_REPRESENTATION_CONTEXT() REPRESENTATION_CONTEXT('2D SPACE',''
  ) );
#135 = ORIENTED_EDGE('',*,*,#136,.T.);
#136 = EDGE_CURVE('',#113,#137,#139,.T.);
#137 = VERTEX_POINT('',#138);
#138 = CARTESIAN_POINT('',(-19.6,20.532733994065,28.909762826628));
#139 = SURFACE_CURVE('',#140,(#144,#151),.PCURVE_S1.);
#140 = LINE('',#141,#142);
#141 = CARTESIAN_POINT('',(-23.2,20.532733994065,28.909762826628));
#142 = VECTOR('',#143,1.);
#143 = DIRECTION('',(1.,0.,0.));
#144 = PCURVE('',#44,#145);
#145 = DEFINITIONAL_REPRESENTATION('',(#146),#150);
#146 = LINE('',#147,#148);
#147 = CARTESIAN_POINT('',(0.,0.));
#148 = VECTOR('',#149,1.);
#149 = DIRECTION('',(1.,0.));
#150 = ( GEOMETRIC_REPRESENTATION_CONTEXT(2) 
PARAMETRIC_REPRESENTATION_CONTEXT() REPRESENTATION_CONTEXT('2D SPACE',''
  ) );
#151 = PCURVE('',#152,#157);
#152 = PLANE('',#153);
#153 = AXIS2_PLACEMENT_3D('',#154,#155,#156);
#154 = CARTESIAN_POINT('',(-23.2,22.254718789435,28.106788129321));
#155 = DIRECTION('',(0.,0.422618261741,0.906307787037));
#156 = DIRECTION('',(0.,-0.906307787037,0.422618261741));
#157 = DEFINITIONAL_REPRESENTATION('',(#158),#162);
#158 = LINE('',#159,#160);
#159 = CARTESIAN_POINT('',(1.9,0.));
#160 = VECTOR('',#161,1.);
#161 = DIRECTION('',(0.,1.));
#162 = ( GEOMETRIC_REPRESENTATION_CONTEXT(2) 
PARAMETRIC_REPRESENTATION_CONTEXT() REPRESENTATION_CONTEXT('2D SPACE',''
  ) );
#163 = ORIENTED_EDGE('',*,*,#164,.F.);
#164 = EDGE_CURVE('',#165,#137,#167,.T.);
#165 = VERTEX_POINT('',#166);
#166 = CARTESIAN_POINT('',(-19.6,16.378043355664,20.));
#167 = SURFACE_CURVE('',#168,(#172,#179),.PCURVE_S1.);
#168 = LINE('',#169,#170);
#169 = CARTESIAN_POINT('',(-19.6,12.756557978036,12.233699545154));
#170 = VECTOR('',#171,1.);
#171 = DIRECTION('',(0.,0.422618261741,0.906307787037));
#172 = PCURVE('',#44,#173);
#173 = DEFINITIONAL_REPRESENTATION('',(#174),#178);
#174 = LINE('',#175,#176);
#175 = CARTESIAN_POINT('',(3.6,-18.4));
#176 = VECTOR('',#177,1.);
#177 = DIRECTION('',(0.,1.));
#178 = ( GEOMETRIC_REPRESENTATION_CONTEXT(2) 
PARAMETRIC_REPRESENTATION_CONTEXT() REPRESENTATION_CONTEXT('2D SPACE',''
  ) );
#179 = PCURVE('',#180,#185);
#180 = PLANE('',#181);
#181 = AXIS2_PLACEMENT_3D('',#182,#183,#184);
#182 = CARTESIAN_POINT('',(-19.6,15.384850560442,11.008106586105));
#183 = DIRECTION('',(1.,0.,0.));
#184 = DIRECTION('',(0.,-0.906307787037,0.422618261741));
#185 = DEFINITIONAL_REPRESENTATION('',(#186),#190);
#186 = LINE('',#187,#188);
#187 = CARTESIAN_POINT('',(2.9,8.881784197001E-16));
#188 = VECTOR('',#189,1.);
#189 = DIRECTION('',(0.,-1.));
#190 = ( GEOMETRIC_REPRESENTATION_CONTEXT(2) 
PARAMETRIC_REPRESENTATION_CONTEXT() REPRESENTATION_CONTEXT('2D SPACE',''
  ) );
#191 = ORIENTED_EDGE('',*,*,#192,.F.);
#192 = EDGE_CURVE('',#193,#165,#195,.T.);
#193 = VERTEX_POINT('',#194);
#194 = CARTESIAN_POINT('',(-14.,16.378043355664,20.));
#195 = SURFACE_CURVE('',#196,(#200,#206),.PCURVE_S1.);
#196 = LINE('',#197,#198);
#197 = CARTESIAN_POINT('',(-26.6,16.378043355664,20.));
#198 = VECTOR('',#199,1.);
#199 = DIRECTION('',(-1.,0.,0.));
#200 = PCURVE('',#44,#201);
#201 = DEFINITIONAL_REPRESENTATION('',(#202),#205);
#202 = B_SPLINE_CURVE_WITH_KNOTS('',1,(#203,#204),.UNSPECIFIED.,.F.,.F.,
  (2,2),(-12.6,-3.4),.PIECEWISE_BEZIER_KNOTS.);
#203 = CARTESIAN_POINT('',(9.2,-9.830835566094));
#204 = CARTESIAN_POINT('',(-4.440892098501E-15,-9.830835566094));
#205 = ( GEOMETRIC_REPRESENTATION_CONTEXT(2) 
PARAMETRIC_REPRESENTATION_CONTEXT() REPRESENTATION_CONTEXT('2D SPACE',''
  ) );
#206 = PCURVE('',#207,#212);
#207 = PLANE('',#208);
#208 = AXIS2_PLACEMENT_3D('',#209,#210,#211);
#209 = CARTESIAN_POINT('',(-30.,12.,20.));
#210 = DIRECTION('',(0.,0.,1.));
#211 = DIRECTION('',(1.,0.,0.));
#212 = DEFINITIONAL_REPRESENTATION('',(#213),#217);
#213 = LINE('',#214,#215);
#214 = CARTESIAN_POINT('',(3.4,4.378043355664));
#215 = VECTOR('',#216,1.);
#216 = DIRECTION('',(-1.,0.));
#217 = ( GEOMETRIC_REPRESENTATION_CONTEXT(2) 
PARAMETRIC_REPRESENTATION_CONTEXT() REPRESENTATION_CONTEXT('2D SPACE',''
  ) );
#218 = ORIENTED_EDGE('',*,*,#219,.F.);
#219 = EDGE_CURVE('',#220,#193,#222,.T.);
#220 = VERTEX_POINT('',#221);
#221 = CARTESIAN_POINT('',(-14.,15.712065217661,18.571805274145));
#222 = SURFACE_CURVE('',#223,(#227,#233),.PCURVE_S1.);
#223 = LINE('',#224,#225);
#224 = CARTESIAN_POINT('',(-14.,17.489882509532,22.384346759964));
#225 = VECTOR('',#226,1.);
#226 = DIRECTION('',(-0.,0.422618261741,0.906307787037));
#227 = PCURVE('',#44,#228);
#228 = DEFINITIONAL_REPRESENTATION('',(#229),#232);
#229 = B_SPLINE_CURVE_WITH_KNOTS('',1,(#230,#231),.UNSPECIFIED.,.F.,.F.,
  (2,2),(-5.940969322982,-2.630835566094),.PIECEWISE_BEZIER_KNOTS.);
#230 = CARTESIAN_POINT('',(9.2,-13.14096932298));
#231 = CARTESIAN_POINT('',(9.2,-9.830835566094));
#232 = ( GEOMETRIC_REPRESENTATION_CONTEXT(2) 
PARAMETRIC_REPRESENTATION_CONTEXT() REPRESENTATION_CONTEXT('2D SPACE',''
  ) );
#233 = PCURVE('',#234,#239);
#234 = PLANE('',#235);
#235 = AXIS2_PLACEMENT_3D('',#236,#237,#238);
#236 = CARTESIAN_POINT('',(-14.,12.,17.));
#237 = DIRECTION('',(1.,0.,0.));
#238 = DIRECTION('',(0.,0.,1.));
#239 = DEFINITIONAL_REPRESENTATION('',(#240),#243);
#240 = B_SPLINE_CURVE_WITH_KNOTS('',1,(#241,#242),.UNSPECIFIED.,.F.,.F.,
  (2,2),(-5.940969322982,-2.630835566094),.PIECEWISE_BEZIER_KNOTS.);
#241 = CARTESIAN_POINT('',(0.,-2.979120381199));
#242 = CARTESIAN_POINT('',(3.,-4.378043355664));
#243 = ( GEOMETRIC_REPRESENTATION_CONTEXT(2) 
PARAMETRIC_REPRESENTATION_CONTEXT() REPRESENTATION_CONTEXT('2D SPACE',''
  ) );
#244 = ORIENTED_EDGE('',*,*,#245,.T.);
#245 = EDGE_CURVE('',#220,#246,#248,.T.);
#246 = VERTEX_POINT('',#247);
#247 = CARTESIAN_POINT('',(-12.4,14.447031024999,15.8589306933));
#248 = SURFACE_CURVE('',#249,(#254,#265),.PCURVE_S1.);
#249 = CIRCLE('',#250,3.6);
#250 = AXIS2_PLACEMENT_3D('',#251,#252,#253);
#251 = CARTESIAN_POINT('',(-16.,14.447031024999,15.8589306933));
#252 = DIRECTION('',(0.,0.906307787037,-0.422618261741));
#253 = DIRECTION('',(1.,0.,0.));
#254 = PCURVE('',#44,#255);
#255 = DEFINITIONAL_REPRESENTATION('',(#256),#264);
#256 = ( BOUNDED_CURVE() B_SPLINE_CURVE(2,(#257,#258,#259,#260,#261,#262
,#263),.UNSPECIFIED.,.T.,.F.) B_SPLINE_CURVE_WITH_KNOTS((1,2,2,2,2,1),(
    -2.094395102393,0.,2.094395102393,4.188790204786,6.28318530718,
8.377580409573),.UNSPECIFIED.) CURVE() GEOMETRIC_REPRESENTATION_ITEM() 
RATIONAL_B_SPLINE_CURVE((1.,0.5,1.,0.5,1.,0.5,1.)) REPRESENTATION_ITEM(
  '') );
#257 = CARTESIAN_POINT('',(10.8,-14.4));
#258 = CARTESIAN_POINT('',(10.8,-20.63538290724));
#259 = CARTESIAN_POINT('',(5.4,-17.51769145362));
#260 = CARTESIAN_POINT('',(1.7763568394E-15,-14.4));
#261 = CARTESIAN_POINT('',(5.4,-11.28230854637));
#262 = CARTESIAN_POINT('',(10.8,-8.164617092752));
#263 = CARTESIAN_POINT('',(10.8,-14.4));
#264 = ( GEOMETRIC_REPRESENTATION_CONTEXT(2) 
PARAMETRIC_REPRESENTATION_CONTEXT() REPRESENTATION_CONTEXT('2D SPACE',''
  ) );
#265 = PCURVE('',#266,#271);
#266 = CYLINDRICAL_SURFACE('',#267,3.6);
#267 = AXIS2_PLACEMENT_3D('',#268,#269,#270);
#268 = CARTESIAN_POINT('',(-16.,17.075323607405,14.633337734252));
#269 = DIRECTION('',(-0.,0.906307787037,-0.422618261741));
#270 = DIRECTION('',(1.,0.,0.));
#271 = DEFINITIONAL_REPRESENTATION('',(#272),#275);
#272 = B_SPLINE_CURVE_WITH_KNOTS('',1,(#273,#274),.UNSPECIFIED.,.F.,.F.,
  (2,2),(5.301419950601,6.28318530718),.PIECEWISE_BEZIER_KNOTS.);
#273 = CARTESIAN_POINT('',(-7.264950663758,-2.9));
#274 = CARTESIAN_POINT('',(-6.28318530718,-2.9));
#275 = ( GEOMETRIC_REPRESENTATION_CONTEXT(2) 
PARAMETRIC_REPRESENTATION_CONTEXT() REPRESENTATION_CONTEXT('2D SPACE',''
  ) );
#276 = ORIENTED_EDGE('',*,*,#277,.T.);
#277 = EDGE_CURVE('',#246,#278,#280,.T.);
#278 = VERTEX_POINT('',#279);
#279 = CARTESIAN_POINT('',(-12.4,20.532733994065,28.909762826628));
#280 = SURFACE_CURVE('',#281,(#285,#292),.PCURVE_S1.);
#281 = LINE('',#282,#283);
#282 = CARTESIAN_POINT('',(-12.4,12.756557978036,12.233699545154));
#283 = VECTOR('',#284,1.);
#284 = DIRECTION('',(0.,0.422618261741,0.906307787037));
#285 = PCURVE('',#44,#286);
#286 = DEFINITIONAL_REPRESENTATION('',(#287),#291);
#287 = LINE('',#288,#289);
#288 = CARTESIAN_POINT('',(10.8,-18.4));
#289 = VECTOR('',#290,1.);
#290 = DIRECTION('',(0.,1.));
#291 = ( GEOMETRIC_REPRESENTATION_CONTEXT(2) 
PARAMETRIC_REPRESENTATION_CONTEXT() REPRESENTATION_CONTEXT('2D SPACE',''
  ) );
#292 = PCURVE('',#293,#298);
#293 = PLANE('',#294);
#294 = AXIS2_PLACEMENT_3D('',#295,#296,#297);
#295 = CARTESIAN_POINT('',(-12.4,15.384850560442,11.008106586105));
#296 = DIRECTION('',(1.,0.,0.));
#297 = DIRECTION('',(0.,-0.906307787037,0.422618261741));
#298 = DEFINITIONAL_REPRESENTATION('',(#299),#303);
#299 = LINE('',#300,#301);
#300 = CARTESIAN_POINT('',(2.9,8.881784197001E-16));
#301 = VECTOR('',#302,1.);
#302 = DIRECTION('',(0.,-1.));
#303 = ( GEOMETRIC_REPRESENTATION_CONTEXT(2) 
PARAMETRIC_REPRESENTATION_CONTEXT() REPRESENTATION_CONTEXT('2D SPACE',''
  ) );
#304 = ORIENTED_EDGE('',*,*,#305,.T.);
#305 = EDGE_CURVE('',#278,#306,#308,.T.);
#306 = VERTEX_POINT('',#307);
#307 = CARTESIAN_POINT('',(12.4,20.532733994065,28.909762826628));
#308 = SURFACE_CURVE('',#309,(#313,#320),.PCURVE_S1.);
#309 = LINE('',#310,#311);
#310 = CARTESIAN_POINT('',(-23.2,20.532733994065,28.909762826628));
#311 = VECTOR('',#312,1.);
#312 = DIRECTION('',(1.,0.,0.));
#313 = PCURVE('',#44,#314);
#314 = DEFINITIONAL_REPRESENTATION('',(#315),#319);
#315 = LINE('',#316,#317);
#316 = CARTESIAN_POINT('',(0.,0.));
#317 = VECTOR('',#318,1.);
#318 = DIRECTION('',(1.,0.));
#319 = ( GEOMETRIC_REPRESENTATION_CONTEXT(2) 
PARAMETRIC_REPRESENTATION_CONTEXT() REPRESENTATION_CONTEXT('2D SPACE',''
  ) );
#320 = PCURVE('',#321,#326);
#321 = PLANE('',#322);
#322 = AXIS2_PLACEMENT_3D('',#323,#324,#325);
#323 = CARTESIAN_POINT('',(-23.2,22.254718789435,28.106788129321));
#324 = DIRECTION('',(0.,0.422618261741,0.906307787037));
#325 = DIRECTION('',(0.,-0.906307787037,0.422618261741));
#326 = DEFINITIONAL_REPRESENTATION('',(#327),#331);
#327 = LINE('',#328,#329);
#328 = CARTESIAN_POINT('',(1.9,0.));
#329 = VECTOR('',#330,1.);
#330 = DIRECTION('',(0.,1.));
#331 = ( GEOMETRIC_REPRESENTATION_CONTEXT(2) 
PARAMETRIC_REPRESENTATION_CONTEXT() REPRESENTATION_CONTEXT('2D SPACE',''
  ) );
#332 = ORIENTED_EDGE('',*,*,#333,.F.);
#333 = EDGE_CURVE('',#334,#306,#336,.T.);
#334 = VERTEX_POINT('',#335);
#335 = CARTESIAN_POINT('',(12.4,14.447031024999,15.8589306933));
#336 = SURFACE_CURVE('',#337,(#341,#348),.PCURVE_S1.);
#337 = LINE('',#338,#339);
#338 = CARTESIAN_POINT('',(12.4,12.756557978036,12.233699545154));
#339 = VECTOR('',#340,1.);
#340 = DIRECTION('',(0.,0.422618261741,0.906307787037));
#341 = PCURVE('',#44,#342);
#342 = DEFINITIONAL_REPRESENTATION('',(#343),#347);
#343 = LINE('',#344,#345);
#344 = CARTESIAN_POINT('',(35.6,-18.4));
#345 = VECTOR('',#346,1.);
#346 = DIRECTION('',(0.,1.));
#347 = ( GEOMETRIC_REPRESENTATION_CONTEXT(2) 
PARAMETRIC_REPRESENTATION_CONTEXT() REPRESENTATION_CONTEXT('2D SPACE',''
  ) );
#348 = PCURVE('',#349,#354);
#349 = PLANE('',#350);
#350 = AXIS2_PLACEMENT_3D('',#351,#352,#353);
#351 = CARTESIAN_POINT('',(12.4,15.384850560442,11.008106586105));
#352 = DIRECTION('',(1.,0.,0.));
#353 = DIRECTION('',(0.,-0.906307787037,0.422618261741));
#354 = DEFINITIONAL_REPRESENTATION('',(#355),#359);
#355 = LINE('',#356,#357);
#356 = CARTESIAN_POINT('',(2.9,8.881784197001E-16));
#357 = VECTOR('',#358,1.);
#358 = DIRECTION('',(0.,-1.));
#359 = ( GEOMETRIC_REPRESENTATION_CONTEXT(2) 
PARAMETRIC_REPRESENTATION_CONTEXT() REPRESENTATION_CONTEXT('2D SPACE',''
  ) );
#360 = ORIENTED_EDGE('',*,*,#361,.T.);
#361 = EDGE_CURVE('',#334,#362,#364,.T.);
#362 = VERTEX_POINT('',#363);
#363 = CARTESIAN_POINT('',(14.,15.712065217661,18.571805274145));
#364 = SURFACE_CURVE('',#365,(#370,#381),.PCURVE_S1.);
#365 = CIRCLE('',#366,3.6);
#366 = AXIS2_PLACEMENT_3D('',#367,#368,#369);
#367 = CARTESIAN_POINT('',(16.,14.447031024999,15.8589306933));
#368 = DIRECTION('',(0.,0.906307787037,-0.422618261741));
#369 = DIRECTION('',(1.,0.,0.));
#370 = PCURVE('',#44,#371);
#371 = DEFINITIONAL_REPRESENTATION('',(#372),#380);
#372 = ( BOUNDED_CURVE() B_SPLINE_CURVE(2,(#373,#374,#375,#376,#377,#378
,#379),.UNSPECIFIED.,.T.,.F.) B_SPLINE_CURVE_WITH_KNOTS((1,2,2,2,2,1),(
    -2.094395102393,0.,2.094395102393,4.188790204786,6.28318530718,
8.377580409573),.UNSPECIFIED.) CURVE() GEOMETRIC_REPRESENTATION_ITEM() 
RATIONAL_B_SPLINE_CURVE((1.,0.5,1.,0.5,1.,0.5,1.)) REPRESENTATION_ITEM(
  '') );
#373 = CARTESIAN_POINT('',(42.8,-14.4));
#374 = CARTESIAN_POINT('',(42.8,-20.63538290724));
#375 = CARTESIAN_POINT('',(37.4,-17.51769145362));
#376 = CARTESIAN_POINT('',(32.,-14.4));
#377 = CARTESIAN_POINT('',(37.4,-11.28230854637));
#378 = CARTESIAN_POINT('',(42.8,-8.164617092752));
#379 = CARTESIAN_POINT('',(42.8,-14.4));
#380 = ( GEOMETRIC_REPRESENTATION_CONTEXT(2) 
PARAMETRIC_REPRESENTATION_CONTEXT() REPRESENTATION_CONTEXT('2D SPACE',''
  ) );
#381 = PCURVE('',#382,#387);
#382 = CYLINDRICAL_SURFACE('',#383,3.6);
#383 = AXIS2_PLACEMENT_3D('',#384,#385,#386);
#384 = CARTESIAN_POINT('',(16.,17.075323607405,14.633337734252));
#385 = DIRECTION('',(-0.,0.906307787037,-0.422618261741));
#386 = DIRECTION('',(1.,0.,0.));
#387 = DEFINITIONAL_REPRESENTATION('',(#388),#391);
#388 = B_SPLINE_CURVE_WITH_KNOTS('',1,(#389,#390),.UNSPECIFIED.,.F.,.F.,
  (2,2),(3.14159265359,4.123358010168),.PIECEWISE_BEZIER_KNOTS.);
#389 = CARTESIAN_POINT('',(-3.14159265359,-2.9));
#390 = CARTESIAN_POINT('',(-2.159827297011,-2.9));
#391 = ( GEOMETRIC_REPRESENTATION_CONTEXT(2) 
PARAMETRIC_REPRESENTATION_CONTEXT() REPRESENTATION_CONTEXT('2D SPACE',''
  ) );
#392 = ORIENTED_EDGE('',*,*,#393,.T.);
#393 = EDGE_CURVE('',#362,#394,#396,.T.);
#394 = VERTEX_POINT('',#395);
#395 = CARTESIAN_POINT('',(14.,16.378043355664,20.));
#396 = SURFACE_CURVE('',#397,(#401,#407),.PCURVE_S1.);
#397 = LINE('',#398,#399);
#398 = CARTESIAN_POINT('',(14.,17.489882509532,22.384346759964));
#399 = VECTOR('',#400,1.);
#400 = DIRECTION('',(-0.,0.422618261741,0.906307787037));
#401 = PCURVE('',#44,#402);
#402 = DEFINITIONAL_REPRESENTATION('',(#403),#406);
#403 = B_SPLINE_CURVE_WITH_KNOTS('',1,(#404,#405),.UNSPECIFIED.,.F.,.F.,
  (2,2),(-5.940969322982,-2.630835566094),.PIECEWISE_BEZIER_KNOTS.);
#404 = CARTESIAN_POINT('',(37.2,-13.14096932298));
#405 = CARTESIAN_POINT('',(37.2,-9.830835566094));
#406 = ( GEOMETRIC_REPRESENTATION_CONTEXT(2) 
PARAMETRIC_REPRESENTATION_CONTEXT() REPRESENTATION_CONTEXT('2D SPACE',''
  ) );
#407 = PCURVE('',#408,#413);
#408 = PLANE('',#409);
#409 = AXIS2_PLACEMENT_3D('',#410,#411,#412);
#410 = CARTESIAN_POINT('',(14.,12.,17.));
#411 = DIRECTION('',(1.,0.,0.));
#412 = DIRECTION('',(0.,0.,1.));
#413 = DEFINITIONAL_REPRESENTATION('',(#414),#417);
#414 = B_SPLINE_CURVE_WITH_KNOTS('',1,(#415,#416),.UNSPECIFIED.,.F.,.F.,
  (2,2),(-5.940969322982,-2.630835566094),.PIECEWISE_BEZIER_KNOTS.);
#415 = CARTESIAN_POINT('',(0.,-2.979120381199));
#416 = CARTESIAN_POINT('',(3.,-4.378043355664));
#417 = ( GEOMETRIC_REPRESENTATION_CONTEXT(2) 
PARAMETRIC_REPRESENTATION_CONTEXT() REPRESENTATION_CONTEXT('2D SPACE',''
  ) );
#418 = ORIENTED_EDGE('',*,*,#419,.F.);
#419 = EDGE_CURVE('',#420,#394,#422,.T.);
#420 = VERTEX_POINT('',#421);
#421 = CARTESIAN_POINT('',(19.6,16.378043355664,20.));
#422 = SURFACE_CURVE('',#423,(#427,#433),.PCURVE_S1.);
#423 = LINE('',#424,#425);
#424 = CARTESIAN_POINT('',(-4.6,16.378043355664,20.));
#425 = VECTOR('',#426,1.);
#426 = DIRECTION('',(-1.,0.,0.));
#427 = PCURVE('',#44,#428);
#428 = DEFINITIONAL_REPRESENTATION('',(#429),#432);
#429 = B_SPLINE_CURVE_WITH_KNOTS('',1,(#430,#431),.UNSPECIFIED.,.F.,.F.,
  (2,2),(-27.8,-18.6),.PIECEWISE_BEZIER_KNOTS.);
#430 = CARTESIAN_POINT('',(46.4,-9.830835566094));
#431 = CARTESIAN_POINT('',(37.2,-9.830835566094));
#432 = ( GEOMETRIC_REPRESENTATION_CONTEXT(2) 
PARAMETRIC_REPRESENTATION_CONTEXT() REPRESENTATION_CONTEXT('2D SPACE',''
  ) );
#433 = PCURVE('',#434,#439);
#434 = PLANE('',#435);
#435 = AXIS2_PLACEMENT_3D('',#436,#437,#438);
#436 = CARTESIAN_POINT('',(14.,12.,20.));
#437 = DIRECTION('',(0.,0.,1.));
#438 = DIRECTION('',(1.,0.,0.));
#439 = DEFINITIONAL_REPRESENTATION('',(#440),#444);
#440 = LINE('',#441,#442);
#441 = CARTESIAN_POINT('',(-18.6,4.378043355664));
#442 = VECTOR('',#443,1.);
#443 = DIRECTION('',(-1.,0.));
#444 = ( GEOMETRIC_REPRESENTATION_CONTEXT(2) 
PARAMETRIC_REPRESENTATION_CONTEXT() REPRESENTATION_CONTEXT('2D SPACE',''
  ) );
#445 = ORIENTED_EDGE('',*,*,#446,.T.);
#446 = EDGE_CURVE('',#420,#447,#449,.T.);
#447 = VERTEX_POINT('',#448);
#448 = CARTESIAN_POINT('',(19.6,20.532733994065,28.909762826628));
#449 = SURFACE_CURVE('',#450,(#454,#461),.PCURVE_S1.);
#450 = LINE('',#451,#452);
#451 = CARTESIAN_POINT('',(19.6,12.756557978036,12.233699545154));
#452 = VECTOR('',#453,1.);
#453 = DIRECTION('',(0.,0.422618261741,0.906307787037));
#454 = PCURVE('',#44,#455);
#455 = DEFINITIONAL_REPRESENTATION('',(#456),#460);
#456 = LINE('',#457,#458);
#457 = CARTESIAN_POINT('',(42.8,-18.4));
#458 = VECTOR('',#459,1.);
#459 = DIRECTION('',(0.,1.));
#460 = ( GEOMETRIC_REPRESENTATION_CONTEXT(2) 
PARAMETRIC_REPRESENTATION_CONTEXT() REPRESENTATION_CONTEXT('2D SPACE',''
  ) );
#461 = PCURVE('',#462,#467);
#462 = PLANE('',#463);
#463 = AXIS2_PLACEMENT_3D('',#464,#465,#466);
#464 = CARTESIAN_POINT('',(19.6,15.384850560442,11.008106586105));
#465 = DIRECTION('',(1.,0.,0.));
#466 = DIRECTION('',(0.,-0.906307787037,0.422618261741));
#467 = DEFINITIONAL_REPRESENTATION('',(#468),#472);
#468 = LINE('',#469,#470);
#469 = CARTESIAN_POINT('',(2.9,8.881784197001E-16));
#470 = VECTOR('',#471,1.);
#471 = DIRECTION('',(0.,-1.));
#472 = ( GEOMETRIC_REPRESENTATION_CONTEXT(2) 
PARAMETRIC_REPRESENTATION_CONTEXT() REPRESENTATION_CONTEXT('2D SPACE',''
  ) );
#473 = ORIENTED_EDGE('',*,*,#474,.T.);
#474 = EDGE_CURVE('',#447,#475,#477,.T.);
#475 = VERTEX_POINT('',#476);
#476 = CARTESIAN_POINT('',(21.3,20.532733994065,28.909762826628));
#477 = SURFACE_CURVE('',#478,(#482,#489),.PCURVE_S1.);
#478 = LINE('',#479,#480);
#479 = CARTESIAN_POINT('',(-23.2,20.532733994065,28.909762826628));
#480 = VECTOR('',#481,1.);
#481 = DIRECTION('',(1.,0.,0.));
#482 = PCURVE('',#44,#483);
#483 = DEFINITIONAL_REPRESENTATION('',(#484),#488);
#484 = LINE('',#485,#486);
#485 = CARTESIAN_POINT('',(0.,0.));
#486 = VECTOR('',#487,1.);
#487 = DIRECTION('',(1.,0.));
#488 = ( GEOMETRIC_REPRESENTATION_CONTEXT(2) 
PARAMETRIC_REPRESENTATION_CONTEXT() REPRESENTATION_CONTEXT('2D SPACE',''
  ) );
#489 = PCURVE('',#490,#495);
#490 = PLANE('',#491);
#491 = AXIS2_PLACEMENT_3D('',#492,#493,#494);
#492 = CARTESIAN_POINT('',(-23.2,22.254718789435,28.106788129321));
#493 = DIRECTION('',(0.,0.422618261741,0.906307787037));
#494 = DIRECTION('',(0.,-0.906307787037,0.422618261741));
#495 = DEFINITIONAL_REPRESENTATION('',(#496),#500);
#496 = LINE('',#497,#498);
#497 = CARTESIAN_POINT('',(1.9,0.));
#498 = VECTOR('',#499,1.);
#499 = DIRECTION('',(0.,1.));
#500 = ( GEOMETRIC_REPRESENTATION_CONTEXT(2) 
PARAMETRIC_REPRESENTATION_CONTEXT() REPRESENTATION_CONTEXT('2D SPACE',''
  ) );
#501 = ORIENTED_EDGE('',*,*,#502,.F.);
#502 = EDGE_CURVE('',#503,#475,#505,.T.);
#503 = VERTEX_POINT('',#504);
#504 = CARTESIAN_POINT('',(23.2,21.335708691372,30.631747621998));
#505 = SURFACE_CURVE('',#506,(#511,#522),.PCURVE_S1.);
#506 = CIRCLE('',#507,1.9);
#507 = AXIS2_PLACEMENT_3D('',#508,#509,#510);
#508 = CARTESIAN_POINT('',(21.3,21.335708691372,30.631747621998));
#509 = DIRECTION('',(0.,0.906307787037,-0.422618261741));
#510 = DIRECTION('',(0.,-0.422618261741,-0.906307787037));
#511 = PCURVE('',#44,#512);
#512 = DEFINITIONAL_REPRESENTATION('',(#513),#521);
#513 = ( BOUNDED_CURVE() B_SPLINE_CURVE(2,(#514,#515,#516,#517,#518,#519
,#520),.UNSPECIFIED.,.T.,.F.) B_SPLINE_CURVE_WITH_KNOTS((1,2,2,2,2,1),(
    -2.094395102393,0.,2.094395102393,4.188790204786,6.28318530718,
8.377580409573),.UNSPECIFIED.) CURVE() GEOMETRIC_REPRESENTATION_ITEM() 
RATIONAL_B_SPLINE_CURVE((1.,0.5,1.,0.5,1.,0.5,1.)) REPRESENTATION_ITEM(
  '') );
#514 = CARTESIAN_POINT('',(44.5,0.));
#515 = CARTESIAN_POINT('',(41.209103465619,0.));
#516 = CARTESIAN_POINT('',(42.85455173281,2.85));
#517 = CARTESIAN_POINT('',(44.5,5.7));
#518 = CARTESIAN_POINT('',(46.14544826719,2.85));
#519 = CARTESIAN_POINT('',(47.790896534381,2.886579864025E-15));
#520 = CARTESIAN_POINT('',(44.5,0.));
#521 = ( GEOMETRIC_REPRESENTATION_CONTEXT(2) 
PARAMETRIC_REPRESENTATION_CONTEXT() REPRESENTATION_CONTEXT('2D SPACE',''
  ) );
#522 = PCURVE('',#523,#528);
#523 = CYLINDRICAL_SURFACE('',#524,1.9);
#524 = AXIS2_PLACEMENT_3D('',#525,#526,#527);
#525 = CARTESIAN_POINT('',(21.3,23.057693486742,29.82877292469));
#526 = DIRECTION('',(0.,-0.906307787037,0.422618261741));
#527 = DIRECTION('',(1.,0.,0.));
#528 = DEFINITIONAL_REPRESENTATION('',(#529),#533);
#529 = LINE('',#530,#531);
#530 = CARTESIAN_POINT('',(4.712388980385,1.9));
#531 = VECTOR('',#532,1.);
#532 = DIRECTION('',(-1.,0.));
#533 = ( GEOMETRIC_REPRESENTATION_CONTEXT(2) 
PARAMETRIC_REPRESENTATION_CONTEXT() REPRESENTATION_CONTEXT('2D SPACE',''
  ) );
#534 = ORIENTED_EDGE('',*,*,#535,.T.);
#535 = EDGE_CURVE('',#503,#536,#538,.T.);
#536 = VERTEX_POINT('',#537);
#537 = CARTESIAN_POINT('',(23.2,21.737258300203,31.492873537063));
#538 = SURFACE_CURVE('',#539,(#543,#550),.PCURVE_S1.);
#539 = LINE('',#540,#541);
#540 = CARTESIAN_POINT('',(23.2,20.532733994065,28.909762826628));
#541 = VECTOR('',#542,1.);
#542 = DIRECTION('',(0.,0.422618261741,0.906307787037));
#543 = PCURVE('',#44,#544);
#544 = DEFINITIONAL_REPRESENTATION('',(#545),#549);
#545 = LINE('',#546,#547);
#546 = CARTESIAN_POINT('',(46.4,0.));
#547 = VECTOR('',#548,1.);
#548 = DIRECTION('',(0.,1.));
#549 = ( GEOMETRIC_REPRESENTATION_CONTEXT(2) 
PARAMETRIC_REPRESENTATION_CONTEXT() REPRESENTATION_CONTEXT('2D SPACE',''
  ) );
#550 = PCURVE('',#551,#556);
#551 = PLANE('',#552);
#552 = AXIS2_PLACEMENT_3D('',#553,#554,#555);
#553 = CARTESIAN_POINT('',(23.2,22.254718789435,28.106788129321));
#554 = DIRECTION('',(1.,0.,0.));
#555 = DIRECTION('',(0.,-0.906307787037,0.422618261741));
#556 = DEFINITIONAL_REPRESENTATION('',(#557),#561);
#557 = LINE('',#558,#559);
#558 = CARTESIAN_POINT('',(1.9,1.998401444325E-15));
#559 = VECTOR('',#560,1.);
#560 = DIRECTION('',(0.,-1.));
#561 = ( GEOMETRIC_REPRESENTATION_CONTEXT(2) 
PARAMETRIC_REPRESENTATION_CONTEXT() REPRESENTATION_CONTEXT('2D SPACE',''
  ) );
#562 = ORIENTED_EDGE('',*,*,#563,.F.);
#563 = EDGE_CURVE('',#564,#536,#566,.T.);
#564 = VERTEX_POINT('',#565);
#565 = CARTESIAN_POINT('',(23.2,26.262741699797,41.197804006143));
#566 = SURFACE_CURVE('',#567,(#572,#579),.PCURVE_S1.);
#567 = ELLIPSE('',#568,8.518325699349,3.6);
#568 = AXIS2_PLACEMENT_3D('',#569,#570,#571);
#569 = CARTESIAN_POINT('',(26.,24.,36.345338771603));
#570 = DIRECTION('',(0.,-0.906307787037,0.422618261741));
#571 = DIRECTION('',(0.,-0.422618261741,-0.906307787037));
#572 = PCURVE('',#44,#573);
#573 = DEFINITIONAL_REPRESENTATION('',(#574),#578);
#574 = ELLIPSE('',#575,8.518325699349,3.6);
#575 = AXIS2_PLACEMENT_2D('',#576,#577);
#576 = CARTESIAN_POINT('',(49.2,8.204250312454));
#577 = DIRECTION('',(0.,-1.));
#578 = ( GEOMETRIC_REPRESENTATION_CONTEXT(2) 
PARAMETRIC_REPRESENTATION_CONTEXT() REPRESENTATION_CONTEXT('2D SPACE',''
  ) );
#579 = PCURVE('',#580,#585);
#580 = CYLINDRICAL_SURFACE('',#581,3.6);
#581 = AXIS2_PLACEMENT_3D('',#582,#583,#584);
#582 = CARTESIAN_POINT('',(26.,24.,20.));
#583 = DIRECTION('',(-0.,-0.,-1.));
#584 = DIRECTION('',(1.,0.,0.));
#585 = DEFINITIONAL_REPRESENTATION('',(#586),#610);
#586 = B_SPLINE_CURVE_WITH_KNOTS('',8,(#587,#588,#589,#590,#591,#592,
    #593,#594,#595,#596,#597,#598,#599,#600,#601,#602,#603,#604,#605,
    #606,#607,#608,#609),.UNSPECIFIED.,.F.,.F.,(9,7,7,9),(2.605115640216
    ,3.6587523103,5.239207315427,6.819662320554),.UNSPECIFIED.);
#587 = CARTESIAN_POINT('',(-1.034319313421,-22.98098517975));
#588 = CARTESIAN_POINT('',(-1.166023897181,-23.50067733981));
#589 = CARTESIAN_POINT('',(-1.297728480942,-23.88882331668));
#590 = CARTESIAN_POINT('',(-1.429433064702,-24.13168907022));
#591 = CARTESIAN_POINT('',(-1.561137648463,-24.22039876135));
#592 = CARTESIAN_POINT('',(-1.692842232223,-24.15172505289));
#593 = CARTESIAN_POINT('',(-1.824546815984,-23.92836200366));
#594 = CARTESIAN_POINT('',(-1.956251399745,-23.55868055579));
#595 = CARTESIAN_POINT('',(-2.285512859146,-22.30189570431));
#596 = CARTESIAN_POINT('',(-2.483069734783,-21.24850178176));
#597 = CARTESIAN_POINT('',(-2.68062661043,-19.94063559098));
#598 = CARTESIAN_POINT('',(-2.878183486047,-18.44804672787));
#599 = CARTESIAN_POINT('',(-3.075740361714,-16.85987700248));
#600 = CARTESIAN_POINT('',(-3.273297237348,-15.27362907078));
#601 = CARTESIAN_POINT('',(-3.470854112991,-13.78210628737));
#602 = CARTESIAN_POINT('',(-3.865967864273,-11.14533505342));
#603 = CARTESIAN_POINT('',(-4.063524739912,-10.00008594821));
#604 = CARTESIAN_POINT('',(-4.261081615548,-9.106382287751));
#605 = CARTESIAN_POINT('',(-4.458638491182,-8.528209183256));
#606 = CARTESIAN_POINT('',(-4.656195366832,-8.30537215223));
#607 = CARTESIAN_POINT('',(-4.853752242477,-8.446594020039));
#608 = CARTESIAN_POINT('',(-5.051309118118,-8.930154123359));
#609 = CARTESIAN_POINT('',(-5.248865993759,-9.709692363451));
#610 = ( GEOMETRIC_REPRESENTATION_CONTEXT(2) 
PARAMETRIC_REPRESENTATION_CONTEXT() REPRESENTATION_CONTEXT('2D SPACE',''
  ) );
#611 = ORIENTED_EDGE('',*,*,#612,.T.);
#612 = EDGE_CURVE('',#564,#613,#615,.T.);
#613 = VERTEX_POINT('',#614);
#614 = CARTESIAN_POINT('',(23.2,32.915449063068,55.464580986802));
#615 = SURFACE_CURVE('',#616,(#620,#627),.PCURVE_S1.);
#616 = LINE('',#617,#618);
#617 = CARTESIAN_POINT('',(23.2,20.532733994065,28.909762826628));
#618 = VECTOR('',#619,1.);
#619 = DIRECTION('',(0.,0.422618261741,0.906307787037));
#620 = PCURVE('',#44,#621);
#621 = DEFINITIONAL_REPRESENTATION('',(#622),#626);
#622 = LINE('',#623,#624);
#623 = CARTESIAN_POINT('',(46.4,0.));
#624 = VECTOR('',#625,1.);
#625 = DIRECTION('',(0.,1.));
#626 = ( GEOMETRIC_REPRESENTATION_CONTEXT(2) 
PARAMETRIC_REPRESENTATION_CONTEXT() REPRESENTATION_CONTEXT('2D SPACE',''
  ) );
#627 = PCURVE('',#628,#633);
#628 = PLANE('',#629);
#629 = AXIS2_PLACEMENT_3D('',#630,#631,#632);
#630 = CARTESIAN_POINT('',(23.2,22.254718789435,28.106788129321));
#631 = DIRECTION('',(1.,0.,0.));
#632 = DIRECTION('',(0.,-0.906307787037,0.422618261741));
#633 = DEFINITIONAL_REPRESENTATION('',(#634),#638);
#634 = LINE('',#635,#636);
#635 = CARTESIAN_POINT('',(1.9,1.998401444325E-15));
#636 = VECTOR('',#637,1.);
#637 = DIRECTION('',(0.,-1.));
#638 = ( GEOMETRIC_REPRESENTATION_CONTEXT(2) 
PARAMETRIC_REPRESENTATION_CONTEXT() REPRESENTATION_CONTEXT('2D SPACE',''
  ) );
#639 = ORIENTED_EDGE('',*,*,#640,.T.);
#640 = EDGE_CURVE('',#613,#641,#643,.T.);
#641 = VERTEX_POINT('',#642);
#642 = CARTESIAN_POINT('',(21.3,33.718423760375,57.186565782171));
#643 = SURFACE_CURVE('',#644,(#649,#656),.PCURVE_S1.);
#644 = CIRCLE('',#645,1.9);
#645 = AXIS2_PLACEMENT_3D('',#646,#647,#648);
#646 = CARTESIAN_POINT('',(21.3,32.915449063068,55.464580986802));
#647 = DIRECTION('',(0.,-0.906307787037,0.422618261741));
#648 = DIRECTION('',(0.,-0.422618261741,-0.906307787037));
#649 = PCURVE('',#44,#650);
#650 = DEFINITIONAL_REPRESENTATION('',(#651),#655);
#651 = CIRCLE('',#652,1.9);
#652 = AXIS2_PLACEMENT_2D('',#653,#654);
#653 = CARTESIAN_POINT('',(44.5,29.3));
#654 = DIRECTION('',(0.,-1.));
#655 = ( GEOMETRIC_REPRESENTATION_CONTEXT(2) 
PARAMETRIC_REPRESENTATION_CONTEXT() REPRESENTATION_CONTEXT('2D SPACE',''
  ) );
#656 = PCURVE('',#657,#662);
#657 = CYLINDRICAL_SURFACE('',#658,1.9);
#658 = AXIS2_PLACEMENT_3D('',#659,#660,#661);
#659 = CARTESIAN_POINT('',(21.3,34.637433858437,54.661606289494));
#660 = DIRECTION('',(0.,-0.906307787037,0.422618261741));
#661 = DIRECTION('',(1.,0.,0.));
#662 = DEFINITIONAL_REPRESENTATION('',(#663),#667);
#663 = LINE('',#664,#665);
#664 = CARTESIAN_POINT('',(-1.570796326795,1.9));
#665 = VECTOR('',#666,1.);
#666 = DIRECTION('',(1.,0.));
#667 = ( GEOMETRIC_REPRESENTATION_CONTEXT(2) 
PARAMETRIC_REPRESENTATION_CONTEXT() REPRESENTATION_CONTEXT('2D SPACE',''
  ) );
#668 = ORIENTED_EDGE('',*,*,#669,.F.);
#669 = EDGE_CURVE('',#670,#641,#672,.T.);
#670 = VERTEX_POINT('',#671);
#671 = CARTESIAN_POINT('',(-21.3,33.718423760375,57.186565782171));
#672 = SURFACE_CURVE('',#673,(#677,#684),.PCURVE_S1.);
#673 = LINE('',#674,#675);
#674 = CARTESIAN_POINT('',(-23.2,33.718423760375,57.186565782171));
#675 = VECTOR('',#676,1.);
#676 = DIRECTION('',(1.,0.,0.));
#677 = PCURVE('',#44,#678);
#678 = DEFINITIONAL_REPRESENTATION('',(#679),#683);
#679 = LINE('',#680,#681);
#680 = CARTESIAN_POINT('',(0.,31.2));
#681 = VECTOR('',#682,1.);
#682 = DIRECTION('',(1.,0.));
#683 = ( GEOMETRIC_REPRESENTATION_CONTEXT(2) 
PARAMETRIC_REPRESENTATION_CONTEXT() REPRESENTATION_CONTEXT('2D SPACE',''
  ) );
#684 = PCURVE('',#685,#690);
#685 = PLANE('',#686);
#686 = AXIS2_PLACEMENT_3D('',#687,#688,#689);
#687 = CARTESIAN_POINT('',(-23.2,35.440408555744,56.383591084864));
#688 = DIRECTION('',(0.,0.422618261741,0.906307787037));
#689 = DIRECTION('',(0.,-0.906307787037,0.422618261741));
#690 = DEFINITIONAL_REPRESENTATION('',(#691),#695);
#691 = LINE('',#692,#693);
#692 = CARTESIAN_POINT('',(1.9,0.));
#693 = VECTOR('',#694,1.);
#694 = DIRECTION('',(0.,1.));
#695 = ( GEOMETRIC_REPRESENTATION_CONTEXT(2) 
PARAMETRIC_REPRESENTATION_CONTEXT() REPRESENTATION_CONTEXT('2D SPACE',''
  ) );
#696 = ORIENTED_EDGE('',*,*,#697,.F.);
#697 = EDGE_CURVE('',#698,#670,#700,.T.);
#698 = VERTEX_POINT('',#699);
#699 = CARTESIAN_POINT('',(-23.2,32.915449063068,55.464580986802));
#700 = SURFACE_CURVE('',#701,(#706,#717),.PCURVE_S1.);
#701 = CIRCLE('',#702,1.9);
#702 = AXIS2_PLACEMENT_3D('',#703,#704,#705);
#703 = CARTESIAN_POINT('',(-21.3,32.915449063068,55.464580986802));
#704 = DIRECTION('',(0.,0.906307787037,-0.422618261741));
#705 = DIRECTION('',(0.,-0.422618261741,-0.906307787037));
#706 = PCURVE('',#44,#707);
#707 = DEFINITIONAL_REPRESENTATION('',(#708),#716);
#708 = ( BOUNDED_CURVE() B_SPLINE_CURVE(2,(#709,#710,#711,#712,#713,#714
,#715),.UNSPECIFIED.,.T.,.F.) B_SPLINE_CURVE_WITH_KNOTS((1,2,2,2,2,1),(
    -2.094395102393,0.,2.094395102393,4.188790204786,6.28318530718,
8.377580409573),.UNSPECIFIED.) CURVE() GEOMETRIC_REPRESENTATION_ITEM() 
RATIONAL_B_SPLINE_CURVE((1.,0.5,1.,0.5,1.,0.5,1.)) REPRESENTATION_ITEM(
  '') );
#709 = CARTESIAN_POINT('',(1.9,27.4));
#710 = CARTESIAN_POINT('',(-1.390896534381,27.4));
#711 = CARTESIAN_POINT('',(0.25455173281,30.25));
#712 = CARTESIAN_POINT('',(1.9,33.1));
#713 = CARTESIAN_POINT('',(3.54544826719,30.25));
#714 = CARTESIAN_POINT('',(5.190896534381,27.4));
#715 = CARTESIAN_POINT('',(1.9,27.4));
#716 = ( GEOMETRIC_REPRESENTATION_CONTEXT(2) 
PARAMETRIC_REPRESENTATION_CONTEXT() REPRESENTATION_CONTEXT('2D SPACE',''
  ) );
#717 = PCURVE('',#718,#723);
#718 = CYLINDRICAL_SURFACE('',#719,1.9);
#719 = AXIS2_PLACEMENT_3D('',#720,#721,#722);
#720 = CARTESIAN_POINT('',(-21.3,34.637433858437,54.661606289494));
#721 = DIRECTION('',(0.,-0.906307787037,0.422618261741));
#722 = DIRECTION('',(-1.,-0.,0.));
#723 = DEFINITIONAL_REPRESENTATION('',(#724),#728);
#724 = LINE('',#725,#726);
#725 = CARTESIAN_POINT('',(1.570796326795,1.9));
#726 = VECTOR('',#727,1.);
#727 = DIRECTION('',(-1.,0.));
#728 = ( GEOMETRIC_REPRESENTATION_CONTEXT(2) 
PARAMETRIC_REPRESENTATION_CONTEXT() REPRESENTATION_CONTEXT('2D SPACE',''
  ) );
#729 = ORIENTED_EDGE('',*,*,#730,.F.);
#730 = EDGE_CURVE('',#731,#698,#733,.T.);
#731 = VERTEX_POINT('',#732);
#732 = CARTESIAN_POINT('',(-23.2,26.262741699797,41.197804006143));
#733 = SURFACE_CURVE('',#734,(#738,#745),.PCURVE_S1.);
#734 = LINE('',#735,#736);
#735 = CARTESIAN_POINT('',(-23.2,20.532733994065,28.909762826628));
#736 = VECTOR('',#737,1.);
#737 = DIRECTION('',(0.,0.422618261741,0.906307787037));
#738 = PCURVE('',#44,#739);
#739 = DEFINITIONAL_REPRESENTATION('',(#740),#744);
#740 = LINE('',#741,#742);
#741 = CARTESIAN_POINT('',(0.,0.));
#742 = VECTOR('',#743,1.);
#743 = DIRECTION('',(0.,1.));
#744 = ( GEOMETRIC_REPRESENTATION_CONTEXT(2) 
PARAMETRIC_REPRESENTATION_CONTEXT() REPRESENTATION_CONTEXT('2D SPACE',''
  ) );
#745 = PCURVE('',#746,#751);
#746 = PLANE('',#747);
#747 = AXIS2_PLACEMENT_3D('',#748,#749,#750);
#748 = CARTESIAN_POINT('',(-23.2,22.254718789435,28.106788129321));
#749 = DIRECTION('',(1.,0.,0.));
#750 = DIRECTION('',(0.,-0.906307787037,0.422618261741));
#751 = DEFINITIONAL_REPRESENTATION('',(#752),#756);
#752 = LINE('',#753,#754);
#753 = CARTESIAN_POINT('',(1.9,1.998401444325E-15));
#754 = VECTOR('',#755,1.);
#755 = DIRECTION('',(0.,-1.));
#756 = ( GEOMETRIC_REPRESENTATION_CONTEXT(2) 
PARAMETRIC_REPRESENTATION_CONTEXT() REPRESENTATION_CONTEXT('2D SPACE',''
  ) );
#757 = ORIENTED_EDGE('',*,*,#758,.F.);
#758 = EDGE_CURVE('',#759,#731,#761,.T.);
#759 = VERTEX_POINT('',#760);
#760 = CARTESIAN_POINT('',(-22.4,24.,36.345338771603));
#761 = SURFACE_CURVE('',#762,(#767,#774),.PCURVE_S1.);
#762 = ELLIPSE('',#763,8.518325699349,3.6);
#763 = AXIS2_PLACEMENT_3D('',#764,#765,#766);
#764 = CARTESIAN_POINT('',(-26.,24.,36.345338771603));
#765 = DIRECTION('',(0.,-0.906307787037,0.422618261741));
#766 = DIRECTION('',(0.,-0.422618261741,-0.906307787037));
#767 = PCURVE('',#44,#768);
#768 = DEFINITIONAL_REPRESENTATION('',(#769),#773);
#769 = ELLIPSE('',#770,8.518325699349,3.6);
#770 = AXIS2_PLACEMENT_2D('',#771,#772);
#771 = CARTESIAN_POINT('',(-2.8,8.204250312454));
#772 = DIRECTION('',(0.,-1.));
#773 = ( GEOMETRIC_REPRESENTATION_CONTEXT(2) 
PARAMETRIC_REPRESENTATION_CONTEXT() REPRESENTATION_CONTEXT('2D SPACE',''
  ) );
#774 = PCURVE('',#97,#775);
#775 = DEFINITIONAL_REPRESENTATION('',(#776),#785);
#776 = B_SPLINE_CURVE_WITH_KNOTS('',7,(#777,#778,#779,#780,#781,#782,
    #783,#784),.UNSPECIFIED.,.F.,.F.,(8,8),(1.570796326795,
    2.250470145703),.PIECEWISE_BEZIER_KNOTS.);
#777 = CARTESIAN_POINT('',(-6.28318530718,-16.3453387716));
#778 = CARTESIAN_POINT('',(-6.380281567024,-17.09494373589));
#779 = CARTESIAN_POINT('',(-6.477377826868,-17.8445486146));
#780 = CARTESIAN_POINT('',(-6.574474086712,-18.58261101645));
#781 = CARTESIAN_POINT('',(-6.671570346556,-19.29758721043));
#782 = CARTESIAN_POINT('',(-6.7686666064,-19.97837970903));
#783 = CARTESIAN_POINT('',(-6.865762866244,-20.61477790981));
#784 = CARTESIAN_POINT('',(-6.962859126088,-21.19780401021));
#785 = ( GEOMETRIC_REPRESENTATION_CONTEXT(2) 
PARAMETRIC_REPRESENTATION_CONTEXT() REPRESENTATION_CONTEXT('2D SPACE',''
  ) );
#786 = ORIENTED_EDGE('',*,*,#787,.F.);
#787 = EDGE_CURVE('',#24,#759,#788,.T.);
#788 = SURFACE_CURVE('',#789,(#794,#801),.PCURVE_S1.);
#789 = ELLIPSE('',#790,8.518325699349,3.6);
#790 = AXIS2_PLACEMENT_3D('',#791,#792,#793);
#791 = CARTESIAN_POINT('',(-26.,24.,36.345338771603));
#792 = DIRECTION('',(0.,-0.906307787037,0.422618261741));
#793 = DIRECTION('',(0.,-0.422618261741,-0.906307787037));
#794 = PCURVE('',#44,#795);
#795 = DEFINITIONAL_REPRESENTATION('',(#796),#800);
#796 = ELLIPSE('',#797,8.518325699349,3.6);
#797 = AXIS2_PLACEMENT_2D('',#798,#799);
#798 = CARTESIAN_POINT('',(-2.8,8.204250312454));
#799 = DIRECTION('',(0.,-1.));
#800 = ( GEOMETRIC_REPRESENTATION_CONTEXT(2) 
PARAMETRIC_REPRESENTATION_CONTEXT() REPRESENTATION_CONTEXT('2D SPACE',''
  ) );
#801 = PCURVE('',#97,#802);
#802 = DEFINITIONAL_REPRESENTATION('',(#803),#812);
#803 = B_SPLINE_CURVE_WITH_KNOTS('',7,(#804,#805,#806,#807,#808,#809,
    #810,#811),.UNSPECIFIED.,.F.,.F.,(8,8),(7.174307815066,
    7.853981633974),.PIECEWISE_BEZIER_KNOTS.);
#804 = CARTESIAN_POINT('',(-5.603511488271,-11.49287353299));
#805 = CARTESIAN_POINT('',(-5.700607748115,-12.07589963338));
#806 = CARTESIAN_POINT('',(-5.797704007959,-12.71229783417));
#807 = CARTESIAN_POINT('',(-5.894800267803,-13.39309033277));
#808 = CARTESIAN_POINT('',(-5.991896527647,-14.10806652675));
#809 = CARTESIAN_POINT('',(-6.088992787492,-14.8461289286));
#810 = CARTESIAN_POINT('',(-6.186089047336,-15.59573380731));
#811 = CARTESIAN_POINT('',(-6.28318530718,-16.3453387716));
#812 = ( GEOMETRIC_REPRESENTATION_CONTEXT(2) 
PARAMETRIC_REPRESENTATION_CONTEXT() REPRESENTATION_CONTEXT('2D SPACE',''
  ) );
#813 = FACE_BOUND('',#814,.T.);
#814 = EDGE_LOOP('',(#815,#845,#874,#902,#935,#963,#992,#1020));
#815 = ORIENTED_EDGE('',*,*,#816,.T.);
#816 = EDGE_CURVE('',#817,#819,#821,.T.);
#817 = VERTEX_POINT('',#818);
#818 = CARTESIAN_POINT('',(20.4,20.955352255806,29.816070613665));
#819 = VERTEX_POINT('',#820);
#820 = CARTESIAN_POINT('',(-20.4,20.955352255806,29.816070613665));
#821 = SURFACE_CURVE('',#822,(#826,#833),.PCURVE_S1.);
#822 = LINE('',#823,#824);
#823 = CARTESIAN_POINT('',(20.4,20.955352255806,29.816070613665));
#824 = VECTOR('',#825,1.);
#825 = DIRECTION('',(-1.,0.,0.));
#826 = PCURVE('',#44,#827);
#827 = DEFINITIONAL_REPRESENTATION('',(#828),#832);
#828 = LINE('',#829,#830);
#829 = CARTESIAN_POINT('',(43.6,1.));
#830 = VECTOR('',#831,1.);
#831 = DIRECTION('',(-1.,0.));
#832 = ( GEOMETRIC_REPRESENTATION_CONTEXT(2) 
PARAMETRIC_REPRESENTATION_CONTEXT() REPRESENTATION_CONTEXT('2D SPACE',''
  ) );
#833 = PCURVE('',#834,#839);
#834 = PLANE('',#835);
#835 = AXIS2_PLACEMENT_3D('',#836,#837,#838);
#836 = CARTESIAN_POINT('',(-21.5,20.955352255806,29.816070613665));
#837 = DIRECTION('',(0.,0.422618261741,0.906307787037));
#838 = DIRECTION('',(0.,-0.906307787037,0.422618261741));
#839 = DEFINITIONAL_REPRESENTATION('',(#840),#844);
#840 = LINE('',#841,#842);
#841 = CARTESIAN_POINT('',(0.,41.9));
#842 = VECTOR('',#843,1.);
#843 = DIRECTION('',(0.,-1.));
#844 = ( GEOMETRIC_REPRESENTATION_CONTEXT(2) 
PARAMETRIC_REPRESENTATION_CONTEXT() REPRESENTATION_CONTEXT('2D SPACE',''
  ) );
#845 = ORIENTED_EDGE('',*,*,#846,.F.);
#846 = EDGE_CURVE('',#847,#819,#849,.T.);
#847 = VERTEX_POINT('',#848);
#848 = CARTESIAN_POINT('',(-21.5,21.42023234372,30.813009179405));
#849 = SURFACE_CURVE('',#850,(#855,#862),.PCURVE_S1.);
#850 = CIRCLE('',#851,1.1);
#851 = AXIS2_PLACEMENT_3D('',#852,#853,#854);
#852 = CARTESIAN_POINT('',(-20.4,21.42023234372,30.813009179405));
#853 = DIRECTION('',(0.,-0.906307787037,0.422618261741));
#854 = DIRECTION('',(0.,-0.422618261741,-0.906307787037));
#855 = PCURVE('',#44,#856);
#856 = DEFINITIONAL_REPRESENTATION('',(#857),#861);
#857 = CIRCLE('',#858,1.1);
#858 = AXIS2_PLACEMENT_2D('',#859,#860);
#859 = CARTESIAN_POINT('',(2.8,2.1));
#860 = DIRECTION('',(0.,-1.));
#861 = ( GEOMETRIC_REPRESENTATION_CONTEXT(2) 
PARAMETRIC_REPRESENTATION_CONTEXT() REPRESENTATION_CONTEXT('2D SPACE',''
  ) );
#862 = PCURVE('',#863,#868);
#863 = CYLINDRICAL_SURFACE('',#864,1.1);
#864 = AXIS2_PLACEMENT_3D('',#865,#866,#867);
#865 = CARTESIAN_POINT('',(-20.4,21.42023234372,30.813009179405));
#866 = DIRECTION('',(0.,-0.906307787037,0.422618261741));
#867 = DIRECTION('',(-1.,-0.,0.));
#868 = DEFINITIONAL_REPRESENTATION('',(#869),#873);
#869 = LINE('',#870,#871);
#870 = CARTESIAN_POINT('',(-4.712388980385,0.));
#871 = VECTOR('',#872,1.);
#872 = DIRECTION('',(1.,0.));
#873 = ( GEOMETRIC_REPRESENTATION_CONTEXT(2) 
PARAMETRIC_REPRESENTATION_CONTEXT() REPRESENTATION_CONTEXT('2D SPACE',''
  ) );
#874 = ORIENTED_EDGE('',*,*,#875,.T.);
#875 = EDGE_CURVE('',#847,#876,#878,.T.);
#876 = VERTEX_POINT('',#877);
#877 = CARTESIAN_POINT('',(-21.5,32.830925410719,55.283319429394));
#878 = SURFACE_CURVE('',#879,(#883,#890),.PCURVE_S1.);
#879 = LINE('',#880,#881);
#880 = CARTESIAN_POINT('',(-21.5,20.955352255806,29.816070613665));
#881 = VECTOR('',#882,1.);
#882 = DIRECTION('',(0.,0.422618261741,0.906307787037));
#883 = PCURVE('',#44,#884);
#884 = DEFINITIONAL_REPRESENTATION('',(#885),#889);
#885 = LINE('',#886,#887);
#886 = CARTESIAN_POINT('',(1.7,1.));
#887 = VECTOR('',#888,1.);
#888 = DIRECTION('',(0.,1.));
#889 = ( GEOMETRIC_REPRESENTATION_CONTEXT(2) 
PARAMETRIC_REPRESENTATION_CONTEXT() REPRESENTATION_CONTEXT('2D SPACE',''
  ) );
#890 = PCURVE('',#891,#896);
#891 = PLANE('',#892);
#892 = AXIS2_PLACEMENT_3D('',#893,#894,#895);
#893 = CARTESIAN_POINT('',(-21.5,20.955352255806,29.816070613665));
#894 = DIRECTION('',(1.,0.,0.));
#895 = DIRECTION('',(0.,-0.906307787037,0.422618261741));
#896 = DEFINITIONAL_REPRESENTATION('',(#897),#901);
#897 = LINE('',#898,#899);
#898 = CARTESIAN_POINT('',(0.,0.));
#899 = VECTOR('',#900,1.);
#900 = DIRECTION('',(0.,-1.));
#901 = ( GEOMETRIC_REPRESENTATION_CONTEXT(2) 
PARAMETRIC_REPRESENTATION_CONTEXT() REPRESENTATION_CONTEXT('2D SPACE',''
  ) );
#902 = ORIENTED_EDGE('',*,*,#903,.T.);
#903 = EDGE_CURVE('',#876,#904,#906,.T.);
#904 = VERTEX_POINT('',#905);
#905 = CARTESIAN_POINT('',(-20.4,33.295805498634,56.280257995135));
#906 = SURFACE_CURVE('',#907,(#912,#923),.PCURVE_S1.);
#907 = CIRCLE('',#908,1.1);
#908 = AXIS2_PLACEMENT_3D('',#909,#910,#911);
#909 = CARTESIAN_POINT('',(-20.4,32.830925410719,55.283319429394));
#910 = DIRECTION('',(0.,0.906307787037,-0.422618261741));
#911 = DIRECTION('',(0.,-0.422618261741,-0.906307787037));
#912 = PCURVE('',#44,#913);
#913 = DEFINITIONAL_REPRESENTATION('',(#914),#922);
#914 = ( BOUNDED_CURVE() B_SPLINE_CURVE(2,(#915,#916,#917,#918,#919,#920
,#921),.UNSPECIFIED.,.T.,.F.) B_SPLINE_CURVE_WITH_KNOTS((1,2,2,2,2,1),(
    -2.094395102393,0.,2.094395102393,4.188790204786,6.28318530718,
8.377580409573),.UNSPECIFIED.) CURVE() GEOMETRIC_REPRESENTATION_ITEM() 
RATIONAL_B_SPLINE_CURVE((1.,0.5,1.,0.5,1.,0.5,1.)) REPRESENTATION_ITEM(
  '') );
#915 = CARTESIAN_POINT('',(2.8,28.));
#916 = CARTESIAN_POINT('',(0.894744111674,28.));
#917 = CARTESIAN_POINT('',(1.847372055837,29.65));
#918 = CARTESIAN_POINT('',(2.8,31.3));
#919 = CARTESIAN_POINT('',(3.752627944163,29.65));
#920 = CARTESIAN_POINT('',(4.705255888326,28.));
#921 = CARTESIAN_POINT('',(2.8,28.));
#922 = ( GEOMETRIC_REPRESENTATION_CONTEXT(2) 
PARAMETRIC_REPRESENTATION_CONTEXT() REPRESENTATION_CONTEXT('2D SPACE',''
  ) );
#923 = PCURVE('',#924,#929);
#924 = CYLINDRICAL_SURFACE('',#925,1.1);
#925 = AXIS2_PLACEMENT_3D('',#926,#927,#928);
#926 = CARTESIAN_POINT('',(-20.4,32.830925410719,55.283319429394));
#927 = DIRECTION('',(0.,-0.906307787037,0.422618261741));
#928 = DIRECTION('',(-1.,-0.,0.));
#929 = DEFINITIONAL_REPRESENTATION('',(#930),#934);
#930 = LINE('',#931,#932);
#931 = CARTESIAN_POINT('',(1.570796326795,-0.));
#932 = VECTOR('',#933,1.);
#933 = DIRECTION('',(-1.,0.));
#934 = ( GEOMETRIC_REPRESENTATION_CONTEXT(2) 
PARAMETRIC_REPRESENTATION_CONTEXT() REPRESENTATION_CONTEXT('2D SPACE',''
  ) );
#935 = ORIENTED_EDGE('',*,*,#936,.T.);
#936 = EDGE_CURVE('',#904,#937,#939,.T.);
#937 = VERTEX_POINT('',#938);
#938 = CARTESIAN_POINT('',(20.4,33.295805498634,56.280257995135));
#939 = SURFACE_CURVE('',#940,(#944,#951),.PCURVE_S1.);
#940 = LINE('',#941,#942);
#941 = CARTESIAN_POINT('',(-21.5,33.295805498634,56.280257995135));
#942 = VECTOR('',#943,1.);
#943 = DIRECTION('',(1.,0.,0.));
#944 = PCURVE('',#44,#945);
#945 = DEFINITIONAL_REPRESENTATION('',(#946),#950);
#946 = LINE('',#947,#948);
#947 = CARTESIAN_POINT('',(1.7,30.2));
#948 = VECTOR('',#949,1.);
#949 = DIRECTION('',(1.,0.));
#950 = ( GEOMETRIC_REPRESENTATION_CONTEXT(2) 
PARAMETRIC_REPRESENTATION_CONTEXT() REPRESENTATION_CONTEXT('2D SPACE',''
  ) );
#951 = PCURVE('',#952,#957);
#952 = PLANE('',#953);
#953 = AXIS2_PLACEMENT_3D('',#954,#955,#956);
#954 = CARTESIAN_POINT('',(-21.5,33.295805498634,56.280257995135));
#955 = DIRECTION('',(0.,0.422618261741,0.906307787037));
#956 = DIRECTION('',(0.,-0.906307787037,0.422618261741));
#957 = DEFINITIONAL_REPRESENTATION('',(#958),#962);
#958 = LINE('',#959,#960);
#959 = CARTESIAN_POINT('',(0.,0.));
#960 = VECTOR('',#961,1.);
#961 = DIRECTION('',(0.,1.));
#962 = ( GEOMETRIC_REPRESENTATION_CONTEXT(2) 
PARAMETRIC_REPRESENTATION_CONTEXT() REPRESENTATION_CONTEXT('2D SPACE',''
  ) );
#963 = ORIENTED_EDGE('',*,*,#964,.F.);
#964 = EDGE_CURVE('',#965,#937,#967,.T.);
#965 = VERTEX_POINT('',#966);
#966 = CARTESIAN_POINT('',(21.5,32.830925410719,55.283319429394));
#967 = SURFACE_CURVE('',#968,(#973,#980),.PCURVE_S1.);
#968 = CIRCLE('',#969,1.1);
#969 = AXIS2_PLACEMENT_3D('',#970,#971,#972);
#970 = CARTESIAN_POINT('',(20.4,32.830925410719,55.283319429394));
#971 = DIRECTION('',(0.,-0.906307787037,0.422618261741));
#972 = DIRECTION('',(0.,-0.422618261741,-0.906307787037));
#973 = PCURVE('',#44,#974);
#974 = DEFINITIONAL_REPRESENTATION('',(#975),#979);
#975 = CIRCLE('',#976,1.1);
#976 = AXIS2_PLACEMENT_2D('',#977,#978);
#977 = CARTESIAN_POINT('',(43.6,29.1));
#978 = DIRECTION('',(0.,-1.));
#979 = ( GEOMETRIC_REPRESENTATION_CONTEXT(2) 
PARAMETRIC_REPRESENTATION_CONTEXT() REPRESENTATION_CONTEXT('2D SPACE',''
  ) );
#980 = PCURVE('',#981,#986);
#981 = CYLINDRICAL_SURFACE('',#982,1.1);
#982 = AXIS2_PLACEMENT_3D('',#983,#984,#985);
#983 = CARTESIAN_POINT('',(20.4,32.830925410719,55.283319429394));
#984 = DIRECTION('',(0.,-0.906307787037,0.422618261741));
#985 = DIRECTION('',(1.,0.,0.));
#986 = DEFINITIONAL_REPRESENTATION('',(#987),#991);
#987 = LINE('',#988,#989);
#988 = CARTESIAN_POINT('',(-1.570796326795,0.));
#989 = VECTOR('',#990,1.);
#990 = DIRECTION('',(1.,0.));
#991 = ( GEOMETRIC_REPRESENTATION_CONTEXT(2) 
PARAMETRIC_REPRESENTATION_CONTEXT() REPRESENTATION_CONTEXT('2D SPACE',''
  ) );
#992 = ORIENTED_EDGE('',*,*,#993,.F.);
#993 = EDGE_CURVE('',#994,#965,#996,.T.);
#994 = VERTEX_POINT('',#995);
#995 = CARTESIAN_POINT('',(21.5,21.42023234372,30.813009179405));
#996 = SURFACE_CURVE('',#997,(#1001,#1008),.PCURVE_S1.);
#997 = LINE('',#998,#999);
#998 = CARTESIAN_POINT('',(21.5,20.955352255806,29.816070613665));
#999 = VECTOR('',#1000,1.);
#1000 = DIRECTION('',(0.,0.422618261741,0.906307787037));
#1001 = PCURVE('',#44,#1002);
#1002 = DEFINITIONAL_REPRESENTATION('',(#1003),#1007);
#1003 = LINE('',#1004,#1005);
#1004 = CARTESIAN_POINT('',(44.7,1.));
#1005 = VECTOR('',#1006,1.);
#1006 = DIRECTION('',(0.,1.));
#1007 = ( GEOMETRIC_REPRESENTATION_CONTEXT(2) 
PARAMETRIC_REPRESENTATION_CONTEXT() REPRESENTATION_CONTEXT('2D SPACE',''
  ) );
#1008 = PCURVE('',#1009,#1014);
#1009 = PLANE('',#1010);
#1010 = AXIS2_PLACEMENT_3D('',#1011,#1012,#1013);
#1011 = CARTESIAN_POINT('',(21.5,20.955352255806,29.816070613665));
#1012 = DIRECTION('',(1.,0.,0.));
#1013 = DIRECTION('',(0.,-0.906307787037,0.422618261741));
#1014 = DEFINITIONAL_REPRESENTATION('',(#1015),#1019);
#1015 = LINE('',#1016,#1017);
#1016 = CARTESIAN_POINT('',(0.,0.));
#1017 = VECTOR('',#1018,1.);
#1018 = DIRECTION('',(0.,-1.));
#1019 = ( GEOMETRIC_REPRESENTATION_CONTEXT(2) 
PARAMETRIC_REPRESENTATION_CONTEXT() REPRESENTATION_CONTEXT('2D SPACE',''
  ) );
#1020 = ORIENTED_EDGE('',*,*,#1021,.T.);
#1021 = EDGE_CURVE('',#994,#817,#1022,.T.);
#1022 = SURFACE_CURVE('',#1023,(#1028,#1039),.PCURVE_S1.);
#1023 = CIRCLE('',#1024,1.1);
#1024 = AXIS2_PLACEMENT_3D('',#1025,#1026,#1027);
#1025 = CARTESIAN_POINT('',(20.4,21.42023234372,30.813009179405));
#1026 = DIRECTION('',(0.,0.906307787037,-0.422618261741));
#1027 = DIRECTION('',(0.,-0.422618261741,-0.906307787037));
#1028 = PCURVE('',#44,#1029);
#1029 = DEFINITIONAL_REPRESENTATION('',(#1030),#1038);
#1030 = ( BOUNDED_CURVE() B_SPLINE_CURVE(2,(#1031,#1032,#1033,#1034,
#1035,#1036,#1037),.UNSPECIFIED.,.T.,.F.) B_SPLINE_CURVE_WITH_KNOTS((1,2
    ,2,2,2,1),(-2.094395102393,0.,2.094395102393,4.188790204786,
6.28318530718,8.377580409573),.UNSPECIFIED.) CURVE() 
GEOMETRIC_REPRESENTATION_ITEM() RATIONAL_B_SPLINE_CURVE((1.,0.5,1.,0.5,
1.,0.5,1.)) REPRESENTATION_ITEM('') );
#1031 = CARTESIAN_POINT('',(43.6,1.));
#1032 = CARTESIAN_POINT('',(41.694744111674,1.));
#1033 = CARTESIAN_POINT('',(42.647372055837,2.65));
#1034 = CARTESIAN_POINT('',(43.6,4.3));
#1035 = CARTESIAN_POINT('',(44.552627944163,2.65));
#1036 = CARTESIAN_POINT('',(45.505255888326,1.));
#1037 = CARTESIAN_POINT('',(43.6,1.));
#1038 = ( GEOMETRIC_REPRESENTATION_CONTEXT(2) 
PARAMETRIC_REPRESENTATION_CONTEXT() REPRESENTATION_CONTEXT('2D SPACE',''
  ) );
#1039 = PCURVE('',#1040,#1045);
#1040 = CYLINDRICAL_SURFACE('',#1041,1.1);
#1041 = AXIS2_PLACEMENT_3D('',#1042,#1043,#1044);
#1042 = CARTESIAN_POINT('',(20.4,21.42023234372,30.813009179405));
#1043 = DIRECTION('',(0.,-0.906307787037,0.422618261741));
#1044 = DIRECTION('',(1.,0.,0.));
#1045 = DEFINITIONAL_REPRESENTATION('',(#1046),#1050);
#1046 = LINE('',#1047,#1048);
#1047 = CARTESIAN_POINT('',(4.712388980385,-0.));
#1048 = VECTOR('',#1049,1.);
#1049 = DIRECTION('',(-1.,0.));
#1050 = ( GEOMETRIC_REPRESENTATION_CONTEXT(2) 
PARAMETRIC_REPRESENTATION_CONTEXT() REPRESENTATION_CONTEXT('2D SPACE',''
  ) );
#1051 = ADVANCED_FACE('',(#1052),#97,.F.);
#1052 = FACE_BOUND('',#1053,.T.);
#1053 = EDGE_LOOP('',(#1054,#1055,#1056,#1077,#1111,#1140,#1194));
#1054 = ORIENTED_EDGE('',*,*,#787,.T.);
#1055 = ORIENTED_EDGE('',*,*,#758,.T.);
#1056 = ORIENTED_EDGE('',*,*,#1057,.T.);
#1057 = EDGE_CURVE('',#731,#1058,#1060,.T.);
#1058 = VERTEX_POINT('',#1059);
#1059 = CARTESIAN_POINT('',(-23.2,26.262741699797,36.702020998153));
#1060 = SURFACE_CURVE('',#1061,(#1065,#1071),.PCURVE_S1.);
#1061 = LINE('',#1062,#1063);
#1062 = CARTESIAN_POINT('',(-23.2,26.262741699797,20.));
#1063 = VECTOR('',#1064,1.);
#1064 = DIRECTION('',(-0.,-0.,-1.));
#1065 = PCURVE('',#97,#1066);
#1066 = DEFINITIONAL_REPRESENTATION('',(#1067),#1070);
#1067 = B_SPLINE_CURVE_WITH_KNOTS('',1,(#1068,#1069),.UNSPECIFIED.,.F.,
  .F.,(2,2),(-21.19780400614,-16.70202099815),.PIECEWISE_BEZIER_KNOTS.);
#1068 = CARTESIAN_POINT('',(-6.962859126088,-21.19780400614));
#1069 = CARTESIAN_POINT('',(-6.962859126088,-16.70202099815));
#1070 = ( GEOMETRIC_REPRESENTATION_CONTEXT(2) 
PARAMETRIC_REPRESENTATION_CONTEXT() REPRESENTATION_CONTEXT('2D SPACE',''
  ) );
#1071 = PCURVE('',#746,#1072);
#1072 = DEFINITIONAL_REPRESENTATION('',(#1073),#1076);
#1073 = B_SPLINE_CURVE_WITH_KNOTS('',1,(#1074,#1075),.UNSPECIFIED.,.F.,
  .F.,(2,2),(-21.64738230694,-16.25244269735),.PIECEWISE_BEZIER_KNOTS.);
#1074 = CARTESIAN_POINT('',(2.09,-13.96580961967));
#1075 = CARTESIAN_POINT('',(-0.19,-9.076333840914));
#1076 = ( GEOMETRIC_REPRESENTATION_CONTEXT(2) 
PARAMETRIC_REPRESENTATION_CONTEXT() REPRESENTATION_CONTEXT('2D SPACE',''
  ) );
#1077 = ORIENTED_EDGE('',*,*,#1078,.F.);
#1078 = EDGE_CURVE('',#1079,#1058,#1081,.T.);
#1079 = VERTEX_POINT('',#1080);
#1080 = CARTESIAN_POINT('',(-22.4,24.,31.849555763613));
#1081 = SURFACE_CURVE('',#1082,(#1087,#1099),.PCURVE_S1.);
#1082 = ELLIPSE('',#1083,8.518325699349,3.6);
#1083 = AXIS2_PLACEMENT_3D('',#1084,#1085,#1086);
#1084 = CARTESIAN_POINT('',(-26.,24.,31.849555763613));
#1085 = DIRECTION('',(0.,-0.906307787037,0.422618261741));
#1086 = DIRECTION('',(0.,-0.422618261741,-0.906307787037));
#1087 = PCURVE('',#97,#1088);
#1088 = DEFINITIONAL_REPRESENTATION('',(#1089),#1098);
#1089 = B_SPLINE_CURVE_WITH_KNOTS('',7,(#1090,#1091,#1092,#1093,#1094,
    #1095,#1096,#1097),.UNSPECIFIED.,.F.,.F.,(8,8),(1.570796326795,
    2.250470145703),.PIECEWISE_BEZIER_KNOTS.);
#1090 = CARTESIAN_POINT('',(-6.28318530718,-11.84955576361));
#1091 = CARTESIAN_POINT('',(-6.380281567024,-12.5991607279));
#1092 = CARTESIAN_POINT('',(-6.477377826868,-13.34876560661));
#1093 = CARTESIAN_POINT('',(-6.574474086712,-14.08682800846));
#1094 = CARTESIAN_POINT('',(-6.671570346556,-14.80180420244));
#1095 = CARTESIAN_POINT('',(-6.7686666064,-15.48259670104));
#1096 = CARTESIAN_POINT('',(-6.865762866244,-16.11899490182));
#1097 = CARTESIAN_POINT('',(-6.962859126088,-16.70202100222));
#1098 = ( GEOMETRIC_REPRESENTATION_CONTEXT(2) 
PARAMETRIC_REPRESENTATION_CONTEXT() REPRESENTATION_CONTEXT('2D SPACE',''
  ) );
#1099 = PCURVE('',#1100,#1105);
#1100 = PLANE('',#1101);
#1101 = AXIS2_PLACEMENT_3D('',#1102,#1103,#1104);
#1102 = CARTESIAN_POINT('',(-23.2,22.254718789435,28.106788129321));
#1103 = DIRECTION('',(0.,-0.906307787037,0.422618261741));
#1104 = DIRECTION('',(1.,0.,0.));
#1105 = DEFINITIONAL_REPRESENTATION('',(#1106),#1110);
#1106 = ELLIPSE('',#1107,8.518325699349,3.6);
#1107 = AXIS2_PLACEMENT_2D('',#1108,#1109);
#1108 = CARTESIAN_POINT('',(-2.8,4.129687163486));
#1109 = DIRECTION('',(0.,-1.));
#1110 = ( GEOMETRIC_REPRESENTATION_CONTEXT(2) 
PARAMETRIC_REPRESENTATION_CONTEXT() REPRESENTATION_CONTEXT('2D SPACE',''
  ) );
#1111 = ORIENTED_EDGE('',*,*,#1112,.F.);
#1112 = EDGE_CURVE('',#1113,#1079,#1115,.T.);
#1113 = VERTEX_POINT('',#1114);
#1114 = CARTESIAN_POINT('',(-22.71703867536,22.522784734382,
    28.681657403412));
#1115 = SURFACE_CURVE('',#1116,(#1121,#1133),.PCURVE_S1.);
#1116 = ELLIPSE('',#1117,8.518325699349,3.6);
#1117 = AXIS2_PLACEMENT_3D('',#1118,#1119,#1120);
#1118 = CARTESIAN_POINT('',(-26.,24.,31.849555763613));
#1119 = DIRECTION('',(0.,-0.906307787037,0.422618261741));
#1120 = DIRECTION('',(0.,-0.422618261741,-0.906307787037));
#1121 = PCURVE('',#97,#1122);
#1122 = DEFINITIONAL_REPRESENTATION('',(#1123),#1132);
#1123 = B_SPLINE_CURVE_WITH_KNOTS('',7,(#1124,#1125,#1126,#1127,#1128,
    #1129,#1130,#1131),.UNSPECIFIED.,.F.,.F.,(8,8),(1.147972121822,
    1.570796326795),.PIECEWISE_BEZIER_KNOTS.);
#1124 = CARTESIAN_POINT('',(-5.860361102206,-8.681657407783));
#1125 = CARTESIAN_POINT('',(-5.92076456006,-9.106917874605));
#1126 = CARTESIAN_POINT('',(-5.981168017913,-9.545663049205));
#1127 = CARTESIAN_POINT('',(-6.041571475766,-9.995358666376));
#1128 = CARTESIAN_POINT('',(-6.10197493362,-10.45334992571));
#1129 = CARTESIAN_POINT('',(-6.162378391473,-10.91689922933));
#1130 = CARTESIAN_POINT('',(-6.222781849326,-11.38322748341));
#1131 = CARTESIAN_POINT('',(-6.28318530718,-11.84955576361));
#1132 = ( GEOMETRIC_REPRESENTATION_CONTEXT(2) 
PARAMETRIC_REPRESENTATION_CONTEXT() REPRESENTATION_CONTEXT('2D SPACE',''
  ) );
#1133 = PCURVE('',#1100,#1134);
#1134 = DEFINITIONAL_REPRESENTATION('',(#1135),#1139);
#1135 = ELLIPSE('',#1136,8.518325699349,3.6);
#1136 = AXIS2_PLACEMENT_2D('',#1137,#1138);
#1137 = CARTESIAN_POINT('',(-2.8,4.129687163486));
#1138 = DIRECTION('',(0.,-1.));
#1139 = ( GEOMETRIC_REPRESENTATION_CONTEXT(2) 
PARAMETRIC_REPRESENTATION_CONTEXT() REPRESENTATION_CONTEXT('2D SPACE',''
  ) );
#1140 = ORIENTED_EDGE('',*,*,#1141,.F.);
#1141 = EDGE_CURVE('',#57,#1113,#1142,.T.);
#1142 = SURFACE_CURVE('',#1143,(#1158,#1176),.PCURVE_S1.);
#1143 = B_SPLINE_CURVE_WITH_KNOTS('',7,(#1144,#1145,#1146,#1147,#1148,
    #1149,#1150,#1151,#1152,#1153,#1154,#1155,#1156,#1157),
  .UNSPECIFIED.,.F.,.F.,(8,6,8),(0.,0.221877644942,1.),.UNSPECIFIED.);
#1144 = CARTESIAN_POINT('',(-23.2,21.737258300203,30.444501964271));
#1145 = CARTESIAN_POINT('',(-23.2,21.737258300203,30.379607400437));
#1146 = CARTESIAN_POINT('',(-23.19787566904,21.739886511751,
    30.314964559089));
#1147 = CARTESIAN_POINT('',(-23.19380222906,21.744928105878,
    30.250743971256));
#1148 = CARTESIAN_POINT('',(-23.18794519806,21.752207517325,
    30.187057837663));
#1149 = CARTESIAN_POINT('',(-23.18045680193,21.761585817576,
    30.123969409551));
#1150 = CARTESIAN_POINT('',(-23.17147238611,21.772958087897,
    30.061502369487));
#1151 = CARTESIAN_POINT('',(-23.12475493172,21.832868154416,
    29.782735406182));
#1152 = CARTESIAN_POINT('',(-23.07125269523,21.903318920889,
    29.572392568974));
#1153 = CARTESIAN_POINT('',(-23.00601276242,21.993965610931,
    29.372530253895));
#1154 = CARTESIAN_POINT('',(-22.93417952862,22.102749998061,
    29.184002538457));
#1155 = CARTESIAN_POINT('',(-22.85983475661,22.228042916851,
    29.006543206558));
#1156 = CARTESIAN_POINT('',(-22.78646791089,22.368485233472,
    28.839374765393));
#1157 = CARTESIAN_POINT('',(-22.71703847363,22.522785182716,
    28.681656945147));
#1158 = PCURVE('',#97,#1159);
#1159 = DEFINITIONAL_REPRESENTATION('',(#1160),#1175);
#1160 = B_SPLINE_CURVE_WITH_KNOTS('',7,(#1161,#1162,#1163,#1164,#1165,
    #1166,#1167,#1168,#1169,#1170,#1171,#1172,#1173,#1174),
  .UNSPECIFIED.,.F.,.F.,(8,6,8),(0.,0.221877644942,0.999999677012),
  .UNSPECIFIED.);
#1161 = CARTESIAN_POINT('',(-5.603511488271,-10.44450196427));
#1162 = CARTESIAN_POINT('',(-5.603511488271,-10.37960740043));
#1163 = CARTESIAN_POINT('',(-5.604450204053,-10.31496455908));
#1164 = CARTESIAN_POINT('',(-5.606250644896,-10.25074397125));
#1165 = CARTESIAN_POINT('',(-5.608845956059,-10.18705783766));
#1166 = CARTESIAN_POINT('',(-5.612179565526,-10.12396940955));
#1167 = CARTESIAN_POINT('',(-5.616205330734,-10.06150236948));
#1168 = CARTESIAN_POINT('',(-5.637308642316,-9.78273549622));
#1169 = CARTESIAN_POINT('',(-5.661879805098,-9.572392743594));
#1170 = CARTESIAN_POINT('',(-5.692887286036,-9.372530502775));
#1171 = CARTESIAN_POINT('',(-5.729039758494,-9.184002851478));
#1172 = CARTESIAN_POINT('',(-5.769422316773,-9.006543574862));
#1173 = CARTESIAN_POINT('',(-5.813360898602,-8.839375181728));
#1174 = CARTESIAN_POINT('',(-5.860361102206,-8.681657403412));
#1175 = ( GEOMETRIC_REPRESENTATION_CONTEXT(2) 
PARAMETRIC_REPRESENTATION_CONTEXT() REPRESENTATION_CONTEXT('2D SPACE',''
  ) );
#1176 = PCURVE('',#72,#1177);
#1177 = DEFINITIONAL_REPRESENTATION('',(#1178),#1193);
#1178 = B_SPLINE_CURVE_WITH_KNOTS('',7,(#1179,#1180,#1181,#1182,#1183,
    #1184,#1185,#1186,#1187,#1188,#1189,#1190,#1191,#1192),
  .UNSPECIFIED.,.F.,.F.,(8,6,8),(0.,0.221877644942,1.),.UNSPECIFIED.);
#1179 = CARTESIAN_POINT('',(0.,1.456939028248));
#1180 = CARTESIAN_POINT('',(3.095497291503E-02,1.429513400484));
#1181 = CARTESIAN_POINT('',(6.12052647192E-02,1.399812186648));
#1182 = CARTESIAN_POINT('',(9.076582651329E-02,1.368102157434));
#1183 = CARTESIAN_POINT('',(0.119660587891,1.334589847078));
#1184 = CARTESIAN_POINT('',(0.147920529021,1.299427898707));
#1185 = CARTESIAN_POINT('',(0.175581752725,1.262721409671));
#1186 = CARTESIAN_POINT('',(0.297729271662,1.0906124404));
#1187 = CARTESIAN_POINT('',(0.386327978713,0.937867637912));
#1188 = CARTESIAN_POINT('',(0.468279417684,0.771248372673));
#1189 = CARTESIAN_POINT('',(0.543616242176,0.592980980119));
#1190 = CARTESIAN_POINT('',(0.612295814475,0.404429477784));
#1191 = CARTESIAN_POINT('',(0.674192318728,0.206497076576));
#1192 = CARTESIAN_POINT('',(0.729046801336,-6.E-07));
#1193 = ( GEOMETRIC_REPRESENTATION_CONTEXT(2) 
PARAMETRIC_REPRESENTATION_CONTEXT() REPRESENTATION_CONTEXT('2D SPACE',''
  ) );
#1194 = ORIENTED_EDGE('',*,*,#84,.F.);
#1195 = ADVANCED_FACE('',(#1196),#72,.T.);
#1196 = FACE_BOUND('',#1197,.T.);
#1197 = EDGE_LOOP('',(#1198,#1199,#1200,#1224,#1250,#1279,#1300));
#1198 = ORIENTED_EDGE('',*,*,#56,.F.);
#1199 = ORIENTED_EDGE('',*,*,#1141,.T.);
#1200 = ORIENTED_EDGE('',*,*,#1201,.T.);
#1201 = EDGE_CURVE('',#1113,#1202,#1204,.T.);
#1202 = VERTEX_POINT('',#1203);
#1203 = CARTESIAN_POINT('',(-21.5,22.259179794493,28.11635478554));
#1204 = SURFACE_CURVE('',#1205,(#1210,#1217),.PCURVE_S1.);
#1205 = CIRCLE('',#1206,1.9);
#1206 = AXIS2_PLACEMENT_3D('',#1207,#1208,#1209);
#1207 = CARTESIAN_POINT('',(-21.3,23.057693486742,29.82877292469));
#1208 = DIRECTION('',(0.,-0.906307787037,0.422618261741));
#1209 = DIRECTION('',(0.,-0.422618261741,-0.906307787037));
#1210 = PCURVE('',#72,#1211);
#1211 = DEFINITIONAL_REPRESENTATION('',(#1212),#1216);
#1212 = LINE('',#1213,#1214);
#1213 = CARTESIAN_POINT('',(-4.712388980385,0.));
#1214 = VECTOR('',#1215,1.);
#1215 = DIRECTION('',(1.,0.));
#1216 = ( GEOMETRIC_REPRESENTATION_CONTEXT(2) 
PARAMETRIC_REPRESENTATION_CONTEXT() REPRESENTATION_CONTEXT('2D SPACE',''
  ) );
#1217 = PCURVE('',#1100,#1218);
#1218 = DEFINITIONAL_REPRESENTATION('',(#1219),#1223);
#1219 = CIRCLE('',#1220,1.9);
#1220 = AXIS2_PLACEMENT_2D('',#1221,#1222);
#1221 = CARTESIAN_POINT('',(1.9,1.9));
#1222 = DIRECTION('',(0.,-1.));
#1223 = ( GEOMETRIC_REPRESENTATION_CONTEXT(2) 
PARAMETRIC_REPRESENTATION_CONTEXT() REPRESENTATION_CONTEXT('2D SPACE',''
  ) );
#1224 = ORIENTED_EDGE('',*,*,#1225,.T.);
#1225 = EDGE_CURVE('',#1202,#1226,#1228,.T.);
#1226 = VERTEX_POINT('',#1227);
#1227 = CARTESIAN_POINT('',(-21.5,21.987287458382,28.243140264062));
#1228 = SURFACE_CURVE('',#1229,(#1233,#1239),.PCURVE_S1.);
#1229 = LINE('',#1230,#1231);
#1230 = CARTESIAN_POINT('',(-21.5,22.259179794493,28.11635478554));
#1231 = VECTOR('',#1232,1.);
#1232 = DIRECTION('',(0.,-0.906307787037,0.422618261741));
#1233 = PCURVE('',#72,#1234);
#1234 = DEFINITIONAL_REPRESENTATION('',(#1235),#1238);
#1235 = B_SPLINE_CURVE_WITH_KNOTS('',1,(#1236,#1237),.UNSPECIFIED.,.F.,
  .F.,(2,2),(-5.999999998201E-07,0.7),.PIECEWISE_BEZIER_KNOTS.);
#1236 = CARTESIAN_POINT('',(1.465337801396,-6.000000000421E-07));
#1237 = CARTESIAN_POINT('',(1.465337801396,0.7));
#1238 = ( GEOMETRIC_REPRESENTATION_CONTEXT(2) 
PARAMETRIC_REPRESENTATION_CONTEXT() REPRESENTATION_CONTEXT('2D SPACE',''
  ) );
#1239 = PCURVE('',#1240,#1245);
#1240 = PLANE('',#1241);
#1241 = AXIS2_PLACEMENT_3D('',#1242,#1243,#1244);
#1242 = CARTESIAN_POINT('',(-21.5,24.171155511552,23.461654084955));
#1243 = DIRECTION('',(1.,0.,0.));
#1244 = DIRECTION('',(0.,-0.906307787037,0.422618261741));
#1245 = DEFINITIONAL_REPRESENTATION('',(#1246),#1249);
#1246 = B_SPLINE_CURVE_WITH_KNOTS('',1,(#1247,#1248),.UNSPECIFIED.,.F.,
  .F.,(2,2),(-5.999999998201E-07,0.7),.PIECEWISE_BEZIER_KNOTS.);
#1247 = CARTESIAN_POINT('',(3.6999994,-3.410555637231));
#1248 = CARTESIAN_POINT('',(4.4,-3.410555637231));
#1249 = ( GEOMETRIC_REPRESENTATION_CONTEXT(2) 
PARAMETRIC_REPRESENTATION_CONTEXT() REPRESENTATION_CONTEXT('2D SPACE',''
  ) );
#1250 = ORIENTED_EDGE('',*,*,#1251,.T.);
#1251 = EDGE_CURVE('',#1226,#1252,#1254,.T.);
#1252 = VERTEX_POINT('',#1253);
#1253 = CARTESIAN_POINT('',(-21.3,21.982826453324,28.233573607843));
#1254 = SURFACE_CURVE('',#1255,(#1260,#1267),.PCURVE_S1.);
#1255 = CIRCLE('',#1256,1.9);
#1256 = AXIS2_PLACEMENT_3D('',#1257,#1258,#1259);
#1257 = CARTESIAN_POINT('',(-21.3,22.785801150631,29.955558403212));
#1258 = DIRECTION('',(0.,-0.906307787037,0.422618261741));
#1259 = DIRECTION('',(-1.,0.,0.));
#1260 = PCURVE('',#72,#1261);
#1261 = DEFINITIONAL_REPRESENTATION('',(#1262),#1266);
#1262 = LINE('',#1263,#1264);
#1263 = CARTESIAN_POINT('',(0.,0.3));
#1264 = VECTOR('',#1265,1.);
#1265 = DIRECTION('',(1.,0.));
#1266 = ( GEOMETRIC_REPRESENTATION_CONTEXT(2) 
PARAMETRIC_REPRESENTATION_CONTEXT() REPRESENTATION_CONTEXT('2D SPACE',''
  ) );
#1267 = PCURVE('',#1268,#1273);
#1268 = PLANE('',#1269);
#1269 = AXIS2_PLACEMENT_3D('',#1270,#1271,#1272);
#1270 = CARTESIAN_POINT('',(-21.5,20.545924363405,25.152127131918));
#1271 = DIRECTION('',(0.,-0.906307787037,0.422618261741));
#1272 = DIRECTION('',(1.,0.,0.));
#1273 = DEFINITIONAL_REPRESENTATION('',(#1274),#1278);
#1274 = CIRCLE('',#1275,1.9);
#1275 = AXIS2_PLACEMENT_2D('',#1276,#1277);
#1276 = CARTESIAN_POINT('',(0.2,5.3));
#1277 = DIRECTION('',(-1.,0.));
#1278 = ( GEOMETRIC_REPRESENTATION_CONTEXT(2) 
PARAMETRIC_REPRESENTATION_CONTEXT() REPRESENTATION_CONTEXT('2D SPACE',''
  ) );
#1279 = ORIENTED_EDGE('',*,*,#1280,.T.);
#1280 = EDGE_CURVE('',#1252,#113,#1281,.T.);
#1281 = SURFACE_CURVE('',#1282,(#1286,#1293),.PCURVE_S1.);
#1282 = LINE('',#1283,#1284);
#1283 = CARTESIAN_POINT('',(-21.3,22.254718789435,28.106788129321));
#1284 = VECTOR('',#1285,1.);
#1285 = DIRECTION('',(0.,-0.906307787037,0.422618261741));
#1286 = PCURVE('',#72,#1287);
#1287 = DEFINITIONAL_REPRESENTATION('',(#1288),#1292);
#1288 = LINE('',#1289,#1290);
#1289 = CARTESIAN_POINT('',(1.570796326795,0.));
#1290 = VECTOR('',#1291,1.);
#1291 = DIRECTION('',(0.,1.));
#1292 = ( GEOMETRIC_REPRESENTATION_CONTEXT(2) 
PARAMETRIC_REPRESENTATION_CONTEXT() REPRESENTATION_CONTEXT('2D SPACE',''
  ) );
#1293 = PCURVE('',#152,#1294);
#1294 = DEFINITIONAL_REPRESENTATION('',(#1295),#1299);
#1295 = LINE('',#1296,#1297);
#1296 = CARTESIAN_POINT('',(0.,1.9));
#1297 = VECTOR('',#1298,1.);
#1298 = DIRECTION('',(1.,0.));
#1299 = ( GEOMETRIC_REPRESENTATION_CONTEXT(2) 
PARAMETRIC_REPRESENTATION_CONTEXT() REPRESENTATION_CONTEXT('2D SPACE',''
  ) );
#1300 = ORIENTED_EDGE('',*,*,#112,.F.);
#1301 = ADVANCED_FACE('',(#1302),#746,.F.);
#1302 = FACE_BOUND('',#1303,.F.);
#1303 = EDGE_LOOP('',(#1304,#1305,#1306,#1329));
#1304 = ORIENTED_EDGE('',*,*,#730,.F.);
#1305 = ORIENTED_EDGE('',*,*,#1057,.T.);
#1306 = ORIENTED_EDGE('',*,*,#1307,.T.);
#1307 = EDGE_CURVE('',#1058,#1308,#1310,.T.);
#1308 = VERTEX_POINT('',#1309);
#1309 = CARTESIAN_POINT('',(-23.2,34.637433858437,54.661606289494));
#1310 = SURFACE_CURVE('',#1311,(#1315,#1322),.PCURVE_S1.);
#1311 = LINE('',#1312,#1313);
#1312 = CARTESIAN_POINT('',(-23.2,22.254718789435,28.106788129321));
#1313 = VECTOR('',#1314,1.);
#1314 = DIRECTION('',(0.,0.422618261741,0.906307787037));
#1315 = PCURVE('',#746,#1316);
#1316 = DEFINITIONAL_REPRESENTATION('',(#1317),#1321);
#1317 = LINE('',#1318,#1319);
#1318 = CARTESIAN_POINT('',(0.,0.));
#1319 = VECTOR('',#1320,1.);
#1320 = DIRECTION('',(0.,-1.));
#1321 = ( GEOMETRIC_REPRESENTATION_CONTEXT(2) 
PARAMETRIC_REPRESENTATION_CONTEXT() REPRESENTATION_CONTEXT('2D SPACE',''
  ) );
#1322 = PCURVE('',#1100,#1323);
#1323 = DEFINITIONAL_REPRESENTATION('',(#1324),#1328);
#1324 = LINE('',#1325,#1326);
#1325 = CARTESIAN_POINT('',(0.,0.));
#1326 = VECTOR('',#1327,1.);
#1327 = DIRECTION('',(0.,1.));
#1328 = ( GEOMETRIC_REPRESENTATION_CONTEXT(2) 
PARAMETRIC_REPRESENTATION_CONTEXT() REPRESENTATION_CONTEXT('2D SPACE',''
  ) );
#1329 = ORIENTED_EDGE('',*,*,#1330,.T.);
#1330 = EDGE_CURVE('',#1308,#698,#1331,.T.);
#1331 = SURFACE_CURVE('',#1332,(#1336,#1343),.PCURVE_S1.);
#1332 = LINE('',#1333,#1334);
#1333 = CARTESIAN_POINT('',(-23.2,34.637433858437,54.661606289494));
#1334 = VECTOR('',#1335,1.);
#1335 = DIRECTION('',(0.,-0.906307787037,0.422618261741));
#1336 = PCURVE('',#746,#1337);
#1337 = DEFINITIONAL_REPRESENTATION('',(#1338),#1342);
#1338 = LINE('',#1339,#1340);
#1339 = CARTESIAN_POINT('',(-3.552713678801E-15,-29.3));
#1340 = VECTOR('',#1341,1.);
#1341 = DIRECTION('',(1.,0.));
#1342 = ( GEOMETRIC_REPRESENTATION_CONTEXT(2) 
PARAMETRIC_REPRESENTATION_CONTEXT() REPRESENTATION_CONTEXT('2D SPACE',''
  ) );
#1343 = PCURVE('',#718,#1344);
#1344 = DEFINITIONAL_REPRESENTATION('',(#1345),#1349);
#1345 = LINE('',#1346,#1347);
#1346 = CARTESIAN_POINT('',(-0.,0.));
#1347 = VECTOR('',#1348,1.);
#1348 = DIRECTION('',(-0.,1.));
#1349 = ( GEOMETRIC_REPRESENTATION_CONTEXT(2) 
PARAMETRIC_REPRESENTATION_CONTEXT() REPRESENTATION_CONTEXT('2D SPACE',''
  ) );
#1350 = ADVANCED_FACE('',(#1351),#718,.T.);
#1351 = FACE_BOUND('',#1352,.F.);
#1352 = EDGE_LOOP('',(#1353,#1381,#1402,#1403));
#1353 = ORIENTED_EDGE('',*,*,#1354,.T.);
#1354 = EDGE_CURVE('',#1308,#1355,#1357,.T.);
#1355 = VERTEX_POINT('',#1356);
#1356 = CARTESIAN_POINT('',(-21.3,35.440408555744,56.383591084864));
#1357 = SURFACE_CURVE('',#1358,(#1363,#1370),.PCURVE_S1.);
#1358 = CIRCLE('',#1359,1.9);
#1359 = AXIS2_PLACEMENT_3D('',#1360,#1361,#1362);
#1360 = CARTESIAN_POINT('',(-21.3,34.637433858437,54.661606289494));
#1361 = DIRECTION('',(0.,0.906307787037,-0.422618261741));
#1362 = DIRECTION('',(0.,-0.422618261741,-0.906307787037));
#1363 = PCURVE('',#718,#1364);
#1364 = DEFINITIONAL_REPRESENTATION('',(#1365),#1369);
#1365 = LINE('',#1366,#1367);
#1366 = CARTESIAN_POINT('',(1.570796326795,-0.));
#1367 = VECTOR('',#1368,1.);
#1368 = DIRECTION('',(-1.,0.));
#1369 = ( GEOMETRIC_REPRESENTATION_CONTEXT(2) 
PARAMETRIC_REPRESENTATION_CONTEXT() REPRESENTATION_CONTEXT('2D SPACE',''
  ) );
#1370 = PCURVE('',#1100,#1371);
#1371 = DEFINITIONAL_REPRESENTATION('',(#1372),#1380);
#1372 = ( BOUNDED_CURVE() B_SPLINE_CURVE(2,(#1373,#1374,#1375,#1376,
#1377,#1378,#1379),.UNSPECIFIED.,.T.,.F.) B_SPLINE_CURVE_WITH_KNOTS((1,2
    ,2,2,2,1),(-2.094395102393,0.,2.094395102393,4.188790204786,
6.28318530718,8.377580409573),.UNSPECIFIED.) CURVE() 
GEOMETRIC_REPRESENTATION_ITEM() RATIONAL_B_SPLINE_CURVE((1.,0.5,1.,0.5,
1.,0.5,1.)) REPRESENTATION_ITEM('') );
#1373 = CARTESIAN_POINT('',(1.9,27.4));
#1374 = CARTESIAN_POINT('',(-1.390896534381,27.4));
#1375 = CARTESIAN_POINT('',(0.25455173281,30.25));
#1376 = CARTESIAN_POINT('',(1.9,33.1));
#1377 = CARTESIAN_POINT('',(3.54544826719,30.25));
#1378 = CARTESIAN_POINT('',(5.190896534381,27.4));
#1379 = CARTESIAN_POINT('',(1.9,27.4));
#1380 = ( GEOMETRIC_REPRESENTATION_CONTEXT(2) 
PARAMETRIC_REPRESENTATION_CONTEXT() REPRESENTATION_CONTEXT('2D SPACE',''
  ) );
#1381 = ORIENTED_EDGE('',*,*,#1382,.T.);
#1382 = EDGE_CURVE('',#1355,#670,#1383,.T.);
#1383 = SURFACE_CURVE('',#1384,(#1388,#1395),.PCURVE_S1.);
#1384 = LINE('',#1385,#1386);
#1385 = CARTESIAN_POINT('',(-21.3,35.440408555744,56.383591084864));
#1386 = VECTOR('',#1387,1.);
#1387 = DIRECTION('',(0.,-0.906307787037,0.422618261741));
#1388 = PCURVE('',#718,#1389);
#1389 = DEFINITIONAL_REPRESENTATION('',(#1390),#1394);
#1390 = LINE('',#1391,#1392);
#1391 = CARTESIAN_POINT('',(-1.570796326795,0.));
#1392 = VECTOR('',#1393,1.);
#1393 = DIRECTION('',(-0.,1.));
#1394 = ( GEOMETRIC_REPRESENTATION_CONTEXT(2) 
PARAMETRIC_REPRESENTATION_CONTEXT() REPRESENTATION_CONTEXT('2D SPACE',''
  ) );
#1395 = PCURVE('',#685,#1396);
#1396 = DEFINITIONAL_REPRESENTATION('',(#1397),#1401);
#1397 = LINE('',#1398,#1399);
#1398 = CARTESIAN_POINT('',(0.,1.9));
#1399 = VECTOR('',#1400,1.);
#1400 = DIRECTION('',(1.,0.));
#1401 = ( GEOMETRIC_REPRESENTATION_CONTEXT(2) 
PARAMETRIC_REPRESENTATION_CONTEXT() REPRESENTATION_CONTEXT('2D SPACE',''
  ) );
#1402 = ORIENTED_EDGE('',*,*,#697,.F.);
#1403 = ORIENTED_EDGE('',*,*,#1330,.F.);
#1404 = ADVANCED_FACE('',(#1405),#685,.T.);
#1405 = FACE_BOUND('',#1406,.T.);
#1406 = EDGE_LOOP('',(#1407,#1430,#1431,#1432));
#1407 = ORIENTED_EDGE('',*,*,#1408,.F.);
#1408 = EDGE_CURVE('',#1355,#1409,#1411,.T.);
#1409 = VERTEX_POINT('',#1410);
#1410 = CARTESIAN_POINT('',(21.3,35.440408555744,56.383591084864));
#1411 = SURFACE_CURVE('',#1412,(#1416,#1423),.PCURVE_S1.);
#1412 = LINE('',#1413,#1414);
#1413 = CARTESIAN_POINT('',(-23.2,35.440408555744,56.383591084864));
#1414 = VECTOR('',#1415,1.);
#1415 = DIRECTION('',(1.,0.,0.));
#1416 = PCURVE('',#685,#1417);
#1417 = DEFINITIONAL_REPRESENTATION('',(#1418),#1422);
#1418 = LINE('',#1419,#1420);
#1419 = CARTESIAN_POINT('',(0.,0.));
#1420 = VECTOR('',#1421,1.);
#1421 = DIRECTION('',(0.,1.));
#1422 = ( GEOMETRIC_REPRESENTATION_CONTEXT(2) 
PARAMETRIC_REPRESENTATION_CONTEXT() REPRESENTATION_CONTEXT('2D SPACE',''
  ) );
#1423 = PCURVE('',#1100,#1424);
#1424 = DEFINITIONAL_REPRESENTATION('',(#1425),#1429);
#1425 = LINE('',#1426,#1427);
#1426 = CARTESIAN_POINT('',(0.,31.2));
#1427 = VECTOR('',#1428,1.);
#1428 = DIRECTION('',(1.,0.));
#1429 = ( GEOMETRIC_REPRESENTATION_CONTEXT(2) 
PARAMETRIC_REPRESENTATION_CONTEXT() REPRESENTATION_CONTEXT('2D SPACE',''
  ) );
#1430 = ORIENTED_EDGE('',*,*,#1382,.T.);
#1431 = ORIENTED_EDGE('',*,*,#669,.T.);
#1432 = ORIENTED_EDGE('',*,*,#1433,.F.);
#1433 = EDGE_CURVE('',#1409,#641,#1434,.T.);
#1434 = SURFACE_CURVE('',#1435,(#1439,#1446),.PCURVE_S1.);
#1435 = LINE('',#1436,#1437);
#1436 = CARTESIAN_POINT('',(21.3,35.440408555744,56.383591084864));
#1437 = VECTOR('',#1438,1.);
#1438 = DIRECTION('',(0.,-0.906307787037,0.422618261741));
#1439 = PCURVE('',#685,#1440);
#1440 = DEFINITIONAL_REPRESENTATION('',(#1441),#1445);
#1441 = LINE('',#1442,#1443);
#1442 = CARTESIAN_POINT('',(0.,44.5));
#1443 = VECTOR('',#1444,1.);
#1444 = DIRECTION('',(1.,0.));
#1445 = ( GEOMETRIC_REPRESENTATION_CONTEXT(2) 
PARAMETRIC_REPRESENTATION_CONTEXT() REPRESENTATION_CONTEXT('2D SPACE',''
  ) );
#1446 = PCURVE('',#657,#1447);
#1447 = DEFINITIONAL_REPRESENTATION('',(#1448),#1452);
#1448 = LINE('',#1449,#1450);
#1449 = CARTESIAN_POINT('',(1.570796326795,0.));
#1450 = VECTOR('',#1451,1.);
#1451 = DIRECTION('',(0.,1.));
#1452 = ( GEOMETRIC_REPRESENTATION_CONTEXT(2) 
PARAMETRIC_REPRESENTATION_CONTEXT() REPRESENTATION_CONTEXT('2D SPACE',''
  ) );
#1453 = ADVANCED_FACE('',(#1454),#657,.T.);
#1454 = FACE_BOUND('',#1455,.T.);
#1455 = EDGE_LOOP('',(#1456,#1480,#1481,#1482));
#1456 = ORIENTED_EDGE('',*,*,#1457,.T.);
#1457 = EDGE_CURVE('',#1458,#1409,#1460,.T.);
#1458 = VERTEX_POINT('',#1459);
#1459 = CARTESIAN_POINT('',(23.2,34.637433858437,54.661606289494));
#1460 = SURFACE_CURVE('',#1461,(#1466,#1473),.PCURVE_S1.);
#1461 = CIRCLE('',#1462,1.9);
#1462 = AXIS2_PLACEMENT_3D('',#1463,#1464,#1465);
#1463 = CARTESIAN_POINT('',(21.3,34.637433858437,54.661606289494));
#1464 = DIRECTION('',(0.,-0.906307787037,0.422618261741));
#1465 = DIRECTION('',(0.,-0.422618261741,-0.906307787037));
#1466 = PCURVE('',#657,#1467);
#1467 = DEFINITIONAL_REPRESENTATION('',(#1468),#1472);
#1468 = LINE('',#1469,#1470);
#1469 = CARTESIAN_POINT('',(-1.570796326795,0.));
#1470 = VECTOR('',#1471,1.);
#1471 = DIRECTION('',(1.,0.));
#1472 = ( GEOMETRIC_REPRESENTATION_CONTEXT(2) 
PARAMETRIC_REPRESENTATION_CONTEXT() REPRESENTATION_CONTEXT('2D SPACE',''
  ) );
#1473 = PCURVE('',#1100,#1474);
#1474 = DEFINITIONAL_REPRESENTATION('',(#1475),#1479);
#1475 = CIRCLE('',#1476,1.9);
#1476 = AXIS2_PLACEMENT_2D('',#1477,#1478);
#1477 = CARTESIAN_POINT('',(44.5,29.3));
#1478 = DIRECTION('',(0.,-1.));
#1479 = ( GEOMETRIC_REPRESENTATION_CONTEXT(2) 
PARAMETRIC_REPRESENTATION_CONTEXT() REPRESENTATION_CONTEXT('2D SPACE',''
  ) );
#1480 = ORIENTED_EDGE('',*,*,#1433,.T.);
#1481 = ORIENTED_EDGE('',*,*,#640,.F.);
#1482 = ORIENTED_EDGE('',*,*,#1483,.F.);
#1483 = EDGE_CURVE('',#1458,#613,#1484,.T.);
#1484 = SURFACE_CURVE('',#1485,(#1489,#1496),.PCURVE_S1.);
#1485 = LINE('',#1486,#1487);
#1486 = CARTESIAN_POINT('',(23.2,34.637433858437,54.661606289494));
#1487 = VECTOR('',#1488,1.);
#1488 = DIRECTION('',(0.,-0.906307787037,0.422618261741));
#1489 = PCURVE('',#657,#1490);
#1490 = DEFINITIONAL_REPRESENTATION('',(#1491),#1495);
#1491 = LINE('',#1492,#1493);
#1492 = CARTESIAN_POINT('',(0.,0.));
#1493 = VECTOR('',#1494,1.);
#1494 = DIRECTION('',(0.,1.));
#1495 = ( GEOMETRIC_REPRESENTATION_CONTEXT(2) 
PARAMETRIC_REPRESENTATION_CONTEXT() REPRESENTATION_CONTEXT('2D SPACE',''
  ) );
#1496 = PCURVE('',#628,#1497);
#1497 = DEFINITIONAL_REPRESENTATION('',(#1498),#1502);
#1498 = LINE('',#1499,#1500);
#1499 = CARTESIAN_POINT('',(-3.552713678801E-15,-29.3));
#1500 = VECTOR('',#1501,1.);
#1501 = DIRECTION('',(1.,0.));
#1502 = ( GEOMETRIC_REPRESENTATION_CONTEXT(2) 
PARAMETRIC_REPRESENTATION_CONTEXT() REPRESENTATION_CONTEXT('2D SPACE',''
  ) );
#1503 = ADVANCED_FACE('',(#1504),#628,.T.);
#1504 = FACE_BOUND('',#1505,.T.);
#1505 = EDGE_LOOP('',(#1506,#1507,#1528,#1549));
#1506 = ORIENTED_EDGE('',*,*,#612,.F.);
#1507 = ORIENTED_EDGE('',*,*,#1508,.T.);
#1508 = EDGE_CURVE('',#564,#1509,#1511,.T.);
#1509 = VERTEX_POINT('',#1510);
#1510 = CARTESIAN_POINT('',(23.2,26.262741699797,36.702020998153));
#1511 = SURFACE_CURVE('',#1512,(#1516,#1522),.PCURVE_S1.);
#1512 = LINE('',#1513,#1514);
#1513 = CARTESIAN_POINT('',(23.2,26.262741699797,20.));
#1514 = VECTOR('',#1515,1.);
#1515 = DIRECTION('',(-0.,-0.,-1.));
#1516 = PCURVE('',#628,#1517);
#1517 = DEFINITIONAL_REPRESENTATION('',(#1518),#1521);
#1518 = B_SPLINE_CURVE_WITH_KNOTS('',1,(#1519,#1520),.UNSPECIFIED.,.F.,
  .F.,(2,2),(-21.64738230694,-16.25244269735),.PIECEWISE_BEZIER_KNOTS.);
#1519 = CARTESIAN_POINT('',(2.09,-13.96580961967));
#1520 = CARTESIAN_POINT('',(-0.19,-9.076333840914));
#1521 = ( GEOMETRIC_REPRESENTATION_CONTEXT(2) 
PARAMETRIC_REPRESENTATION_CONTEXT() REPRESENTATION_CONTEXT('2D SPACE',''
  ) );
#1522 = PCURVE('',#580,#1523);
#1523 = DEFINITIONAL_REPRESENTATION('',(#1524),#1527);
#1524 = B_SPLINE_CURVE_WITH_KNOTS('',1,(#1525,#1526),.UNSPECIFIED.,.F.,
  .F.,(2,2),(-21.64738230694,-16.25244269735),.PIECEWISE_BEZIER_KNOTS.);
#1525 = CARTESIAN_POINT('',(-2.461918834682,-21.64738230694));
#1526 = CARTESIAN_POINT('',(-2.461918834682,-16.25244269735));
#1527 = ( GEOMETRIC_REPRESENTATION_CONTEXT(2) 
PARAMETRIC_REPRESENTATION_CONTEXT() REPRESENTATION_CONTEXT('2D SPACE',''
  ) );
#1528 = ORIENTED_EDGE('',*,*,#1529,.T.);
#1529 = EDGE_CURVE('',#1509,#1458,#1530,.T.);
#1530 = SURFACE_CURVE('',#1531,(#1535,#1542),.PCURVE_S1.);
#1531 = LINE('',#1532,#1533);
#1532 = CARTESIAN_POINT('',(23.2,22.254718789435,28.106788129321));
#1533 = VECTOR('',#1534,1.);
#1534 = DIRECTION('',(0.,0.422618261741,0.906307787037));
#1535 = PCURVE('',#628,#1536);
#1536 = DEFINITIONAL_REPRESENTATION('',(#1537),#1541);
#1537 = LINE('',#1538,#1539);
#1538 = CARTESIAN_POINT('',(0.,0.));
#1539 = VECTOR('',#1540,1.);
#1540 = DIRECTION('',(0.,-1.));
#1541 = ( GEOMETRIC_REPRESENTATION_CONTEXT(2) 
PARAMETRIC_REPRESENTATION_CONTEXT() REPRESENTATION_CONTEXT('2D SPACE',''
  ) );
#1542 = PCURVE('',#1100,#1543);
#1543 = DEFINITIONAL_REPRESENTATION('',(#1544),#1548);
#1544 = LINE('',#1545,#1546);
#1545 = CARTESIAN_POINT('',(46.4,0.));
#1546 = VECTOR('',#1547,1.);
#1547 = DIRECTION('',(0.,1.));
#1548 = ( GEOMETRIC_REPRESENTATION_CONTEXT(2) 
PARAMETRIC_REPRESENTATION_CONTEXT() REPRESENTATION_CONTEXT('2D SPACE',''
  ) );
#1549 = ORIENTED_EDGE('',*,*,#1483,.T.);
#1550 = ADVANCED_FACE('',(#1551),#580,.F.);
#1551 = FACE_BOUND('',#1552,.T.);
#1552 = EDGE_LOOP('',(#1553,#1554,#1555,#1576,#1632));
#1553 = ORIENTED_EDGE('',*,*,#1508,.F.);
#1554 = ORIENTED_EDGE('',*,*,#563,.T.);
#1555 = ORIENTED_EDGE('',*,*,#1556,.T.);
#1556 = EDGE_CURVE('',#536,#1557,#1559,.T.);
#1557 = VERTEX_POINT('',#1558);
#1558 = CARTESIAN_POINT('',(23.2,21.737258300203,30.444501964271));
#1559 = SURFACE_CURVE('',#1560,(#1564,#1570),.PCURVE_S1.);
#1560 = LINE('',#1561,#1562);
#1561 = CARTESIAN_POINT('',(23.2,21.737258300203,20.));
#1562 = VECTOR('',#1563,1.);
#1563 = DIRECTION('',(-0.,-0.,-1.));
#1564 = PCURVE('',#580,#1565);
#1565 = DEFINITIONAL_REPRESENTATION('',(#1566),#1569);
#1566 = B_SPLINE_CURVE_WITH_KNOTS('',1,(#1567,#1568),.UNSPECIFIED.,.F.,
  .F.,(2,2),(-11.94245183786,-7.421246466313),.PIECEWISE_BEZIER_KNOTS.);
#1567 = CARTESIAN_POINT('',(-3.821266472498,-11.94245183786));
#1568 = CARTESIAN_POINT('',(-3.821266472498,-7.421246466313));
#1569 = ( GEOMETRIC_REPRESENTATION_CONTEXT(2) 
PARAMETRIC_REPRESENTATION_CONTEXT() REPRESENTATION_CONTEXT('2D SPACE',''
  ) );
#1570 = PCURVE('',#551,#1571);
#1571 = DEFINITIONAL_REPRESENTATION('',(#1572),#1575);
#1572 = B_SPLINE_CURVE_WITH_KNOTS('',1,(#1573,#1574),.UNSPECIFIED.,.F.,
  .F.,(2,2),(-11.94245183786,-7.421246466313),.PIECEWISE_BEZIER_KNOTS.);
#1573 = CARTESIAN_POINT('',(2.09,-3.257603635026));
#1574 = CARTESIAN_POINT('',(0.179256044903,0.84));
#1575 = ( GEOMETRIC_REPRESENTATION_CONTEXT(2) 
PARAMETRIC_REPRESENTATION_CONTEXT() REPRESENTATION_CONTEXT('2D SPACE',''
  ) );
#1576 = ORIENTED_EDGE('',*,*,#1577,.F.);
#1577 = EDGE_CURVE('',#1578,#1557,#1580,.T.);
#1578 = VERTEX_POINT('',#1579);
#1579 = CARTESIAN_POINT('',(22.717038675369,22.522784734382,
    28.681657403412));
#1580 = SURFACE_CURVE('',#1581,(#1596,#1614),.PCURVE_S1.);
#1581 = B_SPLINE_CURVE_WITH_KNOTS('',7,(#1582,#1583,#1584,#1585,#1586,
    #1587,#1588,#1589,#1590,#1591,#1592,#1593,#1594,#1595),
  .UNSPECIFIED.,.F.,.F.,(8,6,8),(0.,0.764712141126,1.),.UNSPECIFIED.);
#1582 = CARTESIAN_POINT('',(22.717038473635,22.522785182716,
    28.681656945147));
#1583 = CARTESIAN_POINT('',(22.785256031758,22.37117851311,
    28.836621827392));
#1584 = CARTESIAN_POINT('',(22.857296829775,22.232901113547,
    29.000760252289));
#1585 = CARTESIAN_POINT('',(22.930340885774,22.109230314571,
    29.174842094195));
#1586 = CARTESIAN_POINT('',(23.001069381646,22.001477520473,
    29.359582710714));
#1587 = CARTESIAN_POINT('',(23.065614735494,21.911180670299,
    29.555226945364));
#1588 = CARTESIAN_POINT('',(23.119158755478,21.840259342369,
    29.761005743671));
#1589 = CARTESIAN_POINT('',(23.168115193881,21.777213195953,
    30.038770072733));
#1590 = CARTESIAN_POINT('',(23.17812212984,21.76451266288,
    30.104824697836));
#1591 = CARTESIAN_POINT('',(23.186482186473,21.75402591047,
    30.17159110337));
#1592 = CARTESIAN_POINT('',(23.193038276475,21.74587306514,
    30.239045462225));
#1593 = CARTESIAN_POINT('',(23.197610374183,21.740215283441,
    30.307115806382));
#1594 = CARTESIAN_POINT('',(23.2,21.737258300203,30.375669670639));
#1595 = CARTESIAN_POINT('',(23.2,21.737258300203,30.444501964271));
#1596 = PCURVE('',#580,#1597);
#1597 = DEFINITIONAL_REPRESENTATION('',(#1598),#1613);
#1598 = B_SPLINE_CURVE_WITH_KNOTS('',7,(#1599,#1600,#1601,#1602,#1603,
    #1604,#1605,#1606,#1607,#1608,#1609,#1610,#1611,#1612),
  .UNSPECIFIED.,.F.,.F.,(8,6,8),(0.,0.764712141126,1.),.UNSPECIFIED.);
#1599 = CARTESIAN_POINT('',(-3.564416721999,-8.681656945147));
#1600 = CARTESIAN_POINT('',(-3.610596571622,-8.836621827392));
#1601 = CARTESIAN_POINT('',(-3.653835635393,-9.000760252289));
#1602 = CARTESIAN_POINT('',(-3.693650274822,-9.174842094195));
#1603 = CARTESIAN_POINT('',(-3.729396740916,-9.359582710714));
#1604 = CARTESIAN_POINT('',(-3.760212193049,-9.555226945364));
#1605 = CARTESIAN_POINT('',(-3.784894327114,-9.761005743671));
#1606 = CARTESIAN_POINT('',(-3.807067100986,-10.03877007273));
#1607 = CARTESIAN_POINT('',(-3.811558426413,-10.10482469783));
#1608 = CARTESIAN_POINT('',(-3.815283712484,-10.17159110337));
#1609 = CARTESIAN_POINT('',(-3.818189777842,-10.23904546222));
#1610 = CARTESIAN_POINT('',(-3.820210404134,-10.30711580638));
#1611 = CARTESIAN_POINT('',(-3.821266472498,-10.37566967063));
#1612 = CARTESIAN_POINT('',(-3.821266472498,-10.44450196427));
#1613 = ( GEOMETRIC_REPRESENTATION_CONTEXT(2) 
PARAMETRIC_REPRESENTATION_CONTEXT() REPRESENTATION_CONTEXT('2D SPACE',''
  ) );
#1614 = PCURVE('',#523,#1615);
#1615 = DEFINITIONAL_REPRESENTATION('',(#1616),#1631);
#1616 = B_SPLINE_CURVE_WITH_KNOTS('',7,(#1617,#1618,#1619,#1620,#1621,
    #1622,#1623,#1624,#1625,#1626,#1627,#1628,#1629,#1630),
  .UNSPECIFIED.,.F.,.F.,(8,6,8),(0.,0.764712141126,1.),.UNSPECIFIED.);
#1617 = CARTESIAN_POINT('',(-0.729046801336,-6.E-07));
#1618 = CARTESIAN_POINT('',(-0.675149794487,0.202892694396));
#1619 = CARTESIAN_POINT('',(-0.614437112721,0.397582474206));
#1620 = CARTESIAN_POINT('',(-0.547159412,0.583236447774));
#1621 = CARTESIAN_POINT('',(-0.47344947204,0.758968402366));
#1622 = CARTESIAN_POINT('',(-0.393360081174,0.923487967191));
#1623 = CARTESIAN_POINT('',(-0.306871110955,1.074730397004));
#1624 = CARTESIAN_POINT('',(-0.185630151391,1.249257888366));
#1625 = CARTESIAN_POINT('',(-0.156482744414,1.28868437123));
#1626 = CARTESIAN_POINT('',(-0.126668661648,1.32640529885));
#1627 = CARTESIAN_POINT('',(-9.614524219847E-02,1.362301729944));
#1628 = CARTESIAN_POINT('',(-6.487602726484E-02,1.39619719208));
#1629 = CARTESIAN_POINT('',(-3.283328616728E-02,1.427849243962));
#1630 = CARTESIAN_POINT('',(0.,1.456939028248));
#1631 = ( GEOMETRIC_REPRESENTATION_CONTEXT(2) 
PARAMETRIC_REPRESENTATION_CONTEXT() REPRESENTATION_CONTEXT('2D SPACE',''
  ) );
#1632 = ORIENTED_EDGE('',*,*,#1633,.F.);
#1633 = EDGE_CURVE('',#1509,#1578,#1634,.T.);
#1634 = SURFACE_CURVE('',#1635,(#1640,#1660),.PCURVE_S1.);
#1635 = ELLIPSE('',#1636,8.518325699349,3.6);
#1636 = AXIS2_PLACEMENT_3D('',#1637,#1638,#1639);
#1637 = CARTESIAN_POINT('',(26.,24.,31.849555763613));
#1638 = DIRECTION('',(0.,-0.906307787037,0.422618261741));
#1639 = DIRECTION('',(0.,-0.422618261741,-0.906307787037));
#1640 = PCURVE('',#580,#1641);
#1641 = DEFINITIONAL_REPRESENTATION('',(#1642),#1659);
#1642 = B_SPLINE_CURVE_WITH_KNOTS('',8,(#1643,#1644,#1645,#1646,#1647,
    #1648,#1649,#1650,#1651,#1652,#1653,#1654,#1655,#1656,#1657,#1658),
  .UNSPECIFIED.,.F.,.F.,(9,7,9),(2.605115640216,4.167761747216,
    5.730407854216),.UNSPECIFIED.);
#1643 = CARTESIAN_POINT('',(-1.034319313421,-18.48520217176));
#1644 = CARTESIAN_POINT('',(-1.229650076796,-19.25595641164));
#1645 = CARTESIAN_POINT('',(-1.424980840169,-19.73736523229));
#1646 = CARTESIAN_POINT('',(-1.620311603545,-19.88461804034));
#1647 = CARTESIAN_POINT('',(-1.815642366919,-19.67645212425));
#1648 = CARTESIAN_POINT('',(-2.010973130298,-19.1206357235));
#1649 = CARTESIAN_POINT('',(-2.206303893669,-18.25462918942));
#1650 = CARTESIAN_POINT('',(-2.401634657046,-17.13921990371));
#1651 = CARTESIAN_POINT('',(-2.792296183796,-14.55957773817));
#1652 = CARTESIAN_POINT('',(-2.987626947168,-13.09534426872));
#1653 = CARTESIAN_POINT('',(-3.182957710544,-11.53169221327));
#1654 = CARTESIAN_POINT('',(-3.378288473908,-9.957789710999));
#1655 = CARTESIAN_POINT('',(-3.573619237299,-8.467914562632));
#1656 = CARTESIAN_POINT('',(-3.768950000666,-7.149167963287));
#1657 = CARTESIAN_POINT('',(-3.964280764046,-6.070886491521));
#1658 = CARTESIAN_POINT('',(-4.159611527421,-5.279107833766));
#1659 = ( GEOMETRIC_REPRESENTATION_CONTEXT(2) 
PARAMETRIC_REPRESENTATION_CONTEXT() REPRESENTATION_CONTEXT('2D SPACE',''
  ) );
#1660 = PCURVE('',#1100,#1661);
#1661 = DEFINITIONAL_REPRESENTATION('',(#1662),#1666);
#1662 = ELLIPSE('',#1663,8.518325699349,3.6);
#1663 = AXIS2_PLACEMENT_2D('',#1664,#1665);
#1664 = CARTESIAN_POINT('',(49.2,4.129687163486));
#1665 = DIRECTION('',(0.,-1.));
#1666 = ( GEOMETRIC_REPRESENTATION_CONTEXT(2) 
PARAMETRIC_REPRESENTATION_CONTEXT() REPRESENTATION_CONTEXT('2D SPACE',''
  ) );
#1667 = ADVANCED_FACE('',(#1668),#551,.T.);
#1668 = FACE_BOUND('',#1669,.T.);
#1669 = EDGE_LOOP('',(#1670,#1671,#1692));
#1670 = ORIENTED_EDGE('',*,*,#535,.F.);
#1671 = ORIENTED_EDGE('',*,*,#1672,.F.);
#1672 = EDGE_CURVE('',#1557,#503,#1673,.T.);
#1673 = SURFACE_CURVE('',#1674,(#1678,#1685),.PCURVE_S1.);
#1674 = LINE('',#1675,#1676);
#1675 = CARTESIAN_POINT('',(23.2,23.057693486742,29.82877292469));
#1676 = VECTOR('',#1677,1.);
#1677 = DIRECTION('',(0.,-0.906307787037,0.422618261741));
#1678 = PCURVE('',#551,#1679);
#1679 = DEFINITIONAL_REPRESENTATION('',(#1680),#1684);
#1680 = LINE('',#1681,#1682);
#1681 = CARTESIAN_POINT('',(1.998401444325E-15,-1.9));
#1682 = VECTOR('',#1683,1.);
#1683 = DIRECTION('',(1.,0.));
#1684 = ( GEOMETRIC_REPRESENTATION_CONTEXT(2) 
PARAMETRIC_REPRESENTATION_CONTEXT() REPRESENTATION_CONTEXT('2D SPACE',''
  ) );
#1685 = PCURVE('',#523,#1686);
#1686 = DEFINITIONAL_REPRESENTATION('',(#1687),#1691);
#1687 = LINE('',#1688,#1689);
#1688 = CARTESIAN_POINT('',(-0.,0.));
#1689 = VECTOR('',#1690,1.);
#1690 = DIRECTION('',(-0.,1.));
#1691 = ( GEOMETRIC_REPRESENTATION_CONTEXT(2) 
PARAMETRIC_REPRESENTATION_CONTEXT() REPRESENTATION_CONTEXT('2D SPACE',''
  ) );
#1692 = ORIENTED_EDGE('',*,*,#1556,.F.);
#1693 = ADVANCED_FACE('',(#1694),#523,.T.);
#1694 = FACE_BOUND('',#1695,.F.);
#1695 = EDGE_LOOP('',(#1696,#1697,#1725,#1751,#1780,#1801,#1802));
#1696 = ORIENTED_EDGE('',*,*,#1577,.F.);
#1697 = ORIENTED_EDGE('',*,*,#1698,.T.);
#1698 = EDGE_CURVE('',#1578,#1699,#1701,.T.);
#1699 = VERTEX_POINT('',#1700);
#1700 = CARTESIAN_POINT('',(21.5,22.259179794493,28.11635478554));
#1701 = SURFACE_CURVE('',#1702,(#1707,#1714),.PCURVE_S1.);
#1702 = CIRCLE('',#1703,1.9);
#1703 = AXIS2_PLACEMENT_3D('',#1704,#1705,#1706);
#1704 = CARTESIAN_POINT('',(21.3,23.057693486742,29.82877292469));
#1705 = DIRECTION('',(0.,0.906307787037,-0.422618261741));
#1706 = DIRECTION('',(0.,-0.422618261741,-0.906307787037));
#1707 = PCURVE('',#523,#1708);
#1708 = DEFINITIONAL_REPRESENTATION('',(#1709),#1713);
#1709 = LINE('',#1710,#1711);
#1710 = CARTESIAN_POINT('',(4.712388980385,-0.));
#1711 = VECTOR('',#1712,1.);
#1712 = DIRECTION('',(-1.,0.));
#1713 = ( GEOMETRIC_REPRESENTATION_CONTEXT(2) 
PARAMETRIC_REPRESENTATION_CONTEXT() REPRESENTATION_CONTEXT('2D SPACE',''
  ) );
#1714 = PCURVE('',#1100,#1715);
#1715 = DEFINITIONAL_REPRESENTATION('',(#1716),#1724);
#1716 = ( BOUNDED_CURVE() B_SPLINE_CURVE(2,(#1717,#1718,#1719,#1720,
#1721,#1722,#1723),.UNSPECIFIED.,.T.,.F.) B_SPLINE_CURVE_WITH_KNOTS((1,2
    ,2,2,2,1),(-2.094395102393,0.,2.094395102393,4.188790204786,
6.28318530718,8.377580409573),.UNSPECIFIED.) CURVE() 
GEOMETRIC_REPRESENTATION_ITEM() RATIONAL_B_SPLINE_CURVE((1.,0.5,1.,0.5,
1.,0.5,1.)) REPRESENTATION_ITEM('') );
#1717 = CARTESIAN_POINT('',(44.5,0.));
#1718 = CARTESIAN_POINT('',(41.209103465619,0.));
#1719 = CARTESIAN_POINT('',(42.85455173281,2.85));
#1720 = CARTESIAN_POINT('',(44.5,5.7));
#1721 = CARTESIAN_POINT('',(46.14544826719,2.85));
#1722 = CARTESIAN_POINT('',(47.790896534381,2.886579864025E-15));
#1723 = CARTESIAN_POINT('',(44.5,0.));
#1724 = ( GEOMETRIC_REPRESENTATION_CONTEXT(2) 
PARAMETRIC_REPRESENTATION_CONTEXT() REPRESENTATION_CONTEXT('2D SPACE',''
  ) );
#1725 = ORIENTED_EDGE('',*,*,#1726,.T.);
#1726 = EDGE_CURVE('',#1699,#1727,#1729,.T.);
#1727 = VERTEX_POINT('',#1728);
#1728 = CARTESIAN_POINT('',(21.5,21.987287458382,28.243140264062));
#1729 = SURFACE_CURVE('',#1730,(#1734,#1740),.PCURVE_S1.);
#1730 = LINE('',#1731,#1732);
#1731 = CARTESIAN_POINT('',(21.5,22.259179794493,28.11635478554));
#1732 = VECTOR('',#1733,1.);
#1733 = DIRECTION('',(0.,-0.906307787037,0.422618261741));
#1734 = PCURVE('',#523,#1735);
#1735 = DEFINITIONAL_REPRESENTATION('',(#1736),#1739);
#1736 = B_SPLINE_CURVE_WITH_KNOTS('',1,(#1737,#1738),.UNSPECIFIED.,.F.,
  .F.,(2,2),(-5.999999998201E-07,0.7),.PIECEWISE_BEZIER_KNOTS.);
#1737 = CARTESIAN_POINT('',(-1.465337801396,-6.000000000421E-07));
#1738 = CARTESIAN_POINT('',(-1.465337801396,0.7));
#1739 = ( GEOMETRIC_REPRESENTATION_CONTEXT(2) 
PARAMETRIC_REPRESENTATION_CONTEXT() REPRESENTATION_CONTEXT('2D SPACE',''
  ) );
#1740 = PCURVE('',#1741,#1746);
#1741 = PLANE('',#1742);
#1742 = AXIS2_PLACEMENT_3D('',#1743,#1744,#1745);
#1743 = CARTESIAN_POINT('',(21.5,24.171155511552,23.461654084955));
#1744 = DIRECTION('',(1.,0.,0.));
#1745 = DIRECTION('',(0.,-0.906307787037,0.422618261741));
#1746 = DEFINITIONAL_REPRESENTATION('',(#1747),#1750);
#1747 = B_SPLINE_CURVE_WITH_KNOTS('',1,(#1748,#1749),.UNSPECIFIED.,.F.,
  .F.,(2,2),(-5.999999998201E-07,0.7),.PIECEWISE_BEZIER_KNOTS.);
#1748 = CARTESIAN_POINT('',(3.6999994,-3.410555637231));
#1749 = CARTESIAN_POINT('',(4.4,-3.410555637231));
#1750 = ( GEOMETRIC_REPRESENTATION_CONTEXT(2) 
PARAMETRIC_REPRESENTATION_CONTEXT() REPRESENTATION_CONTEXT('2D SPACE',''
  ) );
#1751 = ORIENTED_EDGE('',*,*,#1752,.F.);
#1752 = EDGE_CURVE('',#1753,#1727,#1755,.T.);
#1753 = VERTEX_POINT('',#1754);
#1754 = CARTESIAN_POINT('',(21.3,21.982826453324,28.233573607843));
#1755 = SURFACE_CURVE('',#1756,(#1761,#1768),.PCURVE_S1.);
#1756 = CIRCLE('',#1757,1.9);
#1757 = AXIS2_PLACEMENT_3D('',#1758,#1759,#1760);
#1758 = CARTESIAN_POINT('',(21.3,22.785801150631,29.955558403212));
#1759 = DIRECTION('',(0.,-0.906307787037,0.422618261741));
#1760 = DIRECTION('',(1.,0.,0.));
#1761 = PCURVE('',#523,#1762);
#1762 = DEFINITIONAL_REPRESENTATION('',(#1763),#1767);
#1763 = LINE('',#1764,#1765);
#1764 = CARTESIAN_POINT('',(-6.28318530718,0.3));
#1765 = VECTOR('',#1766,1.);
#1766 = DIRECTION('',(1.,-0.));
#1767 = ( GEOMETRIC_REPRESENTATION_CONTEXT(2) 
PARAMETRIC_REPRESENTATION_CONTEXT() REPRESENTATION_CONTEXT('2D SPACE',''
  ) );
#1768 = PCURVE('',#1769,#1774);
#1769 = PLANE('',#1770);
#1770 = AXIS2_PLACEMENT_3D('',#1771,#1772,#1773);
#1771 = CARTESIAN_POINT('',(-21.5,20.545924363405,25.152127131918));
#1772 = DIRECTION('',(0.,-0.906307787037,0.422618261741));
#1773 = DIRECTION('',(1.,0.,0.));
#1774 = DEFINITIONAL_REPRESENTATION('',(#1775),#1779);
#1775 = CIRCLE('',#1776,1.9);
#1776 = AXIS2_PLACEMENT_2D('',#1777,#1778);
#1777 = CARTESIAN_POINT('',(42.8,5.3));
#1778 = DIRECTION('',(1.,0.));
#1779 = ( GEOMETRIC_REPRESENTATION_CONTEXT(2) 
PARAMETRIC_REPRESENTATION_CONTEXT() REPRESENTATION_CONTEXT('2D SPACE',''
  ) );
#1780 = ORIENTED_EDGE('',*,*,#1781,.T.);
#1781 = EDGE_CURVE('',#1753,#475,#1782,.T.);
#1782 = SURFACE_CURVE('',#1783,(#1787,#1794),.PCURVE_S1.);
#1783 = LINE('',#1784,#1785);
#1784 = CARTESIAN_POINT('',(21.3,22.254718789435,28.106788129321));
#1785 = VECTOR('',#1786,1.);
#1786 = DIRECTION('',(0.,-0.906307787037,0.422618261741));
#1787 = PCURVE('',#523,#1788);
#1788 = DEFINITIONAL_REPRESENTATION('',(#1789),#1793);
#1789 = LINE('',#1790,#1791);
#1790 = CARTESIAN_POINT('',(-1.570796326795,0.));
#1791 = VECTOR('',#1792,1.);
#1792 = DIRECTION('',(-0.,1.));
#1793 = ( GEOMETRIC_REPRESENTATION_CONTEXT(2) 
PARAMETRIC_REPRESENTATION_CONTEXT() REPRESENTATION_CONTEXT('2D SPACE',''
  ) );
#1794 = PCURVE('',#490,#1795);
#1795 = DEFINITIONAL_REPRESENTATION('',(#1796),#1800);
#1796 = LINE('',#1797,#1798);
#1797 = CARTESIAN_POINT('',(0.,44.5));
#1798 = VECTOR('',#1799,1.);
#1799 = DIRECTION('',(1.,0.));
#1800 = ( GEOMETRIC_REPRESENTATION_CONTEXT(2) 
PARAMETRIC_REPRESENTATION_CONTEXT() REPRESENTATION_CONTEXT('2D SPACE',''
  ) );
#1801 = ORIENTED_EDGE('',*,*,#502,.F.);
#1802 = ORIENTED_EDGE('',*,*,#1672,.F.);
#1803 = ADVANCED_FACE('',(#1804),#490,.F.);
#1804 = FACE_BOUND('',#1805,.F.);
#1805 = EDGE_LOOP('',(#1806,#1827,#1848,#1849));
#1806 = ORIENTED_EDGE('',*,*,#1807,.F.);
#1807 = EDGE_CURVE('',#1808,#1753,#1810,.T.);
#1808 = VERTEX_POINT('',#1809);
#1809 = CARTESIAN_POINT('',(19.6,21.982826453324,28.233573607843));
#1810 = SURFACE_CURVE('',#1811,(#1815,#1821),.PCURVE_S1.);
#1811 = LINE('',#1812,#1813);
#1812 = CARTESIAN_POINT('',(-22.35,21.982826453324,28.233573607843));
#1813 = VECTOR('',#1814,1.);
#1814 = DIRECTION('',(1.,0.,-0.));
#1815 = PCURVE('',#490,#1816);
#1816 = DEFINITIONAL_REPRESENTATION('',(#1817),#1820);
#1817 = B_SPLINE_CURVE_WITH_KNOTS('',1,(#1818,#1819),.UNSPECIFIED.,.F.,
  .F.,(2,2),(41.95,43.65),.PIECEWISE_BEZIER_KNOTS.);
#1818 = CARTESIAN_POINT('',(0.3,42.8));
#1819 = CARTESIAN_POINT('',(0.3,44.5));
#1820 = ( GEOMETRIC_REPRESENTATION_CONTEXT(2) 
PARAMETRIC_REPRESENTATION_CONTEXT() REPRESENTATION_CONTEXT('2D SPACE',''
  ) );
#1821 = PCURVE('',#1769,#1822);
#1822 = DEFINITIONAL_REPRESENTATION('',(#1823),#1826);
#1823 = B_SPLINE_CURVE_WITH_KNOTS('',1,(#1824,#1825),.UNSPECIFIED.,.F.,
  .F.,(2,2),(41.95,43.65),.PIECEWISE_BEZIER_KNOTS.);
#1824 = CARTESIAN_POINT('',(41.1,3.4));
#1825 = CARTESIAN_POINT('',(42.8,3.4));
#1826 = ( GEOMETRIC_REPRESENTATION_CONTEXT(2) 
PARAMETRIC_REPRESENTATION_CONTEXT() REPRESENTATION_CONTEXT('2D SPACE',''
  ) );
#1827 = ORIENTED_EDGE('',*,*,#1828,.F.);
#1828 = EDGE_CURVE('',#447,#1808,#1829,.T.);
#1829 = SURFACE_CURVE('',#1830,(#1834,#1841),.PCURVE_S1.);
#1830 = LINE('',#1831,#1832);
#1831 = CARTESIAN_POINT('',(19.6,22.707872682953,27.89547899845));
#1832 = VECTOR('',#1833,1.);
#1833 = DIRECTION('',(0.,0.906307787037,-0.422618261741));
#1834 = PCURVE('',#490,#1835);
#1835 = DEFINITIONAL_REPRESENTATION('',(#1836),#1840);
#1836 = LINE('',#1837,#1838);
#1837 = CARTESIAN_POINT('',(-0.5,42.8));
#1838 = VECTOR('',#1839,1.);
#1839 = DIRECTION('',(-1.,0.));
#1840 = ( GEOMETRIC_REPRESENTATION_CONTEXT(2) 
PARAMETRIC_REPRESENTATION_CONTEXT() REPRESENTATION_CONTEXT('2D SPACE',''
  ) );
#1841 = PCURVE('',#462,#1842);
#1842 = DEFINITIONAL_REPRESENTATION('',(#1843),#1847);
#1843 = LINE('',#1844,#1845);
#1844 = CARTESIAN_POINT('',(0.5,-18.4));
#1845 = VECTOR('',#1846,1.);
#1846 = DIRECTION('',(-1.,0.));
#1847 = ( GEOMETRIC_REPRESENTATION_CONTEXT(2) 
PARAMETRIC_REPRESENTATION_CONTEXT() REPRESENTATION_CONTEXT('2D SPACE',''
  ) );
#1848 = ORIENTED_EDGE('',*,*,#474,.T.);
#1849 = ORIENTED_EDGE('',*,*,#1781,.F.);
#1850 = ADVANCED_FACE('',(#1851),#462,.T.);
#1851 = FACE_BOUND('',#1852,.T.);
#1852 = EDGE_LOOP('',(#1853,#1854,#1876,#1904,#1930,#1949));
#1853 = ORIENTED_EDGE('',*,*,#446,.F.);
#1854 = ORIENTED_EDGE('',*,*,#1855,.F.);
#1855 = EDGE_CURVE('',#1856,#420,#1858,.T.);
#1856 = VERTEX_POINT('',#1857);
#1857 = CARTESIAN_POINT('',(19.6,19.577839320655,20.));
#1858 = SURFACE_CURVE('',#1859,(#1863,#1869),.PCURVE_S1.);
#1859 = LINE('',#1860,#1861);
#1860 = CARTESIAN_POINT('',(19.6,13.692425280221,20.));
#1861 = VECTOR('',#1862,1.);
#1862 = DIRECTION('',(0.,-1.,0.));
#1863 = PCURVE('',#462,#1864);
#1864 = DEFINITIONAL_REPRESENTATION('',(#1865),#1868);
#1865 = B_SPLINE_CURVE_WITH_KNOTS('',1,(#1866,#1867),.UNSPECIFIED.,.F.,
  .F.,(2,2),(-5.885414040434,-2.685618075443),.PIECEWISE_BEZIER_KNOTS.);
#1866 = CARTESIAN_POINT('',(0.,-9.921456642555));
#1867 = CARTESIAN_POINT('',(2.9,-8.569164433906));
#1868 = ( GEOMETRIC_REPRESENTATION_CONTEXT(2) 
PARAMETRIC_REPRESENTATION_CONTEXT() REPRESENTATION_CONTEXT('2D SPACE',''
  ) );
#1869 = PCURVE('',#434,#1870);
#1870 = DEFINITIONAL_REPRESENTATION('',(#1871),#1875);
#1871 = LINE('',#1872,#1873);
#1872 = CARTESIAN_POINT('',(5.6,1.692425280221));
#1873 = VECTOR('',#1874,1.);
#1874 = DIRECTION('',(0.,-1.));
#1875 = ( GEOMETRIC_REPRESENTATION_CONTEXT(2) 
PARAMETRIC_REPRESENTATION_CONTEXT() REPRESENTATION_CONTEXT('2D SPACE',''
  ) );
#1876 = ORIENTED_EDGE('',*,*,#1877,.T.);
#1877 = EDGE_CURVE('',#1856,#1878,#1880,.T.);
#1878 = VERTEX_POINT('',#1879);
#1879 = CARTESIAN_POINT('',(19.6,21.724124486553,24.602723391655));
#1880 = SURFACE_CURVE('',#1881,(#1885,#1892),.PCURVE_S1.);
#1881 = LINE('',#1882,#1883);
#1882 = CARTESIAN_POINT('',(19.6,15.384850560442,11.008106586105));
#1883 = VECTOR('',#1884,1.);
#1884 = DIRECTION('',(0.,0.422618261741,0.906307787037));
#1885 = PCURVE('',#462,#1886);
#1886 = DEFINITIONAL_REPRESENTATION('',(#1887),#1891);
#1887 = LINE('',#1888,#1889);
#1888 = CARTESIAN_POINT('',(0.,0.));
#1889 = VECTOR('',#1890,1.);
#1890 = DIRECTION('',(0.,-1.));
#1891 = ( GEOMETRIC_REPRESENTATION_CONTEXT(2) 
PARAMETRIC_REPRESENTATION_CONTEXT() REPRESENTATION_CONTEXT('2D SPACE',''
  ) );
#1892 = PCURVE('',#1893,#1898);
#1893 = PLANE('',#1894);
#1894 = AXIS2_PLACEMENT_3D('',#1895,#1896,#1897);
#1895 = CARTESIAN_POINT('',(12.4,15.384850560442,11.008106586105));
#1896 = DIRECTION('',(0.,-0.906307787037,0.422618261741));
#1897 = DIRECTION('',(1.,0.,0.));
#1898 = DEFINITIONAL_REPRESENTATION('',(#1899),#1903);
#1899 = LINE('',#1900,#1901);
#1900 = CARTESIAN_POINT('',(7.2,0.));
#1901 = VECTOR('',#1902,1.);
#1902 = DIRECTION('',(0.,1.));
#1903 = ( GEOMETRIC_REPRESENTATION_CONTEXT(2) 
PARAMETRIC_REPRESENTATION_CONTEXT() REPRESENTATION_CONTEXT('2D SPACE',''
  ) );
#1904 = ORIENTED_EDGE('',*,*,#1905,.T.);
#1905 = EDGE_CURVE('',#1878,#1906,#1908,.T.);
#1906 = VERTEX_POINT('',#1907);
#1907 = CARTESIAN_POINT('',(19.6,20.545924363405,25.152127131918));
#1908 = SURFACE_CURVE('',#1909,(#1913,#1919),.PCURVE_S1.);
#1909 = LINE('',#1910,#1911);
#1910 = CARTESIAN_POINT('',(19.6,22.947639999052,24.032188738305));
#1911 = VECTOR('',#1912,1.);
#1912 = DIRECTION('',(0.,-0.906307787037,0.422618261741));
#1913 = PCURVE('',#462,#1914);
#1914 = DEFINITIONAL_REPRESENTATION('',(#1915),#1918);
#1915 = B_SPLINE_CURVE_WITH_KNOTS('',1,(#1916,#1917),.UNSPECIFIED.,.F.,
  .F.,(2,2),(1.35,2.65),.PIECEWISE_BEZIER_KNOTS.);
#1916 = CARTESIAN_POINT('',(0.,-15.));
#1917 = CARTESIAN_POINT('',(1.3,-15.));
#1918 = ( GEOMETRIC_REPRESENTATION_CONTEXT(2) 
PARAMETRIC_REPRESENTATION_CONTEXT() REPRESENTATION_CONTEXT('2D SPACE',''
  ) );
#1919 = PCURVE('',#1920,#1925);
#1920 = PLANE('',#1921);
#1921 = AXIS2_PLACEMENT_3D('',#1922,#1923,#1924);
#1922 = CARTESIAN_POINT('',(-21.5,24.171155511552,23.461654084955));
#1923 = DIRECTION('',(0.,0.422618261741,0.906307787037));
#1924 = DIRECTION('',(0.,-0.906307787037,0.422618261741));
#1925 = DEFINITIONAL_REPRESENTATION('',(#1926),#1929);
#1926 = B_SPLINE_CURVE_WITH_KNOTS('',1,(#1927,#1928),.UNSPECIFIED.,.F.,
  .F.,(2,2),(1.35,2.65),.PIECEWISE_BEZIER_KNOTS.);
#1927 = CARTESIAN_POINT('',(2.7,41.1));
#1928 = CARTESIAN_POINT('',(4.,41.1));
#1929 = ( GEOMETRIC_REPRESENTATION_CONTEXT(2) 
PARAMETRIC_REPRESENTATION_CONTEXT() REPRESENTATION_CONTEXT('2D SPACE',''
  ) );
#1930 = ORIENTED_EDGE('',*,*,#1931,.F.);
#1931 = EDGE_CURVE('',#1808,#1906,#1932,.T.);
#1932 = SURFACE_CURVE('',#1933,(#1937,#1943),.PCURVE_S1.);
#1933 = LINE('',#1934,#1935);
#1934 = CARTESIAN_POINT('',(19.6,17.37628740035,18.354818729143));
#1935 = VECTOR('',#1936,1.);
#1936 = DIRECTION('',(0.,-0.422618261741,-0.906307787037));
#1937 = PCURVE('',#462,#1938);
#1938 = DEFINITIONAL_REPRESENTATION('',(#1939),#1942);
#1939 = B_SPLINE_CURVE_WITH_KNOTS('',1,(#1940,#1941),.UNSPECIFIED.,.F.,
  .F.,(2,2),(-13.5,-7.5),.PIECEWISE_BEZIER_KNOTS.);
#1940 = CARTESIAN_POINT('',(1.3,-21.));
#1941 = CARTESIAN_POINT('',(1.3,-15.));
#1942 = ( GEOMETRIC_REPRESENTATION_CONTEXT(2) 
PARAMETRIC_REPRESENTATION_CONTEXT() REPRESENTATION_CONTEXT('2D SPACE',''
  ) );
#1943 = PCURVE('',#1769,#1944);
#1944 = DEFINITIONAL_REPRESENTATION('',(#1945),#1948);
#1945 = B_SPLINE_CURVE_WITH_KNOTS('',1,(#1946,#1947),.UNSPECIFIED.,.F.,
  .F.,(2,2),(-13.5,-7.5),.PIECEWISE_BEZIER_KNOTS.);
#1946 = CARTESIAN_POINT('',(41.1,6.));
#1947 = CARTESIAN_POINT('',(41.1,0.));
#1948 = ( GEOMETRIC_REPRESENTATION_CONTEXT(2) 
PARAMETRIC_REPRESENTATION_CONTEXT() REPRESENTATION_CONTEXT('2D SPACE',''
  ) );
#1949 = ORIENTED_EDGE('',*,*,#1828,.F.);
#1950 = ADVANCED_FACE('',(#1951,#2218),#434,.T.);
#1951 = FACE_BOUND('',#1952,.T.);
#1952 = EDGE_LOOP('',(#1953,#1976,#2003,#2030,#2058,#2085,#2112,#2140,
    #2168,#2196,#2216,#2217));
#1953 = ORIENTED_EDGE('',*,*,#1954,.F.);
#1954 = EDGE_CURVE('',#1955,#394,#1957,.T.);
#1955 = VERTEX_POINT('',#1956);
#1956 = CARTESIAN_POINT('',(14.,14.72297647722,20.));
#1957 = SURFACE_CURVE('',#1958,(#1962,#1969),.PCURVE_S1.);
#1958 = LINE('',#1959,#1960);
#1959 = CARTESIAN_POINT('',(14.,12.,20.));
#1960 = VECTOR('',#1961,1.);
#1961 = DIRECTION('',(0.,1.,0.));
#1962 = PCURVE('',#434,#1963);
#1963 = DEFINITIONAL_REPRESENTATION('',(#1964),#1968);
#1964 = LINE('',#1965,#1966);
#1965 = CARTESIAN_POINT('',(0.,0.));
#1966 = VECTOR('',#1967,1.);
#1967 = DIRECTION('',(0.,1.));
#1968 = ( GEOMETRIC_REPRESENTATION_CONTEXT(2) 
PARAMETRIC_REPRESENTATION_CONTEXT() REPRESENTATION_CONTEXT('2D SPACE',''
  ) );
#1969 = PCURVE('',#408,#1970);
#1970 = DEFINITIONAL_REPRESENTATION('',(#1971),#1975);
#1971 = LINE('',#1972,#1973);
#1972 = CARTESIAN_POINT('',(3.,0.));
#1973 = VECTOR('',#1974,1.);
#1974 = DIRECTION('',(0.,-1.));
#1975 = ( GEOMETRIC_REPRESENTATION_CONTEXT(2) 
PARAMETRIC_REPRESENTATION_CONTEXT() REPRESENTATION_CONTEXT('2D SPACE',''
  ) );
#1976 = ORIENTED_EDGE('',*,*,#1977,.T.);
#1977 = EDGE_CURVE('',#1955,#1978,#1980,.T.);
#1978 = VERTEX_POINT('',#1979);
#1979 = CARTESIAN_POINT('',(21.7,14.72297647722,20.));
#1980 = SURFACE_CURVE('',#1981,(#1985,#1992),.PCURVE_S1.);
#1981 = LINE('',#1982,#1983);
#1982 = CARTESIAN_POINT('',(-3.85,14.72297647722,20.));
#1983 = VECTOR('',#1984,1.);
#1984 = DIRECTION('',(1.,0.,-0.));
#1985 = PCURVE('',#434,#1986);
#1986 = DEFINITIONAL_REPRESENTATION('',(#1987),#1991);
#1987 = LINE('',#1988,#1989);
#1988 = CARTESIAN_POINT('',(-17.85,2.72297647722));
#1989 = VECTOR('',#1990,1.);
#1990 = DIRECTION('',(1.,0.));
#1991 = ( GEOMETRIC_REPRESENTATION_CONTEXT(2) 
PARAMETRIC_REPRESENTATION_CONTEXT() REPRESENTATION_CONTEXT('2D SPACE',''
  ) );
#1992 = PCURVE('',#1993,#1998);
#1993 = PLANE('',#1994);
#1994 = AXIS2_PLACEMENT_3D('',#1995,#1996,#1997);
#1995 = CARTESIAN_POINT('',(-21.7,11.228048992785,12.50510382295));
#1996 = DIRECTION('',(0.,-0.906307787037,0.422618261741));
#1997 = DIRECTION('',(1.,0.,0.));
#1998 = DEFINITIONAL_REPRESENTATION('',(#1999),#2002);
#1999 = B_SPLINE_CURVE_WITH_KNOTS('',1,(#2000,#2001),.UNSPECIFIED.,.F.,
  .F.,(2,2),(17.85,25.55),.PIECEWISE_BEZIER_KNOTS.);
#2000 = CARTESIAN_POINT('',(35.7,8.269702946673));
#2001 = CARTESIAN_POINT('',(43.4,8.269702946673));
#2002 = ( GEOMETRIC_REPRESENTATION_CONTEXT(2) 
PARAMETRIC_REPRESENTATION_CONTEXT() REPRESENTATION_CONTEXT('2D SPACE',''
  ) );
#2003 = ORIENTED_EDGE('',*,*,#2004,.F.);
#2004 = EDGE_CURVE('',#2005,#1978,#2007,.T.);
#2005 = VERTEX_POINT('',#2006);
#2006 = CARTESIAN_POINT('',(21.7,12.,20.));
#2007 = SURFACE_CURVE('',#2008,(#2012,#2019),.PCURVE_S1.);
#2008 = LINE('',#2009,#2010);
#2009 = CARTESIAN_POINT('',(21.7,11.614024496392,20.));
#2010 = VECTOR('',#2011,1.);
#2011 = DIRECTION('',(0.,1.,0.));
#2012 = PCURVE('',#434,#2013);
#2013 = DEFINITIONAL_REPRESENTATION('',(#2014),#2018);
#2014 = LINE('',#2015,#2016);
#2015 = CARTESIAN_POINT('',(7.7,-0.385975503608));
#2016 = VECTOR('',#2017,1.);
#2017 = DIRECTION('',(0.,1.));
#2018 = ( GEOMETRIC_REPRESENTATION_CONTEXT(2) 
PARAMETRIC_REPRESENTATION_CONTEXT() REPRESENTATION_CONTEXT('2D SPACE',''
  ) );
#2019 = PCURVE('',#2020,#2025);
#2020 = PLANE('',#2021);
#2021 = AXIS2_PLACEMENT_3D('',#2022,#2023,#2024);
#2022 = CARTESIAN_POINT('',(21.7,11.228048992785,12.50510382295));
#2023 = DIRECTION('',(1.,0.,0.));
#2024 = DIRECTION('',(0.,-0.906307787037,0.422618261741));
#2025 = DEFINITIONAL_REPRESENTATION('',(#2026),#2029);
#2026 = B_SPLINE_CURVE_WITH_KNOTS('',1,(#2027,#2028),.UNSPECIFIED.,.F.,
  .F.,(2,2),(0.385975503608,3.108951980828),.PIECEWISE_BEZIER_KNOTS.);
#2027 = CARTESIAN_POINT('',(2.467854785222,-7.11892336111));
#2028 = CARTESIAN_POINT('',(-7.105427357601E-15,-8.269702946673));
#2029 = ( GEOMETRIC_REPRESENTATION_CONTEXT(2) 
PARAMETRIC_REPRESENTATION_CONTEXT() REPRESENTATION_CONTEXT('2D SPACE',''
  ) );
#2030 = ORIENTED_EDGE('',*,*,#2031,.T.);
#2031 = EDGE_CURVE('',#2005,#2032,#2034,.T.);
#2032 = VERTEX_POINT('',#2033);
#2033 = CARTESIAN_POINT('',(29.2,12.,20.));
#2034 = SURFACE_CURVE('',#2035,(#2039,#2046),.PCURVE_S1.);
#2035 = LINE('',#2036,#2037);
#2036 = CARTESIAN_POINT('',(14.,12.,20.));
#2037 = VECTOR('',#2038,1.);
#2038 = DIRECTION('',(1.,0.,0.));
#2039 = PCURVE('',#434,#2040);
#2040 = DEFINITIONAL_REPRESENTATION('',(#2041),#2045);
#2041 = LINE('',#2042,#2043);
#2042 = CARTESIAN_POINT('',(0.,0.));
#2043 = VECTOR('',#2044,1.);
#2044 = DIRECTION('',(1.,0.));
#2045 = ( GEOMETRIC_REPRESENTATION_CONTEXT(2) 
PARAMETRIC_REPRESENTATION_CONTEXT() REPRESENTATION_CONTEXT('2D SPACE',''
  ) );
#2046 = PCURVE('',#2047,#2052);
#2047 = PLANE('',#2048);
#2048 = AXIS2_PLACEMENT_3D('',#2049,#2050,#2051);
#2049 = CARTESIAN_POINT('',(14.,12.,17.));
#2050 = DIRECTION('',(0.,1.,0.));
#2051 = DIRECTION('',(0.,0.,1.));
#2052 = DEFINITIONAL_REPRESENTATION('',(#2053),#2057);
#2053 = LINE('',#2054,#2055);
#2054 = CARTESIAN_POINT('',(3.,0.));
#2055 = VECTOR('',#2056,1.);
#2056 = DIRECTION('',(0.,1.));
#2057 = ( GEOMETRIC_REPRESENTATION_CONTEXT(2) 
PARAMETRIC_REPRESENTATION_CONTEXT() REPRESENTATION_CONTEXT('2D SPACE',''
  ) );
#2058 = ORIENTED_EDGE('',*,*,#2059,.T.);
#2059 = EDGE_CURVE('',#2032,#2060,#2062,.T.);
#2060 = VERTEX_POINT('',#2061);
#2061 = CARTESIAN_POINT('',(29.2,14.3,20.));
#2062 = SURFACE_CURVE('',#2063,(#2067,#2074),.PCURVE_S1.);
#2063 = LINE('',#2064,#2065);
#2064 = CARTESIAN_POINT('',(29.2,8.85,20.));
#2065 = VECTOR('',#2066,1.);
#2066 = DIRECTION('',(0.,1.,0.));
#2067 = PCURVE('',#434,#2068);
#2068 = DEFINITIONAL_REPRESENTATION('',(#2069),#2073);
#2069 = LINE('',#2070,#2071);
#2070 = CARTESIAN_POINT('',(15.2,-3.15));
#2071 = VECTOR('',#2072,1.);
#2072 = DIRECTION('',(0.,1.));
#2073 = ( GEOMETRIC_REPRESENTATION_CONTEXT(2) 
PARAMETRIC_REPRESENTATION_CONTEXT() REPRESENTATION_CONTEXT('2D SPACE',''
  ) );
#2074 = PCURVE('',#2075,#2080);
#2075 = PLANE('',#2076);
#2076 = AXIS2_PLACEMENT_3D('',#2077,#2078,#2079);
#2077 = CARTESIAN_POINT('',(29.2,5.7,8.5));
#2078 = DIRECTION('',(1.,0.,0.));
#2079 = DIRECTION('',(0.,0.,1.));
#2080 = DEFINITIONAL_REPRESENTATION('',(#2081),#2084);
#2081 = B_SPLINE_CURVE_WITH_KNOTS('',1,(#2082,#2083),.UNSPECIFIED.,.F.,
  .F.,(2,2),(3.15,5.45),.PIECEWISE_BEZIER_KNOTS.);
#2082 = CARTESIAN_POINT('',(11.5,-6.3));
#2083 = CARTESIAN_POINT('',(11.5,-8.6));
#2084 = ( GEOMETRIC_REPRESENTATION_CONTEXT(2) 
PARAMETRIC_REPRESENTATION_CONTEXT() REPRESENTATION_CONTEXT('2D SPACE',''
  ) );
#2085 = ORIENTED_EDGE('',*,*,#2086,.F.);
#2086 = EDGE_CURVE('',#2087,#2060,#2089,.T.);
#2087 = VERTEX_POINT('',#2088);
#2088 = CARTESIAN_POINT('',(30.,14.3,20.));
#2089 = SURFACE_CURVE('',#2090,(#2094,#2101),.PCURVE_S1.);
#2090 = LINE('',#2091,#2092);
#2091 = CARTESIAN_POINT('',(21.6,14.3,20.));
#2092 = VECTOR('',#2093,1.);
#2093 = DIRECTION('',(-1.,0.,0.));
#2094 = PCURVE('',#434,#2095);
#2095 = DEFINITIONAL_REPRESENTATION('',(#2096),#2100);
#2096 = LINE('',#2097,#2098);
#2097 = CARTESIAN_POINT('',(7.6,2.3));
#2098 = VECTOR('',#2099,1.);
#2099 = DIRECTION('',(-1.,0.));
#2100 = ( GEOMETRIC_REPRESENTATION_CONTEXT(2) 
PARAMETRIC_REPRESENTATION_CONTEXT() REPRESENTATION_CONTEXT('2D SPACE',''
  ) );
#2101 = PCURVE('',#2102,#2107);
#2102 = PLANE('',#2103);
#2103 = AXIS2_PLACEMENT_3D('',#2104,#2105,#2106);
#2104 = CARTESIAN_POINT('',(29.2,14.3,8.5));
#2105 = DIRECTION('',(0.,1.,0.));
#2106 = DIRECTION('',(0.,0.,1.));
#2107 = DEFINITIONAL_REPRESENTATION('',(#2108),#2111);
#2108 = B_SPLINE_CURVE_WITH_KNOTS('',1,(#2109,#2110),.UNSPECIFIED.,.F.,
  .F.,(2,2),(-8.4,-7.6),.PIECEWISE_BEZIER_KNOTS.);
#2109 = CARTESIAN_POINT('',(11.5,0.8));
#2110 = CARTESIAN_POINT('',(11.5,0.));
#2111 = ( GEOMETRIC_REPRESENTATION_CONTEXT(2) 
PARAMETRIC_REPRESENTATION_CONTEXT() REPRESENTATION_CONTEXT('2D SPACE',''
  ) );
#2112 = ORIENTED_EDGE('',*,*,#2113,.T.);
#2113 = EDGE_CURVE('',#2087,#2114,#2116,.T.);
#2114 = VERTEX_POINT('',#2115);
#2115 = CARTESIAN_POINT('',(30.,28.,20.));
#2116 = SURFACE_CURVE('',#2117,(#2121,#2128),.PCURVE_S1.);
#2117 = LINE('',#2118,#2119);
#2118 = CARTESIAN_POINT('',(30.,12.,20.));
#2119 = VECTOR('',#2120,1.);
#2120 = DIRECTION('',(0.,1.,0.));
#2121 = PCURVE('',#434,#2122);
#2122 = DEFINITIONAL_REPRESENTATION('',(#2123),#2127);
#2123 = LINE('',#2124,#2125);
#2124 = CARTESIAN_POINT('',(16.,0.));
#2125 = VECTOR('',#2126,1.);
#2126 = DIRECTION('',(0.,1.));
#2127 = ( GEOMETRIC_REPRESENTATION_CONTEXT(2) 
PARAMETRIC_REPRESENTATION_CONTEXT() REPRESENTATION_CONTEXT('2D SPACE',''
  ) );
#2128 = PCURVE('',#2129,#2134);
#2129 = PLANE('',#2130);
#2130 = AXIS2_PLACEMENT_3D('',#2131,#2132,#2133);
#2131 = CARTESIAN_POINT('',(30.,12.,17.));
#2132 = DIRECTION('',(1.,0.,0.));
#2133 = DIRECTION('',(0.,0.,1.));
#2134 = DEFINITIONAL_REPRESENTATION('',(#2135),#2139);
#2135 = LINE('',#2136,#2137);
#2136 = CARTESIAN_POINT('',(3.,0.));
#2137 = VECTOR('',#2138,1.);
#2138 = DIRECTION('',(0.,-1.));
#2139 = ( GEOMETRIC_REPRESENTATION_CONTEXT(2) 
PARAMETRIC_REPRESENTATION_CONTEXT() REPRESENTATION_CONTEXT('2D SPACE',''
  ) );
#2140 = ORIENTED_EDGE('',*,*,#2141,.F.);
#2141 = EDGE_CURVE('',#2142,#2114,#2144,.T.);
#2142 = VERTEX_POINT('',#2143);
#2143 = CARTESIAN_POINT('',(14.,28.,20.));
#2144 = SURFACE_CURVE('',#2145,(#2149,#2156),.PCURVE_S1.);
#2145 = LINE('',#2146,#2147);
#2146 = CARTESIAN_POINT('',(14.,28.,20.));
#2147 = VECTOR('',#2148,1.);
#2148 = DIRECTION('',(1.,0.,0.));
#2149 = PCURVE('',#434,#2150);
#2150 = DEFINITIONAL_REPRESENTATION('',(#2151),#2155);
#2151 = LINE('',#2152,#2153);
#2152 = CARTESIAN_POINT('',(0.,16.));
#2153 = VECTOR('',#2154,1.);
#2154 = DIRECTION('',(1.,0.));
#2155 = ( GEOMETRIC_REPRESENTATION_CONTEXT(2) 
PARAMETRIC_REPRESENTATION_CONTEXT() REPRESENTATION_CONTEXT('2D SPACE',''
  ) );
#2156 = PCURVE('',#2157,#2162);
#2157 = PLANE('',#2158);
#2158 = AXIS2_PLACEMENT_3D('',#2159,#2160,#2161);
#2159 = CARTESIAN_POINT('',(14.,28.,17.));
#2160 = DIRECTION('',(0.,1.,0.));
#2161 = DIRECTION('',(0.,0.,1.));
#2162 = DEFINITIONAL_REPRESENTATION('',(#2163),#2167);
#2163 = LINE('',#2164,#2165);
#2164 = CARTESIAN_POINT('',(3.,0.));
#2165 = VECTOR('',#2166,1.);
#2166 = DIRECTION('',(0.,1.));
#2167 = ( GEOMETRIC_REPRESENTATION_CONTEXT(2) 
PARAMETRIC_REPRESENTATION_CONTEXT() REPRESENTATION_CONTEXT('2D SPACE',''
  ) );
#2168 = ORIENTED_EDGE('',*,*,#2169,.F.);
#2169 = EDGE_CURVE('',#2170,#2142,#2172,.T.);
#2170 = VERTEX_POINT('',#2171);
#2171 = CARTESIAN_POINT('',(14.,19.577839320655,20.));
#2172 = SURFACE_CURVE('',#2173,(#2177,#2184),.PCURVE_S1.);
#2173 = LINE('',#2174,#2175);
#2174 = CARTESIAN_POINT('',(14.,12.,20.));
#2175 = VECTOR('',#2176,1.);
#2176 = DIRECTION('',(0.,1.,0.));
#2177 = PCURVE('',#434,#2178);
#2178 = DEFINITIONAL_REPRESENTATION('',(#2179),#2183);
#2179 = LINE('',#2180,#2181);
#2180 = CARTESIAN_POINT('',(0.,0.));
#2181 = VECTOR('',#2182,1.);
#2182 = DIRECTION('',(0.,1.));
#2183 = ( GEOMETRIC_REPRESENTATION_CONTEXT(2) 
PARAMETRIC_REPRESENTATION_CONTEXT() REPRESENTATION_CONTEXT('2D SPACE',''
  ) );
#2184 = PCURVE('',#2185,#2190);
#2185 = PLANE('',#2186);
#2186 = AXIS2_PLACEMENT_3D('',#2187,#2188,#2189);
#2187 = CARTESIAN_POINT('',(14.,12.,17.));
#2188 = DIRECTION('',(1.,0.,0.));
#2189 = DIRECTION('',(0.,0.,1.));
#2190 = DEFINITIONAL_REPRESENTATION('',(#2191),#2195);
#2191 = LINE('',#2192,#2193);
#2192 = CARTESIAN_POINT('',(3.,0.));
#2193 = VECTOR('',#2194,1.);
#2194 = DIRECTION('',(0.,-1.));
#2195 = ( GEOMETRIC_REPRESENTATION_CONTEXT(2) 
PARAMETRIC_REPRESENTATION_CONTEXT() REPRESENTATION_CONTEXT('2D SPACE',''
  ) );
#2196 = ORIENTED_EDGE('',*,*,#2197,.F.);
#2197 = EDGE_CURVE('',#1856,#2170,#2198,.T.);
#2198 = SURFACE_CURVE('',#2199,(#2203,#2210),.PCURVE_S1.);
#2199 = LINE('',#2200,#2201);
#2200 = CARTESIAN_POINT('',(13.2,19.577839320655,20.));
#2201 = VECTOR('',#2202,1.);
#2202 = DIRECTION('',(-1.,0.,0.));
#2203 = PCURVE('',#434,#2204);
#2204 = DEFINITIONAL_REPRESENTATION('',(#2205),#2209);
#2205 = LINE('',#2206,#2207);
#2206 = CARTESIAN_POINT('',(-0.8,7.577839320655));
#2207 = VECTOR('',#2208,1.);
#2208 = DIRECTION('',(-1.,0.));
#2209 = ( GEOMETRIC_REPRESENTATION_CONTEXT(2) 
PARAMETRIC_REPRESENTATION_CONTEXT() REPRESENTATION_CONTEXT('2D SPACE',''
  ) );
#2210 = PCURVE('',#1893,#2211);
#2211 = DEFINITIONAL_REPRESENTATION('',(#2212),#2215);
#2212 = B_SPLINE_CURVE_WITH_KNOTS('',1,(#2213,#2214),.UNSPECIFIED.,.F.,
  .F.,(2,2),(-6.4,-0.8),.PIECEWISE_BEZIER_KNOTS.);
#2213 = CARTESIAN_POINT('',(7.2,9.921456642555));
#2214 = CARTESIAN_POINT('',(1.6,9.921456642555));
#2215 = ( GEOMETRIC_REPRESENTATION_CONTEXT(2) 
PARAMETRIC_REPRESENTATION_CONTEXT() REPRESENTATION_CONTEXT('2D SPACE',''
  ) );
#2216 = ORIENTED_EDGE('',*,*,#1855,.T.);
#2217 = ORIENTED_EDGE('',*,*,#419,.T.);
#2218 = FACE_BOUND('',#2219,.T.);
#2219 = EDGE_LOOP('',(#2220));
#2220 = ORIENTED_EDGE('',*,*,#2221,.T.);
#2221 = EDGE_CURVE('',#2222,#2222,#2224,.T.);
#2222 = VERTEX_POINT('',#2223);
#2223 = CARTESIAN_POINT('',(27.25,24.,20.));
#2224 = SURFACE_CURVE('',#2225,(#2230,#2241),.PCURVE_S1.);
#2225 = CIRCLE('',#2226,1.25);
#2226 = AXIS2_PLACEMENT_3D('',#2227,#2228,#2229);
#2227 = CARTESIAN_POINT('',(26.,24.,20.));
#2228 = DIRECTION('',(0.,0.,-1.));
#2229 = DIRECTION('',(1.,0.,0.));
#2230 = PCURVE('',#434,#2231);
#2231 = DEFINITIONAL_REPRESENTATION('',(#2232),#2240);
#2232 = ( BOUNDED_CURVE() B_SPLINE_CURVE(2,(#2233,#2234,#2235,#2236,
#2237,#2238,#2239),.UNSPECIFIED.,.T.,.F.) B_SPLINE_CURVE_WITH_KNOTS((1,2
    ,2,2,2,1),(-2.094395102393,0.,2.094395102393,4.188790204786,
6.28318530718,8.377580409573),.UNSPECIFIED.) CURVE() 
GEOMETRIC_REPRESENTATION_ITEM() RATIONAL_B_SPLINE_CURVE((1.,0.5,1.,0.5,
1.,0.5,1.)) REPRESENTATION_ITEM('') );
#2233 = CARTESIAN_POINT('',(13.25,12.));
#2234 = CARTESIAN_POINT('',(13.25,9.834936490539));
#2235 = CARTESIAN_POINT('',(11.375,10.917468245269));
#2236 = CARTESIAN_POINT('',(9.5,12.));
#2237 = CARTESIAN_POINT('',(11.375,13.082531754731));
#2238 = CARTESIAN_POINT('',(13.25,14.165063509461));
#2239 = CARTESIAN_POINT('',(13.25,12.));
#2240 = ( GEOMETRIC_REPRESENTATION_CONTEXT(2) 
PARAMETRIC_REPRESENTATION_CONTEXT() REPRESENTATION_CONTEXT('2D SPACE',''
  ) );
#2241 = PCURVE('',#2242,#2247);
#2242 = CYLINDRICAL_SURFACE('',#2243,1.25);
#2243 = AXIS2_PLACEMENT_3D('',#2244,#2245,#2246);
#2244 = CARTESIAN_POINT('',(26.,24.,16.));
#2245 = DIRECTION('',(-0.,-0.,-1.));
#2246 = DIRECTION('',(1.,0.,0.));
#2247 = DEFINITIONAL_REPRESENTATION('',(#2248),#2252);
#2248 = LINE('',#2249,#2250);
#2249 = CARTESIAN_POINT('',(-6.28318530718,-4.));
#2250 = VECTOR('',#2251,1.);
#2251 = DIRECTION('',(1.,-0.));
#2252 = ( GEOMETRIC_REPRESENTATION_CONTEXT(2) 
PARAMETRIC_REPRESENTATION_CONTEXT() REPRESENTATION_CONTEXT('2D SPACE',''
  ) );
#2253 = ADVANCED_FACE('',(#2254),#408,.F.);
#2254 = FACE_BOUND('',#2255,.F.);
#2255 = EDGE_LOOP('',(#2256,#2257,#2278,#2297));
#2256 = ORIENTED_EDGE('',*,*,#1954,.F.);
#2257 = ORIENTED_EDGE('',*,*,#2258,.T.);
#2258 = EDGE_CURVE('',#1955,#2259,#2261,.T.);
#2259 = VERTEX_POINT('',#2260);
#2260 = CARTESIAN_POINT('',(14.,14.352603537106,19.205732666756));
#2261 = SURFACE_CURVE('',#2262,(#2266,#2272),.PCURVE_S1.);
#2262 = LINE('',#2263,#2264);
#2263 = CARTESIAN_POINT('',(14.,12.157809168614,14.498980954431));
#2264 = VECTOR('',#2265,1.);
#2265 = DIRECTION('',(0.,-0.422618261741,-0.906307787037));
#2266 = PCURVE('',#408,#2267);
#2267 = DEFINITIONAL_REPRESENTATION('',(#2268),#2271);
#2268 = B_SPLINE_CURVE_WITH_KNOTS('',1,(#2269,#2270),.UNSPECIFIED.,.F.,
  .F.,(2,2),(-6.069702946673,-2.759569189786),.PIECEWISE_BEZIER_KNOTS.);
#2269 = CARTESIAN_POINT('',(3.,-2.72297647722));
#2270 = CARTESIAN_POINT('',(0.,-1.324053502755));
#2271 = ( GEOMETRIC_REPRESENTATION_CONTEXT(2) 
PARAMETRIC_REPRESENTATION_CONTEXT() REPRESENTATION_CONTEXT('2D SPACE',''
  ) );
#2272 = PCURVE('',#1993,#2273);
#2273 = DEFINITIONAL_REPRESENTATION('',(#2274),#2277);
#2274 = B_SPLINE_CURVE_WITH_KNOTS('',1,(#2275,#2276),.UNSPECIFIED.,.F.,
  .F.,(2,2),(-6.069702946673,-2.759569189786),.PIECEWISE_BEZIER_KNOTS.);
#2275 = CARTESIAN_POINT('',(35.7,8.269702946673));
#2276 = CARTESIAN_POINT('',(35.7,4.959569189786));
#2277 = ( GEOMETRIC_REPRESENTATION_CONTEXT(2) 
PARAMETRIC_REPRESENTATION_CONTEXT() REPRESENTATION_CONTEXT('2D SPACE',''
  ) );
#2278 = ORIENTED_EDGE('',*,*,#2279,.T.);
#2279 = EDGE_CURVE('',#2259,#362,#2280,.T.);
#2280 = SURFACE_CURVE('',#2281,(#2285,#2291),.PCURVE_S1.);
#2281 = LINE('',#2282,#2283);
#2282 = CARTESIAN_POINT('',(14.,18.340357800067,17.346212315097));
#2283 = VECTOR('',#2284,1.);
#2284 = DIRECTION('',(-0.,0.906307787037,-0.422618261741));
#2285 = PCURVE('',#408,#2286);
#2286 = DEFINITIONAL_REPRESENTATION('',(#2287),#2290);
#2287 = B_SPLINE_CURVE_WITH_KNOTS('',1,(#2288,#2289),.UNSPECIFIED.,.F.,
  .F.,(2,2),(-4.6000006,-2.8999994),.PIECEWISE_BEZIER_KNOTS.);
#2288 = CARTESIAN_POINT('',(2.290256572675,-2.171341435914));
#2289 = CARTESIAN_POINT('',(1.571805020574,-3.712065761446));
#2290 = ( GEOMETRIC_REPRESENTATION_CONTEXT(2) 
PARAMETRIC_REPRESENTATION_CONTEXT() REPRESENTATION_CONTEXT('2D SPACE',''
  ) );
#2291 = PCURVE('',#382,#2292);
#2292 = DEFINITIONAL_REPRESENTATION('',(#2293),#2296);
#2293 = B_SPLINE_CURVE_WITH_KNOTS('',1,(#2294,#2295),.UNSPECIFIED.,.F.,
  .F.,(2,2),(-4.6,-2.9),.PIECEWISE_BEZIER_KNOTS.);
#2294 = CARTESIAN_POINT('',(-2.159827297011,-4.6));
#2295 = CARTESIAN_POINT('',(-2.159827297011,-2.9));
#2296 = ( GEOMETRIC_REPRESENTATION_CONTEXT(2) 
PARAMETRIC_REPRESENTATION_CONTEXT() REPRESENTATION_CONTEXT('2D SPACE',''
  ) );
#2297 = ORIENTED_EDGE('',*,*,#393,.T.);
#2298 = ADVANCED_FACE('',(#2299),#382,.T.);
#2299 = FACE_BOUND('',#2300,.F.);
#2300 = EDGE_LOOP('',(#2301,#2335,#2365,#2366,#2367,#2395));
#2301 = ORIENTED_EDGE('',*,*,#2302,.T.);
#2302 = EDGE_CURVE('',#2303,#2305,#2307,.T.);
#2303 = VERTEX_POINT('',#2304);
#2304 = CARTESIAN_POINT('',(19.372660930827,14.979120381199,17.));
#2305 = VERTEX_POINT('',#2306);
#2306 = CARTESIAN_POINT('',(19.6,14.447031024999,15.8589306933));
#2307 = SURFACE_CURVE('',#2308,(#2313,#2319),.PCURVE_S1.);
#2308 = CIRCLE('',#2309,3.6);
#2309 = AXIS2_PLACEMENT_3D('',#2310,#2311,#2312);
#2310 = CARTESIAN_POINT('',(16.,14.447031024999,15.8589306933));
#2311 = DIRECTION('',(0.,0.906307787037,-0.422618261741));
#2312 = DIRECTION('',(1.,0.,0.));
#2313 = PCURVE('',#382,#2314);
#2314 = DEFINITIONAL_REPRESENTATION('',(#2315),#2318);
#2315 = B_SPLINE_CURVE_WITH_KNOTS('',1,(#2316,#2317),.UNSPECIFIED.,.F.,
  .F.,(2,2),(5.925901624956,6.28318530718),.PIECEWISE_BEZIER_KNOTS.);
#2316 = CARTESIAN_POINT('',(-6.640468989403,-2.9));
#2317 = CARTESIAN_POINT('',(-6.28318530718,-2.9));
#2318 = ( GEOMETRIC_REPRESENTATION_CONTEXT(2) 
PARAMETRIC_REPRESENTATION_CONTEXT() REPRESENTATION_CONTEXT('2D SPACE',''
  ) );
#2319 = PCURVE('',#2320,#2325);
#2320 = PLANE('',#2321);
#2321 = AXIS2_PLACEMENT_3D('',#2322,#2323,#2324);
#2322 = CARTESIAN_POINT('',(-23.2,20.532733994065,28.909762826628));
#2323 = DIRECTION('',(0.,-0.906307787037,0.422618261741));
#2324 = DIRECTION('',(1.,0.,0.));
#2325 = DEFINITIONAL_REPRESENTATION('',(#2326),#2334);
#2326 = ( BOUNDED_CURVE() B_SPLINE_CURVE(2,(#2327,#2328,#2329,#2330,
#2331,#2332,#2333),.UNSPECIFIED.,.T.,.F.) B_SPLINE_CURVE_WITH_KNOTS((1,2
    ,2,2,2,1),(-2.094395102393,0.,2.094395102393,4.188790204786,
6.28318530718,8.377580409573),.UNSPECIFIED.) CURVE() 
GEOMETRIC_REPRESENTATION_ITEM() RATIONAL_B_SPLINE_CURVE((1.,0.5,1.,0.5,
1.,0.5,1.)) REPRESENTATION_ITEM('') );
#2327 = CARTESIAN_POINT('',(42.8,-14.4));
#2328 = CARTESIAN_POINT('',(42.8,-20.63538290724));
#2329 = CARTESIAN_POINT('',(37.4,-17.51769145362));
#2330 = CARTESIAN_POINT('',(32.,-14.4));
#2331 = CARTESIAN_POINT('',(37.4,-11.28230854637));
#2332 = CARTESIAN_POINT('',(42.8,-8.164617092752));
#2333 = CARTESIAN_POINT('',(42.8,-14.4));
#2334 = ( GEOMETRIC_REPRESENTATION_CONTEXT(2) 
PARAMETRIC_REPRESENTATION_CONTEXT() REPRESENTATION_CONTEXT('2D SPACE',''
  ) );
#2335 = ORIENTED_EDGE('',*,*,#2336,.T.);
#2336 = EDGE_CURVE('',#2305,#334,#2337,.T.);
#2337 = SURFACE_CURVE('',#2338,(#2343,#2349),.PCURVE_S1.);
#2338 = CIRCLE('',#2339,3.6);
#2339 = AXIS2_PLACEMENT_3D('',#2340,#2341,#2342);
#2340 = CARTESIAN_POINT('',(16.,14.447031024999,15.8589306933));
#2341 = DIRECTION('',(0.,0.906307787037,-0.422618261741));
#2342 = DIRECTION('',(1.,0.,0.));
#2343 = PCURVE('',#382,#2344);
#2344 = DEFINITIONAL_REPRESENTATION('',(#2345),#2348);
#2345 = B_SPLINE_CURVE_WITH_KNOTS('',1,(#2346,#2347),.UNSPECIFIED.,.F.,
  .F.,(2,2),(0.,3.14159265359),.PIECEWISE_BEZIER_KNOTS.);
#2346 = CARTESIAN_POINT('',(-6.28318530718,-2.9));
#2347 = CARTESIAN_POINT('',(-3.14159265359,-2.9));
#2348 = ( GEOMETRIC_REPRESENTATION_CONTEXT(2) 
PARAMETRIC_REPRESENTATION_CONTEXT() REPRESENTATION_CONTEXT('2D SPACE',''
  ) );
#2349 = PCURVE('',#2350,#2355);
#2350 = PLANE('',#2351);
#2351 = AXIS2_PLACEMENT_3D('',#2352,#2353,#2354);
#2352 = CARTESIAN_POINT('',(-23.2,20.532733994065,28.909762826628));
#2353 = DIRECTION('',(0.,-0.906307787037,0.422618261741));
#2354 = DIRECTION('',(1.,0.,0.));
#2355 = DEFINITIONAL_REPRESENTATION('',(#2356),#2364);
#2356 = ( BOUNDED_CURVE() B_SPLINE_CURVE(2,(#2357,#2358,#2359,#2360,
#2361,#2362,#2363),.UNSPECIFIED.,.T.,.F.) B_SPLINE_CURVE_WITH_KNOTS((1,2
    ,2,2,2,1),(-2.094395102393,0.,2.094395102393,4.188790204786,
6.28318530718,8.377580409573),.UNSPECIFIED.) CURVE() 
GEOMETRIC_REPRESENTATION_ITEM() RATIONAL_B_SPLINE_CURVE((1.,0.5,1.,0.5,
1.,0.5,1.)) REPRESENTATION_ITEM('') );
#2357 = CARTESIAN_POINT('',(42.8,-14.4));
#2358 = CARTESIAN_POINT('',(42.8,-20.63538290724));
#2359 = CARTESIAN_POINT('',(37.4,-17.51769145362));
#2360 = CARTESIAN_POINT('',(32.,-14.4));
#2361 = CARTESIAN_POINT('',(37.4,-11.28230854637));
#2362 = CARTESIAN_POINT('',(42.8,-8.164617092752));
#2363 = CARTESIAN_POINT('',(42.8,-14.4));
#2364 = ( GEOMETRIC_REPRESENTATION_CONTEXT(2) 
PARAMETRIC_REPRESENTATION_CONTEXT() REPRESENTATION_CONTEXT('2D SPACE',''
  ) );
#2365 = ORIENTED_EDGE('',*,*,#361,.T.);
#2366 = ORIENTED_EDGE('',*,*,#2279,.F.);
#2367 = ORIENTED_EDGE('',*,*,#2368,.F.);
#2368 = EDGE_CURVE('',#2369,#2259,#2371,.T.);
#2369 = VERTEX_POINT('',#2370);
#2370 = CARTESIAN_POINT('',(19.556245537339,13.324053502755,17.));
#2371 = SURFACE_CURVE('',#2372,(#2377,#2384),.PCURVE_S1.);
#2372 = CIRCLE('',#2373,3.6);
#2373 = AXIS2_PLACEMENT_3D('',#2374,#2375,#2376);
#2374 = CARTESIAN_POINT('',(16.,13.087569344444,16.492858085911));
#2375 = DIRECTION('',(0.,0.906307787037,-0.422618261741));
#2376 = DIRECTION('',(1.,0.,0.));
#2377 = PCURVE('',#382,#2378);
#2378 = DEFINITIONAL_REPRESENTATION('',(#2379),#2383);
#2379 = LINE('',#2380,#2381);
#2380 = CARTESIAN_POINT('',(-12.56637061435,-4.4));
#2381 = VECTOR('',#2382,1.);
#2382 = DIRECTION('',(1.,-0.));
#2383 = ( GEOMETRIC_REPRESENTATION_CONTEXT(2) 
PARAMETRIC_REPRESENTATION_CONTEXT() REPRESENTATION_CONTEXT('2D SPACE',''
  ) );
#2384 = PCURVE('',#1993,#2385);
#2385 = DEFINITIONAL_REPRESENTATION('',(#2386),#2394);
#2386 = ( BOUNDED_CURVE() B_SPLINE_CURVE(2,(#2387,#2388,#2389,#2390,
#2391,#2392,#2393),.UNSPECIFIED.,.T.,.F.) B_SPLINE_CURVE_WITH_KNOTS((1,2
    ,2,2,2,1),(-2.094395102393,0.,2.094395102393,4.188790204786,
6.28318530718,8.377580409573),.UNSPECIFIED.) CURVE() 
GEOMETRIC_REPRESENTATION_ITEM() RATIONAL_B_SPLINE_CURVE((1.,0.5,1.,0.5,
1.,0.5,1.)) REPRESENTATION_ITEM('') );
#2387 = CARTESIAN_POINT('',(41.3,4.4));
#2388 = CARTESIAN_POINT('',(41.3,-1.835382907248));
#2389 = CARTESIAN_POINT('',(35.9,1.282308546376));
#2390 = CARTESIAN_POINT('',(30.5,4.4));
#2391 = CARTESIAN_POINT('',(35.9,7.517691453624));
#2392 = CARTESIAN_POINT('',(41.3,10.635382907248));
#2393 = CARTESIAN_POINT('',(41.3,4.4));
#2394 = ( GEOMETRIC_REPRESENTATION_CONTEXT(2) 
PARAMETRIC_REPRESENTATION_CONTEXT() REPRESENTATION_CONTEXT('2D SPACE',''
  ) );
#2395 = ORIENTED_EDGE('',*,*,#2396,.T.);
#2396 = EDGE_CURVE('',#2369,#2303,#2397,.T.);
#2397 = SURFACE_CURVE('',#2398,(#2403,#2413),.PCURVE_S1.);
#2398 = ELLIPSE('',#2399,8.518325699349,3.6);
#2399 = AXIS2_PLACEMENT_3D('',#2400,#2401,#2402);
#2400 = CARTESIAN_POINT('',(16.,12.,17.));
#2401 = DIRECTION('',(0.,0.,1.));
#2402 = DIRECTION('',(0.,1.,-0.));
#2403 = PCURVE('',#382,#2404);
#2404 = DEFINITIONAL_REPRESENTATION('',(#2405),#2412);
#2405 = B_SPLINE_CURVE_WITH_KNOTS('',5,(#2406,#2407,#2408,#2409,#2410,
    #2411),.UNSPECIFIED.,.F.,.F.,(6,6),(4.842283856477,5.069672662608),
  .PIECEWISE_BEZIER_KNOTS.);
#2406 = CARTESIAN_POINT('',(-6.413080183272,-4.6));
#2407 = CARTESIAN_POINT('',(-6.458557944499,-4.251859278874));
#2408 = CARTESIAN_POINT('',(-6.504035705725,-3.906303833787));
#2409 = CARTESIAN_POINT('',(-6.549513466951,-3.564833782899));
#2410 = CARTESIAN_POINT('',(-6.594991228177,-3.228926762893));
#2411 = CARTESIAN_POINT('',(-6.640468989403,-2.9));
#2412 = ( GEOMETRIC_REPRESENTATION_CONTEXT(2) 
PARAMETRIC_REPRESENTATION_CONTEXT() REPRESENTATION_CONTEXT('2D SPACE',''
  ) );
#2413 = PCURVE('',#2414,#2419);
#2414 = PLANE('',#2415);
#2415 = AXIS2_PLACEMENT_3D('',#2416,#2417,#2418);
#2416 = CARTESIAN_POINT('',(14.,12.,17.));
#2417 = DIRECTION('',(0.,0.,1.));
#2418 = DIRECTION('',(1.,0.,0.));
#2419 = DEFINITIONAL_REPRESENTATION('',(#2420),#2424);
#2420 = ELLIPSE('',#2421,8.518325699349,3.6);
#2421 = AXIS2_PLACEMENT_2D('',#2422,#2423);
#2422 = CARTESIAN_POINT('',(2.,0.));
#2423 = DIRECTION('',(0.,1.));
#2424 = ( GEOMETRIC_REPRESENTATION_CONTEXT(2) 
PARAMETRIC_REPRESENTATION_CONTEXT() REPRESENTATION_CONTEXT('2D SPACE',''
  ) );
#2425 = ADVANCED_FACE('',(#2426),#349,.F.);
#2426 = FACE_BOUND('',#2427,.F.);
#2427 = EDGE_LOOP('',(#2428,#2429,#2452,#2480,#2506,#2529,#2550,#2576));
#2428 = ORIENTED_EDGE('',*,*,#333,.F.);
#2429 = ORIENTED_EDGE('',*,*,#2430,.F.);
#2430 = EDGE_CURVE('',#2431,#334,#2433,.T.);
#2431 = VERTEX_POINT('',#2432);
#2432 = CARTESIAN_POINT('',(12.4,12.756557978036,12.233699545154));
#2433 = SURFACE_CURVE('',#2434,(#2438,#2445),.PCURVE_S1.);
#2434 = LINE('',#2435,#2436);
#2435 = CARTESIAN_POINT('',(12.4,12.756557978036,12.233699545154));
#2436 = VECTOR('',#2437,1.);
#2437 = DIRECTION('',(0.,0.422618261741,0.906307787037));
#2438 = PCURVE('',#349,#2439);
#2439 = DEFINITIONAL_REPRESENTATION('',(#2440),#2444);
#2440 = LINE('',#2441,#2442);
#2441 = CARTESIAN_POINT('',(2.9,8.881784197001E-16));
#2442 = VECTOR('',#2443,1.);
#2443 = DIRECTION('',(0.,-1.));
#2444 = ( GEOMETRIC_REPRESENTATION_CONTEXT(2) 
PARAMETRIC_REPRESENTATION_CONTEXT() REPRESENTATION_CONTEXT('2D SPACE',''
  ) );
#2445 = PCURVE('',#2350,#2446);
#2446 = DEFINITIONAL_REPRESENTATION('',(#2447),#2451);
#2447 = LINE('',#2448,#2449);
#2448 = CARTESIAN_POINT('',(35.6,-18.4));
#2449 = VECTOR('',#2450,1.);
#2450 = DIRECTION('',(0.,1.));
#2451 = ( GEOMETRIC_REPRESENTATION_CONTEXT(2) 
PARAMETRIC_REPRESENTATION_CONTEXT() REPRESENTATION_CONTEXT('2D SPACE',''
  ) );
#2452 = ORIENTED_EDGE('',*,*,#2453,.F.);
#2453 = EDGE_CURVE('',#2454,#2431,#2456,.T.);
#2454 = VERTEX_POINT('',#2455);
#2455 = CARTESIAN_POINT('',(12.4,12.828826885836,12.2));
#2456 = SURFACE_CURVE('',#2457,(#2461,#2468),.PCURVE_S1.);
#2457 = LINE('',#2458,#2459);
#2458 = CARTESIAN_POINT('',(12.4,15.384850560442,11.008106586105));
#2459 = VECTOR('',#2460,1.);
#2460 = DIRECTION('',(0.,-0.906307787037,0.422618261741));
#2461 = PCURVE('',#349,#2462);
#2462 = DEFINITIONAL_REPRESENTATION('',(#2463),#2467);
#2463 = LINE('',#2464,#2465);
#2464 = CARTESIAN_POINT('',(0.,0.));
#2465 = VECTOR('',#2466,1.);
#2466 = DIRECTION('',(1.,0.));
#2467 = ( GEOMETRIC_REPRESENTATION_CONTEXT(2) 
PARAMETRIC_REPRESENTATION_CONTEXT() REPRESENTATION_CONTEXT('2D SPACE',''
  ) );
#2468 = PCURVE('',#2469,#2474);
#2469 = PLANE('',#2470);
#2470 = AXIS2_PLACEMENT_3D('',#2471,#2472,#2473);
#2471 = CARTESIAN_POINT('',(12.4,15.384850560442,11.008106586105));
#2472 = DIRECTION('',(0.,0.422618261741,0.906307787037));
#2473 = DIRECTION('',(0.,-0.906307787037,0.422618261741));
#2474 = DEFINITIONAL_REPRESENTATION('',(#2475),#2479);
#2475 = LINE('',#2476,#2477);
#2476 = CARTESIAN_POINT('',(0.,0.));
#2477 = VECTOR('',#2478,1.);
#2478 = DIRECTION('',(1.,0.));
#2479 = ( GEOMETRIC_REPRESENTATION_CONTEXT(2) 
PARAMETRIC_REPRESENTATION_CONTEXT() REPRESENTATION_CONTEXT('2D SPACE',''
  ) );
#2480 = ORIENTED_EDGE('',*,*,#2481,.F.);
#2481 = EDGE_CURVE('',#2482,#2454,#2484,.T.);
#2482 = VERTEX_POINT('',#2483);
#2483 = CARTESIAN_POINT('',(12.4,15.940639587046,12.2));
#2484 = SURFACE_CURVE('',#2485,(#2489,#2495),.PCURVE_S1.);
#2485 = LINE('',#2486,#2487);
#2486 = CARTESIAN_POINT('',(12.4,-42.30757471977,12.2));
#2487 = VECTOR('',#2488,1.);
#2488 = DIRECTION('',(0.,-1.,0.));
#2489 = PCURVE('',#349,#2490);
#2490 = DEFINITIONAL_REPRESENTATION('',(#2491),#2494);
#2491 = B_SPLINE_CURVE_WITH_KNOTS('',1,(#2492,#2493),.UNSPECIFIED.,.F.,
  .F.,(2,2),(-58.24821430682,-55.13640160561),.PIECEWISE_BEZIER_KNOTS.);
#2492 = CARTESIAN_POINT('',(0.,-1.315108874648));
#2493 = CARTESIAN_POINT('',(2.820260082906,3.552713678801E-15));
#2494 = ( GEOMETRIC_REPRESENTATION_CONTEXT(2) 
PARAMETRIC_REPRESENTATION_CONTEXT() REPRESENTATION_CONTEXT('2D SPACE',''
  ) );
#2495 = PCURVE('',#2496,#2501);
#2496 = PLANE('',#2497);
#2497 = AXIS2_PLACEMENT_3D('',#2498,#2499,#2500);
#2498 = CARTESIAN_POINT('',(-100.,-100.,12.2));
#2499 = DIRECTION('',(0.,0.,1.));
#2500 = DIRECTION('',(1.,0.,0.));
#2501 = DEFINITIONAL_REPRESENTATION('',(#2502),#2505);
#2502 = B_SPLINE_CURVE_WITH_KNOTS('',1,(#2503,#2504),.UNSPECIFIED.,.F.,
  .F.,(2,2),(-58.24821430682,-55.13640160561),.PIECEWISE_BEZIER_KNOTS.);
#2503 = CARTESIAN_POINT('',(112.4,115.94063958704));
#2504 = CARTESIAN_POINT('',(112.4,112.82882688583));
#2505 = ( GEOMETRIC_REPRESENTATION_CONTEXT(2) 
PARAMETRIC_REPRESENTATION_CONTEXT() REPRESENTATION_CONTEXT('2D SPACE',''
  ) );
#2506 = ORIENTED_EDGE('',*,*,#2507,.F.);
#2507 = EDGE_CURVE('',#2508,#2482,#2510,.T.);
#2508 = VERTEX_POINT('',#2509);
#2509 = CARTESIAN_POINT('',(12.4,21.724124486553,24.602723391655));
#2510 = SURFACE_CURVE('',#2511,(#2515,#2522),.PCURVE_S1.);
#2511 = LINE('',#2512,#2513);
#2512 = CARTESIAN_POINT('',(12.4,24.259834056997,30.040570113875));
#2513 = VECTOR('',#2514,1.);
#2514 = DIRECTION('',(0.,-0.422618261741,-0.906307787037));
#2515 = PCURVE('',#349,#2516);
#2516 = DEFINITIONAL_REPRESENTATION('',(#2517),#2521);
#2517 = LINE('',#2518,#2519);
#2518 = CARTESIAN_POINT('',(1.7763568394E-15,-21.));
#2519 = VECTOR('',#2520,1.);
#2520 = DIRECTION('',(0.,1.));
#2521 = ( GEOMETRIC_REPRESENTATION_CONTEXT(2) 
PARAMETRIC_REPRESENTATION_CONTEXT() REPRESENTATION_CONTEXT('2D SPACE',''
  ) );
#2522 = PCURVE('',#1893,#2523);
#2523 = DEFINITIONAL_REPRESENTATION('',(#2524),#2528);
#2524 = LINE('',#2525,#2526);
#2525 = CARTESIAN_POINT('',(0.,21.));
#2526 = VECTOR('',#2527,1.);
#2527 = DIRECTION('',(0.,-1.));
#2528 = ( GEOMETRIC_REPRESENTATION_CONTEXT(2) 
PARAMETRIC_REPRESENTATION_CONTEXT() REPRESENTATION_CONTEXT('2D SPACE',''
  ) );
#2529 = ORIENTED_EDGE('',*,*,#2530,.T.);
#2530 = EDGE_CURVE('',#2508,#2531,#2533,.T.);
#2531 = VERTEX_POINT('',#2532);
#2532 = CARTESIAN_POINT('',(12.4,20.545924363405,25.152127131918));
#2533 = SURFACE_CURVE('',#2534,(#2538,#2544),.PCURVE_S1.);
#2534 = LINE('',#2535,#2536);
#2535 = CARTESIAN_POINT('',(12.4,22.947639999052,24.032188738305));
#2536 = VECTOR('',#2537,1.);
#2537 = DIRECTION('',(0.,-0.906307787037,0.422618261741));
#2538 = PCURVE('',#349,#2539);
#2539 = DEFINITIONAL_REPRESENTATION('',(#2540),#2543);
#2540 = B_SPLINE_CURVE_WITH_KNOTS('',1,(#2541,#2542),.UNSPECIFIED.,.F.,
  .F.,(2,2),(1.35,2.65),.PIECEWISE_BEZIER_KNOTS.);
#2541 = CARTESIAN_POINT('',(0.,-15.));
#2542 = CARTESIAN_POINT('',(1.3,-15.));
#2543 = ( GEOMETRIC_REPRESENTATION_CONTEXT(2) 
PARAMETRIC_REPRESENTATION_CONTEXT() REPRESENTATION_CONTEXT('2D SPACE',''
  ) );
#2544 = PCURVE('',#1920,#2545);
#2545 = DEFINITIONAL_REPRESENTATION('',(#2546),#2549);
#2546 = B_SPLINE_CURVE_WITH_KNOTS('',1,(#2547,#2548),.UNSPECIFIED.,.F.,
  .F.,(2,2),(1.35,2.65),.PIECEWISE_BEZIER_KNOTS.);
#2547 = CARTESIAN_POINT('',(2.7,33.9));
#2548 = CARTESIAN_POINT('',(4.,33.9));
#2549 = ( GEOMETRIC_REPRESENTATION_CONTEXT(2) 
PARAMETRIC_REPRESENTATION_CONTEXT() REPRESENTATION_CONTEXT('2D SPACE',''
  ) );
#2550 = ORIENTED_EDGE('',*,*,#2551,.F.);
#2551 = EDGE_CURVE('',#2552,#2531,#2554,.T.);
#2552 = VERTEX_POINT('',#2553);
#2553 = CARTESIAN_POINT('',(12.4,21.982826453324,28.233573607843));
#2554 = SURFACE_CURVE('',#2555,(#2559,#2565),.PCURVE_S1.);
#2555 = LINE('',#2556,#2557);
#2556 = CARTESIAN_POINT('',(12.4,17.37628740035,18.354818729143));
#2557 = VECTOR('',#2558,1.);
#2558 = DIRECTION('',(0.,-0.422618261741,-0.906307787037));
#2559 = PCURVE('',#349,#2560);
#2560 = DEFINITIONAL_REPRESENTATION('',(#2561),#2564);
#2561 = B_SPLINE_CURVE_WITH_KNOTS('',1,(#2562,#2563),.UNSPECIFIED.,.F.,
  .F.,(2,2),(-13.5,-7.5),.PIECEWISE_BEZIER_KNOTS.);
#2562 = CARTESIAN_POINT('',(1.3,-21.));
#2563 = CARTESIAN_POINT('',(1.3,-15.));
#2564 = ( GEOMETRIC_REPRESENTATION_CONTEXT(2) 
PARAMETRIC_REPRESENTATION_CONTEXT() REPRESENTATION_CONTEXT('2D SPACE',''
  ) );
#2565 = PCURVE('',#2566,#2571);
#2566 = PLANE('',#2567);
#2567 = AXIS2_PLACEMENT_3D('',#2568,#2569,#2570);
#2568 = CARTESIAN_POINT('',(-21.5,20.545924363405,25.152127131918));
#2569 = DIRECTION('',(0.,-0.906307787037,0.422618261741));
#2570 = DIRECTION('',(1.,0.,0.));
#2571 = DEFINITIONAL_REPRESENTATION('',(#2572),#2575);
#2572 = B_SPLINE_CURVE_WITH_KNOTS('',1,(#2573,#2574),.UNSPECIFIED.,.F.,
  .F.,(2,2),(-13.5,-7.5),.PIECEWISE_BEZIER_KNOTS.);
#2573 = CARTESIAN_POINT('',(33.9,6.));
#2574 = CARTESIAN_POINT('',(33.9,0.));
#2575 = ( GEOMETRIC_REPRESENTATION_CONTEXT(2) 
PARAMETRIC_REPRESENTATION_CONTEXT() REPRESENTATION_CONTEXT('2D SPACE',''
  ) );
#2576 = ORIENTED_EDGE('',*,*,#2577,.F.);
#2577 = EDGE_CURVE('',#306,#2552,#2578,.T.);
#2578 = SURFACE_CURVE('',#2579,(#2583,#2590),.PCURVE_S1.);
#2579 = LINE('',#2580,#2581);
#2580 = CARTESIAN_POINT('',(12.4,22.707872682953,27.89547899845));
#2581 = VECTOR('',#2582,1.);
#2582 = DIRECTION('',(0.,0.906307787037,-0.422618261741));
#2583 = PCURVE('',#349,#2584);
#2584 = DEFINITIONAL_REPRESENTATION('',(#2585),#2589);
#2585 = LINE('',#2586,#2587);
#2586 = CARTESIAN_POINT('',(0.5,-18.4));
#2587 = VECTOR('',#2588,1.);
#2588 = DIRECTION('',(-1.,0.));
#2589 = ( GEOMETRIC_REPRESENTATION_CONTEXT(2) 
PARAMETRIC_REPRESENTATION_CONTEXT() REPRESENTATION_CONTEXT('2D SPACE',''
  ) );
#2590 = PCURVE('',#321,#2591);
#2591 = DEFINITIONAL_REPRESENTATION('',(#2592),#2596);
#2592 = LINE('',#2593,#2594);
#2593 = CARTESIAN_POINT('',(-0.5,35.6));
#2594 = VECTOR('',#2595,1.);
#2595 = DIRECTION('',(-1.,0.));
#2596 = ( GEOMETRIC_REPRESENTATION_CONTEXT(2) 
PARAMETRIC_REPRESENTATION_CONTEXT() REPRESENTATION_CONTEXT('2D SPACE',''
  ) );
#2597 = ADVANCED_FACE('',(#2598),#321,.F.);
#2598 = FACE_BOUND('',#2599,.F.);
#2599 = EDGE_LOOP('',(#2600,#2621,#2642,#2643));
#2600 = ORIENTED_EDGE('',*,*,#2601,.F.);
#2601 = EDGE_CURVE('',#2602,#2552,#2604,.T.);
#2602 = VERTEX_POINT('',#2603);
#2603 = CARTESIAN_POINT('',(-12.4,21.982826453324,28.233573607843));
#2604 = SURFACE_CURVE('',#2605,(#2609,#2615),.PCURVE_S1.);
#2605 = LINE('',#2606,#2607);
#2606 = CARTESIAN_POINT('',(-22.35,21.982826453324,28.233573607843));
#2607 = VECTOR('',#2608,1.);
#2608 = DIRECTION('',(1.,0.,-0.));
#2609 = PCURVE('',#321,#2610);
#2610 = DEFINITIONAL_REPRESENTATION('',(#2611),#2614);
#2611 = B_SPLINE_CURVE_WITH_KNOTS('',1,(#2612,#2613),.UNSPECIFIED.,.F.,
  .F.,(2,2),(9.95,34.75),.PIECEWISE_BEZIER_KNOTS.);
#2612 = CARTESIAN_POINT('',(0.3,10.8));
#2613 = CARTESIAN_POINT('',(0.3,35.6));
#2614 = ( GEOMETRIC_REPRESENTATION_CONTEXT(2) 
PARAMETRIC_REPRESENTATION_CONTEXT() REPRESENTATION_CONTEXT('2D SPACE',''
  ) );
#2615 = PCURVE('',#2566,#2616);
#2616 = DEFINITIONAL_REPRESENTATION('',(#2617),#2620);
#2617 = B_SPLINE_CURVE_WITH_KNOTS('',1,(#2618,#2619),.UNSPECIFIED.,.F.,
  .F.,(2,2),(9.95,34.75),.PIECEWISE_BEZIER_KNOTS.);
#2618 = CARTESIAN_POINT('',(9.1,3.4));
#2619 = CARTESIAN_POINT('',(33.9,3.4));
#2620 = ( GEOMETRIC_REPRESENTATION_CONTEXT(2) 
PARAMETRIC_REPRESENTATION_CONTEXT() REPRESENTATION_CONTEXT('2D SPACE',''
  ) );
#2621 = ORIENTED_EDGE('',*,*,#2622,.F.);
#2622 = EDGE_CURVE('',#278,#2602,#2623,.T.);
#2623 = SURFACE_CURVE('',#2624,(#2628,#2635),.PCURVE_S1.);
#2624 = LINE('',#2625,#2626);
#2625 = CARTESIAN_POINT('',(-12.4,22.707872682953,27.89547899845));
#2626 = VECTOR('',#2627,1.);
#2627 = DIRECTION('',(0.,0.906307787037,-0.422618261741));
#2628 = PCURVE('',#321,#2629);
#2629 = DEFINITIONAL_REPRESENTATION('',(#2630),#2634);
#2630 = LINE('',#2631,#2632);
#2631 = CARTESIAN_POINT('',(-0.5,10.8));
#2632 = VECTOR('',#2633,1.);
#2633 = DIRECTION('',(-1.,0.));
#2634 = ( GEOMETRIC_REPRESENTATION_CONTEXT(2) 
PARAMETRIC_REPRESENTATION_CONTEXT() REPRESENTATION_CONTEXT('2D SPACE',''
  ) );
#2635 = PCURVE('',#293,#2636);
#2636 = DEFINITIONAL_REPRESENTATION('',(#2637),#2641);
#2637 = LINE('',#2638,#2639);
#2638 = CARTESIAN_POINT('',(0.5,-18.4));
#2639 = VECTOR('',#2640,1.);
#2640 = DIRECTION('',(-1.,0.));
#2641 = ( GEOMETRIC_REPRESENTATION_CONTEXT(2) 
PARAMETRIC_REPRESENTATION_CONTEXT() REPRESENTATION_CONTEXT('2D SPACE',''
  ) );
#2642 = ORIENTED_EDGE('',*,*,#305,.T.);
#2643 = ORIENTED_EDGE('',*,*,#2577,.T.);
#2644 = ADVANCED_FACE('',(#2645),#293,.T.);
#2645 = FACE_BOUND('',#2646,.T.);
#2646 = EDGE_LOOP('',(#2647,#2648,#2676,#2704,#2730,#2758,#2779,#2798));
#2647 = ORIENTED_EDGE('',*,*,#277,.F.);
#2648 = ORIENTED_EDGE('',*,*,#2649,.F.);
#2649 = EDGE_CURVE('',#2650,#246,#2652,.T.);
#2650 = VERTEX_POINT('',#2651);
#2651 = CARTESIAN_POINT('',(-12.4,12.756557978036,12.233699545154));
#2652 = SURFACE_CURVE('',#2653,(#2657,#2664),.PCURVE_S1.);
#2653 = LINE('',#2654,#2655);
#2654 = CARTESIAN_POINT('',(-12.4,12.756557978036,12.233699545154));
#2655 = VECTOR('',#2656,1.);
#2656 = DIRECTION('',(0.,0.422618261741,0.906307787037));
#2657 = PCURVE('',#293,#2658);
#2658 = DEFINITIONAL_REPRESENTATION('',(#2659),#2663);
#2659 = LINE('',#2660,#2661);
#2660 = CARTESIAN_POINT('',(2.9,8.881784197001E-16));
#2661 = VECTOR('',#2662,1.);
#2662 = DIRECTION('',(0.,-1.));
#2663 = ( GEOMETRIC_REPRESENTATION_CONTEXT(2) 
PARAMETRIC_REPRESENTATION_CONTEXT() REPRESENTATION_CONTEXT('2D SPACE',''
  ) );
#2664 = PCURVE('',#2665,#2670);
#2665 = PLANE('',#2666);
#2666 = AXIS2_PLACEMENT_3D('',#2667,#2668,#2669);
#2667 = CARTESIAN_POINT('',(-23.2,20.532733994065,28.909762826628));
#2668 = DIRECTION('',(0.,-0.906307787037,0.422618261741));
#2669 = DIRECTION('',(1.,0.,0.));
#2670 = DEFINITIONAL_REPRESENTATION('',(#2671),#2675);
#2671 = LINE('',#2672,#2673);
#2672 = CARTESIAN_POINT('',(10.8,-18.4));
#2673 = VECTOR('',#2674,1.);
#2674 = DIRECTION('',(0.,1.));
#2675 = ( GEOMETRIC_REPRESENTATION_CONTEXT(2) 
PARAMETRIC_REPRESENTATION_CONTEXT() REPRESENTATION_CONTEXT('2D SPACE',''
  ) );
#2676 = ORIENTED_EDGE('',*,*,#2677,.F.);
#2677 = EDGE_CURVE('',#2678,#2650,#2680,.T.);
#2678 = VERTEX_POINT('',#2679);
#2679 = CARTESIAN_POINT('',(-12.4,12.828826885836,12.2));
#2680 = SURFACE_CURVE('',#2681,(#2685,#2692),.PCURVE_S1.);
#2681 = LINE('',#2682,#2683);
#2682 = CARTESIAN_POINT('',(-12.4,15.384850560442,11.008106586105));
#2683 = VECTOR('',#2684,1.);
#2684 = DIRECTION('',(0.,-0.906307787037,0.422618261741));
#2685 = PCURVE('',#293,#2686);
#2686 = DEFINITIONAL_REPRESENTATION('',(#2687),#2691);
#2687 = LINE('',#2688,#2689);
#2688 = CARTESIAN_POINT('',(0.,0.));
#2689 = VECTOR('',#2690,1.);
#2690 = DIRECTION('',(1.,0.));
#2691 = ( GEOMETRIC_REPRESENTATION_CONTEXT(2) 
PARAMETRIC_REPRESENTATION_CONTEXT() REPRESENTATION_CONTEXT('2D SPACE',''
  ) );
#2692 = PCURVE('',#2693,#2698);
#2693 = PLANE('',#2694);
#2694 = AXIS2_PLACEMENT_3D('',#2695,#2696,#2697);
#2695 = CARTESIAN_POINT('',(-19.6,15.384850560442,11.008106586105));
#2696 = DIRECTION('',(0.,0.422618261741,0.906307787037));
#2697 = DIRECTION('',(0.,-0.906307787037,0.422618261741));
#2698 = DEFINITIONAL_REPRESENTATION('',(#2699),#2703);
#2699 = LINE('',#2700,#2701);
#2700 = CARTESIAN_POINT('',(0.,7.2));
#2701 = VECTOR('',#2702,1.);
#2702 = DIRECTION('',(1.,0.));
#2703 = ( GEOMETRIC_REPRESENTATION_CONTEXT(2) 
PARAMETRIC_REPRESENTATION_CONTEXT() REPRESENTATION_CONTEXT('2D SPACE',''
  ) );
#2704 = ORIENTED_EDGE('',*,*,#2705,.F.);
#2705 = EDGE_CURVE('',#2706,#2678,#2708,.T.);
#2706 = VERTEX_POINT('',#2707);
#2707 = CARTESIAN_POINT('',(-12.4,15.940639587046,12.2));
#2708 = SURFACE_CURVE('',#2709,(#2713,#2719),.PCURVE_S1.);
#2709 = LINE('',#2710,#2711);
#2710 = CARTESIAN_POINT('',(-12.4,-42.30757471977,12.2));
#2711 = VECTOR('',#2712,1.);
#2712 = DIRECTION('',(0.,-1.,0.));
#2713 = PCURVE('',#293,#2714);
#2714 = DEFINITIONAL_REPRESENTATION('',(#2715),#2718);
#2715 = B_SPLINE_CURVE_WITH_KNOTS('',1,(#2716,#2717),.UNSPECIFIED.,.F.,
  .F.,(2,2),(-58.24821430682,-55.13640160561),.PIECEWISE_BEZIER_KNOTS.);
#2716 = CARTESIAN_POINT('',(0.,-1.315108874648));
#2717 = CARTESIAN_POINT('',(2.820260082906,3.552713678801E-15));
#2718 = ( GEOMETRIC_REPRESENTATION_CONTEXT(2) 
PARAMETRIC_REPRESENTATION_CONTEXT() REPRESENTATION_CONTEXT('2D SPACE',''
  ) );
#2719 = PCURVE('',#2720,#2725);
#2720 = PLANE('',#2721);
#2721 = AXIS2_PLACEMENT_3D('',#2722,#2723,#2724);
#2722 = CARTESIAN_POINT('',(-100.,-100.,12.2));
#2723 = DIRECTION('',(0.,0.,1.));
#2724 = DIRECTION('',(1.,0.,0.));
#2725 = DEFINITIONAL_REPRESENTATION('',(#2726),#2729);
#2726 = B_SPLINE_CURVE_WITH_KNOTS('',1,(#2727,#2728),.UNSPECIFIED.,.F.,
  .F.,(2,2),(-58.24821430682,-55.13640160561),.PIECEWISE_BEZIER_KNOTS.);
#2727 = CARTESIAN_POINT('',(87.6,115.94063958704));
#2728 = CARTESIAN_POINT('',(87.6,112.82882688583));
#2729 = ( GEOMETRIC_REPRESENTATION_CONTEXT(2) 
PARAMETRIC_REPRESENTATION_CONTEXT() REPRESENTATION_CONTEXT('2D SPACE',''
  ) );
#2730 = ORIENTED_EDGE('',*,*,#2731,.T.);
#2731 = EDGE_CURVE('',#2706,#2732,#2734,.T.);
#2732 = VERTEX_POINT('',#2733);
#2733 = CARTESIAN_POINT('',(-12.4,21.724124486553,24.602723391655));
#2734 = SURFACE_CURVE('',#2735,(#2739,#2746),.PCURVE_S1.);
#2735 = LINE('',#2736,#2737);
#2736 = CARTESIAN_POINT('',(-12.4,15.384850560442,11.008106586105));
#2737 = VECTOR('',#2738,1.);
#2738 = DIRECTION('',(0.,0.422618261741,0.906307787037));
#2739 = PCURVE('',#293,#2740);
#2740 = DEFINITIONAL_REPRESENTATION('',(#2741),#2745);
#2741 = LINE('',#2742,#2743);
#2742 = CARTESIAN_POINT('',(0.,0.));
#2743 = VECTOR('',#2744,1.);
#2744 = DIRECTION('',(0.,-1.));
#2745 = ( GEOMETRIC_REPRESENTATION_CONTEXT(2) 
PARAMETRIC_REPRESENTATION_CONTEXT() REPRESENTATION_CONTEXT('2D SPACE',''
  ) );
#2746 = PCURVE('',#2747,#2752);
#2747 = PLANE('',#2748);
#2748 = AXIS2_PLACEMENT_3D('',#2749,#2750,#2751);
#2749 = CARTESIAN_POINT('',(-19.6,15.384850560442,11.008106586105));
#2750 = DIRECTION('',(0.,-0.906307787037,0.422618261741));
#2751 = DIRECTION('',(1.,0.,0.));
#2752 = DEFINITIONAL_REPRESENTATION('',(#2753),#2757);
#2753 = LINE('',#2754,#2755);
#2754 = CARTESIAN_POINT('',(7.2,0.));
#2755 = VECTOR('',#2756,1.);
#2756 = DIRECTION('',(0.,1.));
#2757 = ( GEOMETRIC_REPRESENTATION_CONTEXT(2) 
PARAMETRIC_REPRESENTATION_CONTEXT() REPRESENTATION_CONTEXT('2D SPACE',''
  ) );
#2758 = ORIENTED_EDGE('',*,*,#2759,.T.);
#2759 = EDGE_CURVE('',#2732,#2760,#2762,.T.);
#2760 = VERTEX_POINT('',#2761);
#2761 = CARTESIAN_POINT('',(-12.4,20.545924363405,25.152127131918));
#2762 = SURFACE_CURVE('',#2763,(#2767,#2773),.PCURVE_S1.);
#2763 = LINE('',#2764,#2765);
#2764 = CARTESIAN_POINT('',(-12.4,22.947639999052,24.032188738305));
#2765 = VECTOR('',#2766,1.);
#2766 = DIRECTION('',(0.,-0.906307787037,0.422618261741));
#2767 = PCURVE('',#293,#2768);
#2768 = DEFINITIONAL_REPRESENTATION('',(#2769),#2772);
#2769 = B_SPLINE_CURVE_WITH_KNOTS('',1,(#2770,#2771),.UNSPECIFIED.,.F.,
  .F.,(2,2),(1.35,2.65),.PIECEWISE_BEZIER_KNOTS.);
#2770 = CARTESIAN_POINT('',(0.,-15.));
#2771 = CARTESIAN_POINT('',(1.3,-15.));
#2772 = ( GEOMETRIC_REPRESENTATION_CONTEXT(2) 
PARAMETRIC_REPRESENTATION_CONTEXT() REPRESENTATION_CONTEXT('2D SPACE',''
  ) );
#2773 = PCURVE('',#1920,#2774);
#2774 = DEFINITIONAL_REPRESENTATION('',(#2775),#2778);
#2775 = B_SPLINE_CURVE_WITH_KNOTS('',1,(#2776,#2777),.UNSPECIFIED.,.F.,
  .F.,(2,2),(1.35,2.65),.PIECEWISE_BEZIER_KNOTS.);
#2776 = CARTESIAN_POINT('',(2.7,9.1));
#2777 = CARTESIAN_POINT('',(4.,9.1));
#2778 = ( GEOMETRIC_REPRESENTATION_CONTEXT(2) 
PARAMETRIC_REPRESENTATION_CONTEXT() REPRESENTATION_CONTEXT('2D SPACE',''
  ) );
#2779 = ORIENTED_EDGE('',*,*,#2780,.F.);
#2780 = EDGE_CURVE('',#2602,#2760,#2781,.T.);
#2781 = SURFACE_CURVE('',#2782,(#2786,#2792),.PCURVE_S1.);
#2782 = LINE('',#2783,#2784);
#2783 = CARTESIAN_POINT('',(-12.4,17.37628740035,18.354818729143));
#2784 = VECTOR('',#2785,1.);
#2785 = DIRECTION('',(0.,-0.422618261741,-0.906307787037));
#2786 = PCURVE('',#293,#2787);
#2787 = DEFINITIONAL_REPRESENTATION('',(#2788),#2791);
#2788 = B_SPLINE_CURVE_WITH_KNOTS('',1,(#2789,#2790),.UNSPECIFIED.,.F.,
  .F.,(2,2),(-13.5,-7.5),.PIECEWISE_BEZIER_KNOTS.);
#2789 = CARTESIAN_POINT('',(1.3,-21.));
#2790 = CARTESIAN_POINT('',(1.3,-15.));
#2791 = ( GEOMETRIC_REPRESENTATION_CONTEXT(2) 
PARAMETRIC_REPRESENTATION_CONTEXT() REPRESENTATION_CONTEXT('2D SPACE',''
  ) );
#2792 = PCURVE('',#2566,#2793);
#2793 = DEFINITIONAL_REPRESENTATION('',(#2794),#2797);
#2794 = B_SPLINE_CURVE_WITH_KNOTS('',1,(#2795,#2796),.UNSPECIFIED.,.F.,
  .F.,(2,2),(-13.5,-7.5),.PIECEWISE_BEZIER_KNOTS.);
#2795 = CARTESIAN_POINT('',(9.1,6.));
#2796 = CARTESIAN_POINT('',(9.1,0.));
#2797 = ( GEOMETRIC_REPRESENTATION_CONTEXT(2) 
PARAMETRIC_REPRESENTATION_CONTEXT() REPRESENTATION_CONTEXT('2D SPACE',''
  ) );
#2798 = ORIENTED_EDGE('',*,*,#2622,.F.);
#2799 = ADVANCED_FACE('',(#2800),#266,.T.);
#2800 = FACE_BOUND('',#2801,.F.);
#2801 = EDGE_LOOP('',(#2802,#2823,#2824,#2851,#2883,#2915));
#2802 = ORIENTED_EDGE('',*,*,#2803,.T.);
#2803 = EDGE_CURVE('',#2804,#220,#2806,.T.);
#2804 = VERTEX_POINT('',#2805);
#2805 = CARTESIAN_POINT('',(-14.,14.352603537106,19.205732666756));
#2806 = SURFACE_CURVE('',#2807,(#2811,#2817),.PCURVE_S1.);
#2807 = LINE('',#2808,#2809);
#2808 = CARTESIAN_POINT('',(-14.,18.340357800067,17.346212315097));
#2809 = VECTOR('',#2810,1.);
#2810 = DIRECTION('',(-0.,0.906307787037,-0.422618261741));
#2811 = PCURVE('',#266,#2812);
#2812 = DEFINITIONAL_REPRESENTATION('',(#2813),#2816);
#2813 = B_SPLINE_CURVE_WITH_KNOTS('',1,(#2814,#2815),.UNSPECIFIED.,.F.,
  .F.,(2,2),(-4.6,-2.9),.PIECEWISE_BEZIER_KNOTS.);
#2814 = CARTESIAN_POINT('',(-7.264950663758,-4.6));
#2815 = CARTESIAN_POINT('',(-7.264950663758,-2.9));
#2816 = ( GEOMETRIC_REPRESENTATION_CONTEXT(2) 
PARAMETRIC_REPRESENTATION_CONTEXT() REPRESENTATION_CONTEXT('2D SPACE',''
  ) );
#2817 = PCURVE('',#234,#2818);
#2818 = DEFINITIONAL_REPRESENTATION('',(#2819),#2822);
#2819 = B_SPLINE_CURVE_WITH_KNOTS('',1,(#2820,#2821),.UNSPECIFIED.,.F.,
  .F.,(2,2),(-4.6000006,-2.8999994),.PIECEWISE_BEZIER_KNOTS.);
#2820 = CARTESIAN_POINT('',(2.290256572675,-2.171341435914));
#2821 = CARTESIAN_POINT('',(1.571805020574,-3.712065761446));
#2822 = ( GEOMETRIC_REPRESENTATION_CONTEXT(2) 
PARAMETRIC_REPRESENTATION_CONTEXT() REPRESENTATION_CONTEXT('2D SPACE',''
  ) );
#2823 = ORIENTED_EDGE('',*,*,#245,.T.);
#2824 = ORIENTED_EDGE('',*,*,#2825,.T.);
#2825 = EDGE_CURVE('',#246,#2826,#2828,.T.);
#2826 = VERTEX_POINT('',#2827);
#2827 = CARTESIAN_POINT('',(-19.6,14.447031024999,15.8589306933));
#2828 = SURFACE_CURVE('',#2829,(#2834,#2840),.PCURVE_S1.);
#2829 = CIRCLE('',#2830,3.6);
#2830 = AXIS2_PLACEMENT_3D('',#2831,#2832,#2833);
#2831 = CARTESIAN_POINT('',(-16.,14.447031024999,15.8589306933));
#2832 = DIRECTION('',(0.,0.906307787037,-0.422618261741));
#2833 = DIRECTION('',(1.,0.,0.));
#2834 = PCURVE('',#266,#2835);
#2835 = DEFINITIONAL_REPRESENTATION('',(#2836),#2839);
#2836 = B_SPLINE_CURVE_WITH_KNOTS('',1,(#2837,#2838),.UNSPECIFIED.,.F.,
  .F.,(2,2),(0.,3.14159265359),.PIECEWISE_BEZIER_KNOTS.);
#2837 = CARTESIAN_POINT('',(-6.28318530718,-2.9));
#2838 = CARTESIAN_POINT('',(-3.14159265359,-2.9));
#2839 = ( GEOMETRIC_REPRESENTATION_CONTEXT(2) 
PARAMETRIC_REPRESENTATION_CONTEXT() REPRESENTATION_CONTEXT('2D SPACE',''
  ) );
#2840 = PCURVE('',#2665,#2841);
#2841 = DEFINITIONAL_REPRESENTATION('',(#2842),#2850);
#2842 = ( BOUNDED_CURVE() B_SPLINE_CURVE(2,(#2843,#2844,#2845,#2846,
#2847,#2848,#2849),.UNSPECIFIED.,.T.,.F.) B_SPLINE_CURVE_WITH_KNOTS((1,2
    ,2,2,2,1),(-2.094395102393,0.,2.094395102393,4.188790204786,
6.28318530718,8.377580409573),.UNSPECIFIED.) CURVE() 
GEOMETRIC_REPRESENTATION_ITEM() RATIONAL_B_SPLINE_CURVE((1.,0.5,1.,0.5,
1.,0.5,1.)) REPRESENTATION_ITEM('') );
#2843 = CARTESIAN_POINT('',(10.8,-14.4));
#2844 = CARTESIAN_POINT('',(10.8,-20.63538290724));
#2845 = CARTESIAN_POINT('',(5.4,-17.51769145362));
#2846 = CARTESIAN_POINT('',(1.7763568394E-15,-14.4));
#2847 = CARTESIAN_POINT('',(5.4,-11.28230854637));
#2848 = CARTESIAN_POINT('',(10.8,-8.164617092752));
#2849 = CARTESIAN_POINT('',(10.8,-14.4));
#2850 = ( GEOMETRIC_REPRESENTATION_CONTEXT(2) 
PARAMETRIC_REPRESENTATION_CONTEXT() REPRESENTATION_CONTEXT('2D SPACE',''
  ) );
#2851 = ORIENTED_EDGE('',*,*,#2852,.T.);
#2852 = EDGE_CURVE('',#2826,#2853,#2855,.T.);
#2853 = VERTEX_POINT('',#2854);
#2854 = CARTESIAN_POINT('',(-19.37266093082,14.979120381199,17.));
#2855 = SURFACE_CURVE('',#2856,(#2861,#2867),.PCURVE_S1.);
#2856 = CIRCLE('',#2857,3.6);
#2857 = AXIS2_PLACEMENT_3D('',#2858,#2859,#2860);
#2858 = CARTESIAN_POINT('',(-16.,14.447031024999,15.8589306933));
#2859 = DIRECTION('',(0.,0.906307787037,-0.422618261741));
#2860 = DIRECTION('',(1.,0.,0.));
#2861 = PCURVE('',#266,#2862);
#2862 = DEFINITIONAL_REPRESENTATION('',(#2863),#2866);
#2863 = B_SPLINE_CURVE_WITH_KNOTS('',1,(#2864,#2865),.UNSPECIFIED.,.F.,
  .F.,(2,2),(3.14159265359,3.498876335814),.PIECEWISE_BEZIER_KNOTS.);
#2864 = CARTESIAN_POINT('',(-3.14159265359,-2.9));
#2865 = CARTESIAN_POINT('',(-2.784308971366,-2.9));
#2866 = ( GEOMETRIC_REPRESENTATION_CONTEXT(2) 
PARAMETRIC_REPRESENTATION_CONTEXT() REPRESENTATION_CONTEXT('2D SPACE',''
  ) );
#2867 = PCURVE('',#2868,#2873);
#2868 = PLANE('',#2869);
#2869 = AXIS2_PLACEMENT_3D('',#2870,#2871,#2872);
#2870 = CARTESIAN_POINT('',(-23.2,20.532733994065,28.909762826628));
#2871 = DIRECTION('',(0.,-0.906307787037,0.422618261741));
#2872 = DIRECTION('',(1.,0.,0.));
#2873 = DEFINITIONAL_REPRESENTATION('',(#2874),#2882);
#2874 = ( BOUNDED_CURVE() B_SPLINE_CURVE(2,(#2875,#2876,#2877,#2878,
#2879,#2880,#2881),.UNSPECIFIED.,.T.,.F.) B_SPLINE_CURVE_WITH_KNOTS((1,2
    ,2,2,2,1),(-2.094395102393,0.,2.094395102393,4.188790204786,
6.28318530718,8.377580409573),.UNSPECIFIED.) CURVE() 
GEOMETRIC_REPRESENTATION_ITEM() RATIONAL_B_SPLINE_CURVE((1.,0.5,1.,0.5,
1.,0.5,1.)) REPRESENTATION_ITEM('') );
#2875 = CARTESIAN_POINT('',(10.8,-14.4));
#2876 = CARTESIAN_POINT('',(10.8,-20.63538290724));
#2877 = CARTESIAN_POINT('',(5.4,-17.51769145362));
#2878 = CARTESIAN_POINT('',(1.7763568394E-15,-14.4));
#2879 = CARTESIAN_POINT('',(5.4,-11.28230854637));
#2880 = CARTESIAN_POINT('',(10.8,-8.164617092752));
#2881 = CARTESIAN_POINT('',(10.8,-14.4));
#2882 = ( GEOMETRIC_REPRESENTATION_CONTEXT(2) 
PARAMETRIC_REPRESENTATION_CONTEXT() REPRESENTATION_CONTEXT('2D SPACE',''
  ) );
#2883 = ORIENTED_EDGE('',*,*,#2884,.T.);
#2884 = EDGE_CURVE('',#2853,#2885,#2887,.T.);
#2885 = VERTEX_POINT('',#2886);
#2886 = CARTESIAN_POINT('',(-19.55624553733,13.324053502755,17.));
#2887 = SURFACE_CURVE('',#2888,(#2893,#2903),.PCURVE_S1.);
#2888 = ELLIPSE('',#2889,8.518325699349,3.6);
#2889 = AXIS2_PLACEMENT_3D('',#2890,#2891,#2892);
#2890 = CARTESIAN_POINT('',(-16.,12.,17.));
#2891 = DIRECTION('',(0.,0.,1.));
#2892 = DIRECTION('',(0.,1.,-0.));
#2893 = PCURVE('',#266,#2894);
#2894 = DEFINITIONAL_REPRESENTATION('',(#2895),#2902);
#2895 = B_SPLINE_CURVE_WITH_KNOTS('',5,(#2896,#2897,#2898,#2899,#2900,
    #2901),.UNSPECIFIED.,.F.,.F.,(6,6),(1.213512644571,1.440901450702),
  .PIECEWISE_BEZIER_KNOTS.);
#2896 = CARTESIAN_POINT('',(-2.784308971366,-2.9));
#2897 = CARTESIAN_POINT('',(-2.829786732592,-3.228926762893));
#2898 = CARTESIAN_POINT('',(-2.875264493818,-3.564833782899));
#2899 = CARTESIAN_POINT('',(-2.920742255045,-3.906303833787));
#2900 = CARTESIAN_POINT('',(-2.966220016271,-4.251859278874));
#2901 = CARTESIAN_POINT('',(-3.011697777497,-4.6));
#2902 = ( GEOMETRIC_REPRESENTATION_CONTEXT(2) 
PARAMETRIC_REPRESENTATION_CONTEXT() REPRESENTATION_CONTEXT('2D SPACE',''
  ) );
#2903 = PCURVE('',#2904,#2909);
#2904 = PLANE('',#2905);
#2905 = AXIS2_PLACEMENT_3D('',#2906,#2907,#2908);
#2906 = CARTESIAN_POINT('',(-30.,12.,17.));
#2907 = DIRECTION('',(0.,0.,1.));
#2908 = DIRECTION('',(1.,0.,0.));
#2909 = DEFINITIONAL_REPRESENTATION('',(#2910),#2914);
#2910 = ELLIPSE('',#2911,8.518325699349,3.6);
#2911 = AXIS2_PLACEMENT_2D('',#2912,#2913);
#2912 = CARTESIAN_POINT('',(14.,0.));
#2913 = DIRECTION('',(0.,1.));
#2914 = ( GEOMETRIC_REPRESENTATION_CONTEXT(2) 
PARAMETRIC_REPRESENTATION_CONTEXT() REPRESENTATION_CONTEXT('2D SPACE',''
  ) );
#2915 = ORIENTED_EDGE('',*,*,#2916,.F.);
#2916 = EDGE_CURVE('',#2804,#2885,#2917,.T.);
#2917 = SURFACE_CURVE('',#2918,(#2923,#2930),.PCURVE_S1.);
#2918 = CIRCLE('',#2919,3.6);
#2919 = AXIS2_PLACEMENT_3D('',#2920,#2921,#2922);
#2920 = CARTESIAN_POINT('',(-16.,13.087569344444,16.492858085911));
#2921 = DIRECTION('',(0.,0.906307787037,-0.422618261741));
#2922 = DIRECTION('',(1.,0.,0.));
#2923 = PCURVE('',#266,#2924);
#2924 = DEFINITIONAL_REPRESENTATION('',(#2925),#2929);
#2925 = LINE('',#2926,#2927);
#2926 = CARTESIAN_POINT('',(-12.56637061435,-4.4));
#2927 = VECTOR('',#2928,1.);
#2928 = DIRECTION('',(1.,-0.));
#2929 = ( GEOMETRIC_REPRESENTATION_CONTEXT(2) 
PARAMETRIC_REPRESENTATION_CONTEXT() REPRESENTATION_CONTEXT('2D SPACE',''
  ) );
#2930 = PCURVE('',#2931,#2936);
#2931 = PLANE('',#2932);
#2932 = AXIS2_PLACEMENT_3D('',#2933,#2934,#2935);
#2933 = CARTESIAN_POINT('',(-21.7,11.228048992785,12.50510382295));
#2934 = DIRECTION('',(0.,-0.906307787037,0.422618261741));
#2935 = DIRECTION('',(1.,0.,0.));
#2936 = DEFINITIONAL_REPRESENTATION('',(#2937),#2945);
#2937 = ( BOUNDED_CURVE() B_SPLINE_CURVE(2,(#2938,#2939,#2940,#2941,
#2942,#2943,#2944),.UNSPECIFIED.,.T.,.F.) B_SPLINE_CURVE_WITH_KNOTS((1,2
    ,2,2,2,1),(-2.094395102393,0.,2.094395102393,4.188790204786,
6.28318530718,8.377580409573),.UNSPECIFIED.) CURVE() 
GEOMETRIC_REPRESENTATION_ITEM() RATIONAL_B_SPLINE_CURVE((1.,0.5,1.,0.5,
1.,0.5,1.)) REPRESENTATION_ITEM('') );
#2938 = CARTESIAN_POINT('',(9.3,4.4));
#2939 = CARTESIAN_POINT('',(9.3,-1.835382907248));
#2940 = CARTESIAN_POINT('',(3.9,1.282308546376));
#2941 = CARTESIAN_POINT('',(-1.5,4.4));
#2942 = CARTESIAN_POINT('',(3.9,7.517691453624));
#2943 = CARTESIAN_POINT('',(9.3,10.635382907248));
#2944 = CARTESIAN_POINT('',(9.3,4.4));
#2945 = ( GEOMETRIC_REPRESENTATION_CONTEXT(2) 
PARAMETRIC_REPRESENTATION_CONTEXT() REPRESENTATION_CONTEXT('2D SPACE',''
  ) );
#2946 = ADVANCED_FACE('',(#2947),#234,.T.);
#2947 = FACE_BOUND('',#2948,.T.);
#2948 = EDGE_LOOP('',(#2949,#2972,#2991,#2992));
#2949 = ORIENTED_EDGE('',*,*,#2950,.F.);
#2950 = EDGE_CURVE('',#2951,#193,#2953,.T.);
#2951 = VERTEX_POINT('',#2952);
#2952 = CARTESIAN_POINT('',(-14.,14.72297647722,20.));
#2953 = SURFACE_CURVE('',#2954,(#2958,#2965),.PCURVE_S1.);
#2954 = LINE('',#2955,#2956);
#2955 = CARTESIAN_POINT('',(-14.,12.,20.));
#2956 = VECTOR('',#2957,1.);
#2957 = DIRECTION('',(0.,1.,0.));
#2958 = PCURVE('',#234,#2959);
#2959 = DEFINITIONAL_REPRESENTATION('',(#2960),#2964);
#2960 = LINE('',#2961,#2962);
#2961 = CARTESIAN_POINT('',(3.,0.));
#2962 = VECTOR('',#2963,1.);
#2963 = DIRECTION('',(0.,-1.));
#2964 = ( GEOMETRIC_REPRESENTATION_CONTEXT(2) 
PARAMETRIC_REPRESENTATION_CONTEXT() REPRESENTATION_CONTEXT('2D SPACE',''
  ) );
#2965 = PCURVE('',#207,#2966);
#2966 = DEFINITIONAL_REPRESENTATION('',(#2967),#2971);
#2967 = LINE('',#2968,#2969);
#2968 = CARTESIAN_POINT('',(16.,0.));
#2969 = VECTOR('',#2970,1.);
#2970 = DIRECTION('',(0.,1.));
#2971 = ( GEOMETRIC_REPRESENTATION_CONTEXT(2) 
PARAMETRIC_REPRESENTATION_CONTEXT() REPRESENTATION_CONTEXT('2D SPACE',''
  ) );
#2972 = ORIENTED_EDGE('',*,*,#2973,.T.);
#2973 = EDGE_CURVE('',#2951,#2804,#2974,.T.);
#2974 = SURFACE_CURVE('',#2975,(#2979,#2985),.PCURVE_S1.);
#2975 = LINE('',#2976,#2977);
#2976 = CARTESIAN_POINT('',(-14.,12.157809168614,14.498980954431));
#2977 = VECTOR('',#2978,1.);
#2978 = DIRECTION('',(0.,-0.422618261741,-0.906307787037));
#2979 = PCURVE('',#234,#2980);
#2980 = DEFINITIONAL_REPRESENTATION('',(#2981),#2984);
#2981 = B_SPLINE_CURVE_WITH_KNOTS('',1,(#2982,#2983),.UNSPECIFIED.,.F.,
  .F.,(2,2),(-6.069702946673,-2.759569189786),.PIECEWISE_BEZIER_KNOTS.);
#2982 = CARTESIAN_POINT('',(3.,-2.72297647722));
#2983 = CARTESIAN_POINT('',(0.,-1.324053502755));
#2984 = ( GEOMETRIC_REPRESENTATION_CONTEXT(2) 
PARAMETRIC_REPRESENTATION_CONTEXT() REPRESENTATION_CONTEXT('2D SPACE',''
  ) );
#2985 = PCURVE('',#2931,#2986);
#2986 = DEFINITIONAL_REPRESENTATION('',(#2987),#2990);
#2987 = B_SPLINE_CURVE_WITH_KNOTS('',1,(#2988,#2989),.UNSPECIFIED.,.F.,
  .F.,(2,2),(-6.069702946673,-2.759569189786),.PIECEWISE_BEZIER_KNOTS.);
#2988 = CARTESIAN_POINT('',(7.7,8.269702946673));
#2989 = CARTESIAN_POINT('',(7.7,4.959569189786));
#2990 = ( GEOMETRIC_REPRESENTATION_CONTEXT(2) 
PARAMETRIC_REPRESENTATION_CONTEXT() REPRESENTATION_CONTEXT('2D SPACE',''
  ) );
#2991 = ORIENTED_EDGE('',*,*,#2803,.T.);
#2992 = ORIENTED_EDGE('',*,*,#219,.T.);
#2993 = ADVANCED_FACE('',(#2994,#3201),#207,.T.);
#2994 = FACE_BOUND('',#2995,.T.);
#2995 = EDGE_LOOP('',(#2996,#3026,#3054,#3082,#3110,#3137,#3157,#3158,
    #3159,#3181));
#2996 = ORIENTED_EDGE('',*,*,#2997,.T.);
#2997 = EDGE_CURVE('',#2998,#3000,#3002,.T.);
#2998 = VERTEX_POINT('',#2999);
#2999 = CARTESIAN_POINT('',(-14.,19.577839320655,20.));
#3000 = VERTEX_POINT('',#3001);
#3001 = CARTESIAN_POINT('',(-14.,28.,20.));
#3002 = SURFACE_CURVE('',#3003,(#3007,#3014),.PCURVE_S1.);
#3003 = LINE('',#3004,#3005);
#3004 = CARTESIAN_POINT('',(-14.,12.,20.));
#3005 = VECTOR('',#3006,1.);
#3006 = DIRECTION('',(0.,1.,0.));
#3007 = PCURVE('',#207,#3008);
#3008 = DEFINITIONAL_REPRESENTATION('',(#3009),#3013);
#3009 = LINE('',#3010,#3011);
#3010 = CARTESIAN_POINT('',(16.,0.));
#3011 = VECTOR('',#3012,1.);
#3012 = DIRECTION('',(0.,1.));
#3013 = ( GEOMETRIC_REPRESENTATION_CONTEXT(2) 
PARAMETRIC_REPRESENTATION_CONTEXT() REPRESENTATION_CONTEXT('2D SPACE',''
  ) );
#3014 = PCURVE('',#3015,#3020);
#3015 = PLANE('',#3016);
#3016 = AXIS2_PLACEMENT_3D('',#3017,#3018,#3019);
#3017 = CARTESIAN_POINT('',(-14.,12.,17.));
#3018 = DIRECTION('',(1.,0.,0.));
#3019 = DIRECTION('',(0.,0.,1.));
#3020 = DEFINITIONAL_REPRESENTATION('',(#3021),#3025);
#3021 = LINE('',#3022,#3023);
#3022 = CARTESIAN_POINT('',(3.,0.));
#3023 = VECTOR('',#3024,1.);
#3024 = DIRECTION('',(0.,-1.));
#3025 = ( GEOMETRIC_REPRESENTATION_CONTEXT(2) 
PARAMETRIC_REPRESENTATION_CONTEXT() REPRESENTATION_CONTEXT('2D SPACE',''
  ) );
#3026 = ORIENTED_EDGE('',*,*,#3027,.F.);
#3027 = EDGE_CURVE('',#3028,#3000,#3030,.T.);
#3028 = VERTEX_POINT('',#3029);
#3029 = CARTESIAN_POINT('',(-30.,28.,20.));
#3030 = SURFACE_CURVE('',#3031,(#3035,#3042),.PCURVE_S1.);
#3031 = LINE('',#3032,#3033);
#3032 = CARTESIAN_POINT('',(-30.,28.,20.));
#3033 = VECTOR('',#3034,1.);
#3034 = DIRECTION('',(1.,0.,0.));
#3035 = PCURVE('',#207,#3036);
#3036 = DEFINITIONAL_REPRESENTATION('',(#3037),#3041);
#3037 = LINE('',#3038,#3039);
#3038 = CARTESIAN_POINT('',(0.,16.));
#3039 = VECTOR('',#3040,1.);
#3040 = DIRECTION('',(1.,0.));
#3041 = ( GEOMETRIC_REPRESENTATION_CONTEXT(2) 
PARAMETRIC_REPRESENTATION_CONTEXT() REPRESENTATION_CONTEXT('2D SPACE',''
  ) );
#3042 = PCURVE('',#3043,#3048);
#3043 = PLANE('',#3044);
#3044 = AXIS2_PLACEMENT_3D('',#3045,#3046,#3047);
#3045 = CARTESIAN_POINT('',(-30.,28.,17.));
#3046 = DIRECTION('',(0.,1.,0.));
#3047 = DIRECTION('',(0.,0.,1.));
#3048 = DEFINITIONAL_REPRESENTATION('',(#3049),#3053);
#3049 = LINE('',#3050,#3051);
#3050 = CARTESIAN_POINT('',(3.,0.));
#3051 = VECTOR('',#3052,1.);
#3052 = DIRECTION('',(0.,1.));
#3053 = ( GEOMETRIC_REPRESENTATION_CONTEXT(2) 
PARAMETRIC_REPRESENTATION_CONTEXT() REPRESENTATION_CONTEXT('2D SPACE',''
  ) );
#3054 = ORIENTED_EDGE('',*,*,#3055,.F.);
#3055 = EDGE_CURVE('',#3056,#3028,#3058,.T.);
#3056 = VERTEX_POINT('',#3057);
#3057 = CARTESIAN_POINT('',(-30.,12.,20.));
#3058 = SURFACE_CURVE('',#3059,(#3063,#3070),.PCURVE_S1.);
#3059 = LINE('',#3060,#3061);
#3060 = CARTESIAN_POINT('',(-30.,12.,20.));
#3061 = VECTOR('',#3062,1.);
#3062 = DIRECTION('',(0.,1.,0.));
#3063 = PCURVE('',#207,#3064);
#3064 = DEFINITIONAL_REPRESENTATION('',(#3065),#3069);
#3065 = LINE('',#3066,#3067);
#3066 = CARTESIAN_POINT('',(0.,0.));
#3067 = VECTOR('',#3068,1.);
#3068 = DIRECTION('',(0.,1.));
#3069 = ( GEOMETRIC_REPRESENTATION_CONTEXT(2) 
PARAMETRIC_REPRESENTATION_CONTEXT() REPRESENTATION_CONTEXT('2D SPACE',''
  ) );
#3070 = PCURVE('',#3071,#3076);
#3071 = PLANE('',#3072);
#3072 = AXIS2_PLACEMENT_3D('',#3073,#3074,#3075);
#3073 = CARTESIAN_POINT('',(-30.,12.,17.));
#3074 = DIRECTION('',(1.,0.,0.));
#3075 = DIRECTION('',(0.,0.,1.));
#3076 = DEFINITIONAL_REPRESENTATION('',(#3077),#3081);
#3077 = LINE('',#3078,#3079);
#3078 = CARTESIAN_POINT('',(3.,0.));
#3079 = VECTOR('',#3080,1.);
#3080 = DIRECTION('',(0.,-1.));
#3081 = ( GEOMETRIC_REPRESENTATION_CONTEXT(2) 
PARAMETRIC_REPRESENTATION_CONTEXT() REPRESENTATION_CONTEXT('2D SPACE',''
  ) );
#3082 = ORIENTED_EDGE('',*,*,#3083,.T.);
#3083 = EDGE_CURVE('',#3056,#3084,#3086,.T.);
#3084 = VERTEX_POINT('',#3085);
#3085 = CARTESIAN_POINT('',(-21.7,12.,20.));
#3086 = SURFACE_CURVE('',#3087,(#3091,#3098),.PCURVE_S1.);
#3087 = LINE('',#3088,#3089);
#3088 = CARTESIAN_POINT('',(-30.,12.,20.));
#3089 = VECTOR('',#3090,1.);
#3090 = DIRECTION('',(1.,0.,0.));
#3091 = PCURVE('',#207,#3092);
#3092 = DEFINITIONAL_REPRESENTATION('',(#3093),#3097);
#3093 = LINE('',#3094,#3095);
#3094 = CARTESIAN_POINT('',(0.,0.));
#3095 = VECTOR('',#3096,1.);
#3096 = DIRECTION('',(1.,0.));
#3097 = ( GEOMETRIC_REPRESENTATION_CONTEXT(2) 
PARAMETRIC_REPRESENTATION_CONTEXT() REPRESENTATION_CONTEXT('2D SPACE',''
  ) );
#3098 = PCURVE('',#3099,#3104);
#3099 = PLANE('',#3100);
#3100 = AXIS2_PLACEMENT_3D('',#3101,#3102,#3103);
#3101 = CARTESIAN_POINT('',(-30.,12.,17.));
#3102 = DIRECTION('',(0.,1.,0.));
#3103 = DIRECTION('',(0.,0.,1.));
#3104 = DEFINITIONAL_REPRESENTATION('',(#3105),#3109);
#3105 = LINE('',#3106,#3107);
#3106 = CARTESIAN_POINT('',(3.,0.));
#3107 = VECTOR('',#3108,1.);
#3108 = DIRECTION('',(0.,1.));
#3109 = ( GEOMETRIC_REPRESENTATION_CONTEXT(2) 
PARAMETRIC_REPRESENTATION_CONTEXT() REPRESENTATION_CONTEXT('2D SPACE',''
  ) );
#3110 = ORIENTED_EDGE('',*,*,#3111,.T.);
#3111 = EDGE_CURVE('',#3084,#3112,#3114,.T.);
#3112 = VERTEX_POINT('',#3113);
#3113 = CARTESIAN_POINT('',(-21.7,14.72297647722,20.));
#3114 = SURFACE_CURVE('',#3115,(#3119,#3126),.PCURVE_S1.);
#3115 = LINE('',#3116,#3117);
#3116 = CARTESIAN_POINT('',(-21.7,11.614024496392,20.));
#3117 = VECTOR('',#3118,1.);
#3118 = DIRECTION('',(0.,1.,0.));
#3119 = PCURVE('',#207,#3120);
#3120 = DEFINITIONAL_REPRESENTATION('',(#3121),#3125);
#3121 = LINE('',#3122,#3123);
#3122 = CARTESIAN_POINT('',(8.3,-0.385975503608));
#3123 = VECTOR('',#3124,1.);
#3124 = DIRECTION('',(0.,1.));
#3125 = ( GEOMETRIC_REPRESENTATION_CONTEXT(2) 
PARAMETRIC_REPRESENTATION_CONTEXT() REPRESENTATION_CONTEXT('2D SPACE',''
  ) );
#3126 = PCURVE('',#3127,#3132);
#3127 = PLANE('',#3128);
#3128 = AXIS2_PLACEMENT_3D('',#3129,#3130,#3131);
#3129 = CARTESIAN_POINT('',(-21.7,11.228048992785,12.50510382295));
#3130 = DIRECTION('',(1.,0.,0.));
#3131 = DIRECTION('',(0.,-0.906307787037,0.422618261741));
#3132 = DEFINITIONAL_REPRESENTATION('',(#3133),#3136);
#3133 = B_SPLINE_CURVE_WITH_KNOTS('',1,(#3134,#3135),.UNSPECIFIED.,.F.,
  .F.,(2,2),(0.385975503608,3.108951980828),.PIECEWISE_BEZIER_KNOTS.);
#3134 = CARTESIAN_POINT('',(2.467854785222,-7.11892336111));
#3135 = CARTESIAN_POINT('',(-7.105427357601E-15,-8.269702946673));
#3136 = ( GEOMETRIC_REPRESENTATION_CONTEXT(2) 
PARAMETRIC_REPRESENTATION_CONTEXT() REPRESENTATION_CONTEXT('2D SPACE',''
  ) );
#3137 = ORIENTED_EDGE('',*,*,#3138,.T.);
#3138 = EDGE_CURVE('',#3112,#2951,#3139,.T.);
#3139 = SURFACE_CURVE('',#3140,(#3144,#3151),.PCURVE_S1.);
#3140 = LINE('',#3141,#3142);
#3141 = CARTESIAN_POINT('',(-25.85,14.72297647722,20.));
#3142 = VECTOR('',#3143,1.);
#3143 = DIRECTION('',(1.,0.,-0.));
#3144 = PCURVE('',#207,#3145);
#3145 = DEFINITIONAL_REPRESENTATION('',(#3146),#3150);
#3146 = LINE('',#3147,#3148);
#3147 = CARTESIAN_POINT('',(4.15,2.72297647722));
#3148 = VECTOR('',#3149,1.);
#3149 = DIRECTION('',(1.,0.));
#3150 = ( GEOMETRIC_REPRESENTATION_CONTEXT(2) 
PARAMETRIC_REPRESENTATION_CONTEXT() REPRESENTATION_CONTEXT('2D SPACE',''
  ) );
#3151 = PCURVE('',#2931,#3152);
#3152 = DEFINITIONAL_REPRESENTATION('',(#3153),#3156);
#3153 = B_SPLINE_CURVE_WITH_KNOTS('',1,(#3154,#3155),.UNSPECIFIED.,.F.,
  .F.,(2,2),(4.15,11.85),.PIECEWISE_BEZIER_KNOTS.);
#3154 = CARTESIAN_POINT('',(0.,8.269702946673));
#3155 = CARTESIAN_POINT('',(7.7,8.269702946673));
#3156 = ( GEOMETRIC_REPRESENTATION_CONTEXT(2) 
PARAMETRIC_REPRESENTATION_CONTEXT() REPRESENTATION_CONTEXT('2D SPACE',''
  ) );
#3157 = ORIENTED_EDGE('',*,*,#2950,.T.);
#3158 = ORIENTED_EDGE('',*,*,#192,.T.);
#3159 = ORIENTED_EDGE('',*,*,#3160,.F.);
#3160 = EDGE_CURVE('',#3161,#165,#3163,.T.);
#3161 = VERTEX_POINT('',#3162);
#3162 = CARTESIAN_POINT('',(-19.6,19.577839320655,20.));
#3163 = SURFACE_CURVE('',#3164,(#3168,#3175),.PCURVE_S1.);
#3164 = LINE('',#3165,#3166);
#3165 = CARTESIAN_POINT('',(-19.6,13.692425280221,20.));
#3166 = VECTOR('',#3167,1.);
#3167 = DIRECTION('',(0.,-1.,0.));
#3168 = PCURVE('',#207,#3169);
#3169 = DEFINITIONAL_REPRESENTATION('',(#3170),#3174);
#3170 = LINE('',#3171,#3172);
#3171 = CARTESIAN_POINT('',(10.4,1.692425280221));
#3172 = VECTOR('',#3173,1.);
#3173 = DIRECTION('',(0.,-1.));
#3174 = ( GEOMETRIC_REPRESENTATION_CONTEXT(2) 
PARAMETRIC_REPRESENTATION_CONTEXT() REPRESENTATION_CONTEXT('2D SPACE',''
  ) );
#3175 = PCURVE('',#180,#3176);
#3176 = DEFINITIONAL_REPRESENTATION('',(#3177),#3180);
#3177 = B_SPLINE_CURVE_WITH_KNOTS('',1,(#3178,#3179),.UNSPECIFIED.,.F.,
  .F.,(2,2),(-5.885414040434,-2.685618075443),.PIECEWISE_BEZIER_KNOTS.);
#3178 = CARTESIAN_POINT('',(0.,-9.921456642555));
#3179 = CARTESIAN_POINT('',(2.9,-8.569164433906));
#3180 = ( GEOMETRIC_REPRESENTATION_CONTEXT(2) 
PARAMETRIC_REPRESENTATION_CONTEXT() REPRESENTATION_CONTEXT('2D SPACE',''
  ) );
#3181 = ORIENTED_EDGE('',*,*,#3182,.F.);
#3182 = EDGE_CURVE('',#2998,#3161,#3183,.T.);
#3183 = SURFACE_CURVE('',#3184,(#3188,#3195),.PCURVE_S1.);
#3184 = LINE('',#3185,#3186);
#3185 = CARTESIAN_POINT('',(-24.8,19.577839320655,20.));
#3186 = VECTOR('',#3187,1.);
#3187 = DIRECTION('',(-1.,0.,0.));
#3188 = PCURVE('',#207,#3189);
#3189 = DEFINITIONAL_REPRESENTATION('',(#3190),#3194);
#3190 = LINE('',#3191,#3192);
#3191 = CARTESIAN_POINT('',(5.2,7.577839320655));
#3192 = VECTOR('',#3193,1.);
#3193 = DIRECTION('',(-1.,0.));
#3194 = ( GEOMETRIC_REPRESENTATION_CONTEXT(2) 
PARAMETRIC_REPRESENTATION_CONTEXT() REPRESENTATION_CONTEXT('2D SPACE',''
  ) );
#3195 = PCURVE('',#2747,#3196);
#3196 = DEFINITIONAL_REPRESENTATION('',(#3197),#3200);
#3197 = B_SPLINE_CURVE_WITH_KNOTS('',1,(#3198,#3199),.UNSPECIFIED.,.F.,
  .F.,(2,2),(-10.8,-5.2),.PIECEWISE_BEZIER_KNOTS.);
#3198 = CARTESIAN_POINT('',(5.6,9.921456642555));
#3199 = CARTESIAN_POINT('',(0.,9.921456642555));
#3200 = ( GEOMETRIC_REPRESENTATION_CONTEXT(2) 
PARAMETRIC_REPRESENTATION_CONTEXT() REPRESENTATION_CONTEXT('2D SPACE',''
  ) );
#3201 = FACE_BOUND('',#3202,.T.);
#3202 = EDGE_LOOP('',(#3203));
#3203 = ORIENTED_EDGE('',*,*,#3204,.T.);
#3204 = EDGE_CURVE('',#3205,#3205,#3207,.T.);
#3205 = VERTEX_POINT('',#3206);
#3206 = CARTESIAN_POINT('',(-24.75,24.,20.));
#3207 = SURFACE_CURVE('',#3208,(#3213,#3224),.PCURVE_S1.);
#3208 = CIRCLE('',#3209,1.25);
#3209 = AXIS2_PLACEMENT_3D('',#3210,#3211,#3212);
#3210 = CARTESIAN_POINT('',(-26.,24.,20.));
#3211 = DIRECTION('',(0.,0.,-1.));
#3212 = DIRECTION('',(1.,0.,0.));
#3213 = PCURVE('',#207,#3214);
#3214 = DEFINITIONAL_REPRESENTATION('',(#3215),#3223);
#3215 = ( BOUNDED_CURVE() B_SPLINE_CURVE(2,(#3216,#3217,#3218,#3219,
#3220,#3221,#3222),.UNSPECIFIED.,.T.,.F.) B_SPLINE_CURVE_WITH_KNOTS((1,2
    ,2,2,2,1),(-2.094395102393,0.,2.094395102393,4.188790204786,
6.28318530718,8.377580409573),.UNSPECIFIED.) CURVE() 
GEOMETRIC_REPRESENTATION_ITEM() RATIONAL_B_SPLINE_CURVE((1.,0.5,1.,0.5,
1.,0.5,1.)) REPRESENTATION_ITEM('') );
#3216 = CARTESIAN_POINT('',(5.25,12.));
#3217 = CARTESIAN_POINT('',(5.25,9.834936490539));
#3218 = CARTESIAN_POINT('',(3.375,10.917468245269));
#3219 = CARTESIAN_POINT('',(1.5,12.));
#3220 = CARTESIAN_POINT('',(3.375,13.082531754731));
#3221 = CARTESIAN_POINT('',(5.25,14.165063509461));
#3222 = CARTESIAN_POINT('',(5.25,12.));
#3223 = ( GEOMETRIC_REPRESENTATION_CONTEXT(2) 
PARAMETRIC_REPRESENTATION_CONTEXT() REPRESENTATION_CONTEXT('2D SPACE',''
  ) );
#3224 = PCURVE('',#3225,#3230);
#3225 = CYLINDRICAL_SURFACE('',#3226,1.25);
#3226 = AXIS2_PLACEMENT_3D('',#3227,#3228,#3229);
#3227 = CARTESIAN_POINT('',(-26.,24.,16.));
#3228 = DIRECTION('',(-0.,-0.,-1.));
#3229 = DIRECTION('',(1.,0.,0.));
#3230 = DEFINITIONAL_REPRESENTATION('',(#3231),#3235);
#3231 = LINE('',#3232,#3233);
#3232 = CARTESIAN_POINT('',(-6.28318530718,-4.));
#3233 = VECTOR('',#3234,1.);
#3234 = DIRECTION('',(1.,-0.));
#3235 = ( GEOMETRIC_REPRESENTATION_CONTEXT(2) 
PARAMETRIC_REPRESENTATION_CONTEXT() REPRESENTATION_CONTEXT('2D SPACE',''
  ) );
#3236 = ADVANCED_FACE('',(#3237),#180,.F.);
#3237 = FACE_BOUND('',#3238,.F.);
#3238 = EDGE_LOOP('',(#3239,#3240,#3241,#3264,#3285,#3306));
#3239 = ORIENTED_EDGE('',*,*,#164,.F.);
#3240 = ORIENTED_EDGE('',*,*,#3160,.F.);
#3241 = ORIENTED_EDGE('',*,*,#3242,.F.);
#3242 = EDGE_CURVE('',#3243,#3161,#3245,.T.);
#3243 = VERTEX_POINT('',#3244);
#3244 = CARTESIAN_POINT('',(-19.6,21.724124486553,24.602723391655));
#3245 = SURFACE_CURVE('',#3246,(#3250,#3257),.PCURVE_S1.);
#3246 = LINE('',#3247,#3248);
#3247 = CARTESIAN_POINT('',(-19.6,24.259834056997,30.040570113875));
#3248 = VECTOR('',#3249,1.);
#3249 = DIRECTION('',(0.,-0.422618261741,-0.906307787037));
#3250 = PCURVE('',#180,#3251);
#3251 = DEFINITIONAL_REPRESENTATION('',(#3252),#3256);
#3252 = LINE('',#3253,#3254);
#3253 = CARTESIAN_POINT('',(1.7763568394E-15,-21.));
#3254 = VECTOR('',#3255,1.);
#3255 = DIRECTION('',(0.,1.));
#3256 = ( GEOMETRIC_REPRESENTATION_CONTEXT(2) 
PARAMETRIC_REPRESENTATION_CONTEXT() REPRESENTATION_CONTEXT('2D SPACE',''
  ) );
#3257 = PCURVE('',#2747,#3258);
#3258 = DEFINITIONAL_REPRESENTATION('',(#3259),#3263);
#3259 = LINE('',#3260,#3261);
#3260 = CARTESIAN_POINT('',(0.,21.));
#3261 = VECTOR('',#3262,1.);
#3262 = DIRECTION('',(0.,-1.));
#3263 = ( GEOMETRIC_REPRESENTATION_CONTEXT(2) 
PARAMETRIC_REPRESENTATION_CONTEXT() REPRESENTATION_CONTEXT('2D SPACE',''
  ) );
#3264 = ORIENTED_EDGE('',*,*,#3265,.T.);
#3265 = EDGE_CURVE('',#3243,#3266,#3268,.T.);
#3266 = VERTEX_POINT('',#3267);
#3267 = CARTESIAN_POINT('',(-19.6,20.545924363405,25.152127131918));
#3268 = SURFACE_CURVE('',#3269,(#3273,#3279),.PCURVE_S1.);
#3269 = LINE('',#3270,#3271);
#3270 = CARTESIAN_POINT('',(-19.6,22.947639999052,24.032188738305));
#3271 = VECTOR('',#3272,1.);
#3272 = DIRECTION('',(0.,-0.906307787037,0.422618261741));
#3273 = PCURVE('',#180,#3274);
#3274 = DEFINITIONAL_REPRESENTATION('',(#3275),#3278);
#3275 = B_SPLINE_CURVE_WITH_KNOTS('',1,(#3276,#3277),.UNSPECIFIED.,.F.,
  .F.,(2,2),(1.35,2.65),.PIECEWISE_BEZIER_KNOTS.);
#3276 = CARTESIAN_POINT('',(0.,-15.));
#3277 = CARTESIAN_POINT('',(1.3,-15.));
#3278 = ( GEOMETRIC_REPRESENTATION_CONTEXT(2) 
PARAMETRIC_REPRESENTATION_CONTEXT() REPRESENTATION_CONTEXT('2D SPACE',''
  ) );
#3279 = PCURVE('',#1920,#3280);
#3280 = DEFINITIONAL_REPRESENTATION('',(#3281),#3284);
#3281 = B_SPLINE_CURVE_WITH_KNOTS('',1,(#3282,#3283),.UNSPECIFIED.,.F.,
  .F.,(2,2),(1.35,2.65),.PIECEWISE_BEZIER_KNOTS.);
#3282 = CARTESIAN_POINT('',(2.7,1.9));
#3283 = CARTESIAN_POINT('',(4.,1.9));
#3284 = ( GEOMETRIC_REPRESENTATION_CONTEXT(2) 
PARAMETRIC_REPRESENTATION_CONTEXT() REPRESENTATION_CONTEXT('2D SPACE',''
  ) );
#3285 = ORIENTED_EDGE('',*,*,#3286,.F.);
#3286 = EDGE_CURVE('',#3287,#3266,#3289,.T.);
#3287 = VERTEX_POINT('',#3288);
#3288 = CARTESIAN_POINT('',(-19.6,21.982826453324,28.233573607843));
#3289 = SURFACE_CURVE('',#3290,(#3294,#3300),.PCURVE_S1.);
#3290 = LINE('',#3291,#3292);
#3291 = CARTESIAN_POINT('',(-19.6,17.37628740035,18.354818729143));
#3292 = VECTOR('',#3293,1.);
#3293 = DIRECTION('',(0.,-0.422618261741,-0.906307787037));
#3294 = PCURVE('',#180,#3295);
#3295 = DEFINITIONAL_REPRESENTATION('',(#3296),#3299);
#3296 = B_SPLINE_CURVE_WITH_KNOTS('',1,(#3297,#3298),.UNSPECIFIED.,.F.,
  .F.,(2,2),(-13.5,-7.5),.PIECEWISE_BEZIER_KNOTS.);
#3297 = CARTESIAN_POINT('',(1.3,-21.));
#3298 = CARTESIAN_POINT('',(1.3,-15.));
#3299 = ( GEOMETRIC_REPRESENTATION_CONTEXT(2) 
PARAMETRIC_REPRESENTATION_CONTEXT() REPRESENTATION_CONTEXT('2D SPACE',''
  ) );
#3300 = PCURVE('',#1268,#3301);
#3301 = DEFINITIONAL_REPRESENTATION('',(#3302),#3305);
#3302 = B_SPLINE_CURVE_WITH_KNOTS('',1,(#3303,#3304),.UNSPECIFIED.,.F.,
  .F.,(2,2),(-13.5,-7.5),.PIECEWISE_BEZIER_KNOTS.);
#3303 = CARTESIAN_POINT('',(1.9,6.));
#3304 = CARTESIAN_POINT('',(1.9,0.));
#3305 = ( GEOMETRIC_REPRESENTATION_CONTEXT(2) 
PARAMETRIC_REPRESENTATION_CONTEXT() REPRESENTATION_CONTEXT('2D SPACE',''
  ) );
#3306 = ORIENTED_EDGE('',*,*,#3307,.F.);
#3307 = EDGE_CURVE('',#137,#3287,#3308,.T.);
#3308 = SURFACE_CURVE('',#3309,(#3313,#3320),.PCURVE_S1.);
#3309 = LINE('',#3310,#3311);
#3310 = CARTESIAN_POINT('',(-19.6,22.707872682953,27.89547899845));
#3311 = VECTOR('',#3312,1.);
#3312 = DIRECTION('',(0.,0.906307787037,-0.422618261741));
#3313 = PCURVE('',#180,#3314);
#3314 = DEFINITIONAL_REPRESENTATION('',(#3315),#3319);
#3315 = LINE('',#3316,#3317);
#3316 = CARTESIAN_POINT('',(0.5,-18.4));
#3317 = VECTOR('',#3318,1.);
#3318 = DIRECTION('',(-1.,0.));
#3319 = ( GEOMETRIC_REPRESENTATION_CONTEXT(2) 
PARAMETRIC_REPRESENTATION_CONTEXT() REPRESENTATION_CONTEXT('2D SPACE',''
  ) );
#3320 = PCURVE('',#152,#3321);
#3321 = DEFINITIONAL_REPRESENTATION('',(#3322),#3326);
#3322 = LINE('',#3323,#3324);
#3323 = CARTESIAN_POINT('',(-0.5,3.6));
#3324 = VECTOR('',#3325,1.);
#3325 = DIRECTION('',(-1.,0.));
#3326 = ( GEOMETRIC_REPRESENTATION_CONTEXT(2) 
PARAMETRIC_REPRESENTATION_CONTEXT() REPRESENTATION_CONTEXT('2D SPACE',''
  ) );
#3327 = ADVANCED_FACE('',(#3328),#152,.F.);
#3328 = FACE_BOUND('',#3329,.F.);
#3329 = EDGE_LOOP('',(#3330,#3349,#3350,#3351));
#3330 = ORIENTED_EDGE('',*,*,#3331,.F.);
#3331 = EDGE_CURVE('',#1252,#3287,#3332,.T.);
#3332 = SURFACE_CURVE('',#3333,(#3337,#3343),.PCURVE_S1.);
#3333 = LINE('',#3334,#3335);
#3334 = CARTESIAN_POINT('',(-22.35,21.982826453324,28.233573607843));
#3335 = VECTOR('',#3336,1.);
#3336 = DIRECTION('',(1.,0.,-0.));
#3337 = PCURVE('',#152,#3338);
#3338 = DEFINITIONAL_REPRESENTATION('',(#3339),#3342);
#3339 = B_SPLINE_CURVE_WITH_KNOTS('',1,(#3340,#3341),.UNSPECIFIED.,.F.,
  .F.,(2,2),(1.05,2.75),.PIECEWISE_BEZIER_KNOTS.);
#3340 = CARTESIAN_POINT('',(0.3,1.9));
#3341 = CARTESIAN_POINT('',(0.3,3.6));
#3342 = ( GEOMETRIC_REPRESENTATION_CONTEXT(2) 
PARAMETRIC_REPRESENTATION_CONTEXT() REPRESENTATION_CONTEXT('2D SPACE',''
  ) );
#3343 = PCURVE('',#1268,#3344);
#3344 = DEFINITIONAL_REPRESENTATION('',(#3345),#3348);
#3345 = B_SPLINE_CURVE_WITH_KNOTS('',1,(#3346,#3347),.UNSPECIFIED.,.F.,
  .F.,(2,2),(1.05,2.75),.PIECEWISE_BEZIER_KNOTS.);
#3346 = CARTESIAN_POINT('',(0.2,3.4));
#3347 = CARTESIAN_POINT('',(1.9,3.4));
#3348 = ( GEOMETRIC_REPRESENTATION_CONTEXT(2) 
PARAMETRIC_REPRESENTATION_CONTEXT() REPRESENTATION_CONTEXT('2D SPACE',''
  ) );
#3349 = ORIENTED_EDGE('',*,*,#1280,.T.);
#3350 = ORIENTED_EDGE('',*,*,#136,.T.);
#3351 = ORIENTED_EDGE('',*,*,#3307,.T.);
#3352 = ADVANCED_FACE('',(#3353),#834,.F.);
#3353 = FACE_BOUND('',#3354,.F.);
#3354 = EDGE_LOOP('',(#3355,#3356,#3379,#3407));
#3355 = ORIENTED_EDGE('',*,*,#816,.T.);
#3356 = ORIENTED_EDGE('',*,*,#3357,.T.);
#3357 = EDGE_CURVE('',#819,#3358,#3360,.T.);
#3358 = VERTEX_POINT('',#3359);
#3359 = CARTESIAN_POINT('',(-20.4,19.595890575251,30.449998006276));
#3360 = SURFACE_CURVE('',#3361,(#3365,#3372),.PCURVE_S1.);
#3361 = LINE('',#3362,#3363);
#3362 = CARTESIAN_POINT('',(-20.4,20.955352255806,29.816070613665));
#3363 = VECTOR('',#3364,1.);
#3364 = DIRECTION('',(0.,-0.906307787037,0.422618261741));
#3365 = PCURVE('',#834,#3366);
#3366 = DEFINITIONAL_REPRESENTATION('',(#3367),#3371);
#3367 = LINE('',#3368,#3369);
#3368 = CARTESIAN_POINT('',(0.,1.1));
#3369 = VECTOR('',#3370,1.);
#3370 = DIRECTION('',(1.,0.));
#3371 = ( GEOMETRIC_REPRESENTATION_CONTEXT(2) 
PARAMETRIC_REPRESENTATION_CONTEXT() REPRESENTATION_CONTEXT('2D SPACE',''
  ) );
#3372 = PCURVE('',#863,#3373);
#3373 = DEFINITIONAL_REPRESENTATION('',(#3374),#3378);
#3374 = LINE('',#3375,#3376);
#3375 = CARTESIAN_POINT('',(1.570796326795,0.));
#3376 = VECTOR('',#3377,1.);
#3377 = DIRECTION('',(0.,1.));
#3378 = ( GEOMETRIC_REPRESENTATION_CONTEXT(2) 
PARAMETRIC_REPRESENTATION_CONTEXT() REPRESENTATION_CONTEXT('2D SPACE',''
  ) );
#3379 = ORIENTED_EDGE('',*,*,#3380,.T.);
#3380 = EDGE_CURVE('',#3358,#3381,#3383,.T.);
#3381 = VERTEX_POINT('',#3382);
#3382 = CARTESIAN_POINT('',(20.4,19.595890575251,30.449998006276));
#3383 = SURFACE_CURVE('',#3384,(#3388,#3395),.PCURVE_S1.);
#3384 = LINE('',#3385,#3386);
#3385 = CARTESIAN_POINT('',(-21.5,19.595890575251,30.449998006276));
#3386 = VECTOR('',#3387,1.);
#3387 = DIRECTION('',(1.,0.,0.));
#3388 = PCURVE('',#834,#3389);
#3389 = DEFINITIONAL_REPRESENTATION('',(#3390),#3394);
#3390 = LINE('',#3391,#3392);
#3391 = CARTESIAN_POINT('',(1.5,0.));
#3392 = VECTOR('',#3393,1.);
#3393 = DIRECTION('',(0.,1.));
#3394 = ( GEOMETRIC_REPRESENTATION_CONTEXT(2) 
PARAMETRIC_REPRESENTATION_CONTEXT() REPRESENTATION_CONTEXT('2D SPACE',''
  ) );
#3395 = PCURVE('',#3396,#3401);
#3396 = PLANE('',#3397);
#3397 = AXIS2_PLACEMENT_3D('',#3398,#3399,#3400);
#3398 = CARTESIAN_POINT('',(-21.5,19.595890575251,30.449998006276));
#3399 = DIRECTION('',(0.,-0.906307787037,0.422618261741));
#3400 = DIRECTION('',(1.,0.,0.));
#3401 = DEFINITIONAL_REPRESENTATION('',(#3402),#3406);
#3402 = LINE('',#3403,#3404);
#3403 = CARTESIAN_POINT('',(0.,0.));
#3404 = VECTOR('',#3405,1.);
#3405 = DIRECTION('',(1.,0.));
#3406 = ( GEOMETRIC_REPRESENTATION_CONTEXT(2) 
PARAMETRIC_REPRESENTATION_CONTEXT() REPRESENTATION_CONTEXT('2D SPACE',''
  ) );
#3407 = ORIENTED_EDGE('',*,*,#3408,.F.);
#3408 = EDGE_CURVE('',#817,#3381,#3409,.T.);
#3409 = SURFACE_CURVE('',#3410,(#3414,#3421),.PCURVE_S1.);
#3410 = LINE('',#3411,#3412);
#3411 = CARTESIAN_POINT('',(20.4,20.955352255806,29.816070613665));
#3412 = VECTOR('',#3413,1.);
#3413 = DIRECTION('',(0.,-0.906307787037,0.422618261741));
#3414 = PCURVE('',#834,#3415);
#3415 = DEFINITIONAL_REPRESENTATION('',(#3416),#3420);
#3416 = LINE('',#3417,#3418);
#3417 = CARTESIAN_POINT('',(0.,41.9));
#3418 = VECTOR('',#3419,1.);
#3419 = DIRECTION('',(1.,0.));
#3420 = ( GEOMETRIC_REPRESENTATION_CONTEXT(2) 
PARAMETRIC_REPRESENTATION_CONTEXT() REPRESENTATION_CONTEXT('2D SPACE',''
  ) );
#3421 = PCURVE('',#1040,#3422);
#3422 = DEFINITIONAL_REPRESENTATION('',(#3423),#3427);
#3423 = LINE('',#3424,#3425);
#3424 = CARTESIAN_POINT('',(-1.570796326795,0.));
#3425 = VECTOR('',#3426,1.);
#3426 = DIRECTION('',(-0.,1.));
#3427 = ( GEOMETRIC_REPRESENTATION_CONTEXT(2) 
PARAMETRIC_REPRESENTATION_CONTEXT() REPRESENTATION_CONTEXT('2D SPACE',''
  ) );
#3428 = ADVANCED_FACE('',(#3429),#1040,.T.);
#3429 = FACE_BOUND('',#3430,.F.);
#3430 = EDGE_LOOP('',(#3431,#3432,#3433,#3461));
#3431 = ORIENTED_EDGE('',*,*,#1021,.T.);
#3432 = ORIENTED_EDGE('',*,*,#3408,.T.);
#3433 = ORIENTED_EDGE('',*,*,#3434,.F.);
#3434 = EDGE_CURVE('',#3435,#3381,#3437,.T.);
#3435 = VERTEX_POINT('',#3436);
#3436 = CARTESIAN_POINT('',(21.5,20.060770663166,31.446936572016));
#3437 = SURFACE_CURVE('',#3438,(#3443,#3450),.PCURVE_S1.);
#3438 = CIRCLE('',#3439,1.1);
#3439 = AXIS2_PLACEMENT_3D('',#3440,#3441,#3442);
#3440 = CARTESIAN_POINT('',(20.4,20.060770663166,31.446936572016));
#3441 = DIRECTION('',(0.,0.906307787037,-0.422618261741));
#3442 = DIRECTION('',(0.,-0.422618261741,-0.906307787037));
#3443 = PCURVE('',#1040,#3444);
#3444 = DEFINITIONAL_REPRESENTATION('',(#3445),#3449);
#3445 = LINE('',#3446,#3447);
#3446 = CARTESIAN_POINT('',(4.712388980385,1.5));
#3447 = VECTOR('',#3448,1.);
#3448 = DIRECTION('',(-1.,0.));
#3449 = ( GEOMETRIC_REPRESENTATION_CONTEXT(2) 
PARAMETRIC_REPRESENTATION_CONTEXT() REPRESENTATION_CONTEXT('2D SPACE',''
  ) );
#3450 = PCURVE('',#3396,#3451);
#3451 = DEFINITIONAL_REPRESENTATION('',(#3452),#3460);
#3452 = ( BOUNDED_CURVE() B_SPLINE_CURVE(2,(#3453,#3454,#3455,#3456,
#3457,#3458,#3459),.UNSPECIFIED.,.T.,.F.) B_SPLINE_CURVE_WITH_KNOTS((1,2
    ,2,2,2,1),(-2.094395102393,0.,2.094395102393,4.188790204786,
6.28318530718,8.377580409573),.UNSPECIFIED.) CURVE() 
GEOMETRIC_REPRESENTATION_ITEM() RATIONAL_B_SPLINE_CURVE((1.,0.5,1.,0.5,
1.,0.5,1.)) REPRESENTATION_ITEM('') );
#3453 = CARTESIAN_POINT('',(41.9,-2.22044604925E-16));
#3454 = CARTESIAN_POINT('',(39.994744111674,-2.22044604925E-16));
#3455 = CARTESIAN_POINT('',(40.947372055837,1.65));
#3456 = CARTESIAN_POINT('',(41.9,3.3));
#3457 = CARTESIAN_POINT('',(42.852627944163,1.65));
#3458 = CARTESIAN_POINT('',(43.805255888326,1.554312234475E-15));
#3459 = CARTESIAN_POINT('',(41.9,-2.22044604925E-16));
#3460 = ( GEOMETRIC_REPRESENTATION_CONTEXT(2) 
PARAMETRIC_REPRESENTATION_CONTEXT() REPRESENTATION_CONTEXT('2D SPACE',''
  ) );
#3461 = ORIENTED_EDGE('',*,*,#3462,.F.);
#3462 = EDGE_CURVE('',#994,#3435,#3463,.T.);
#3463 = SURFACE_CURVE('',#3464,(#3468,#3475),.PCURVE_S1.);
#3464 = LINE('',#3465,#3466);
#3465 = CARTESIAN_POINT('',(21.5,21.42023234372,30.813009179405));
#3466 = VECTOR('',#3467,1.);
#3467 = DIRECTION('',(0.,-0.906307787037,0.422618261741));
#3468 = PCURVE('',#1040,#3469);
#3469 = DEFINITIONAL_REPRESENTATION('',(#3470),#3474);
#3470 = LINE('',#3471,#3472);
#3471 = CARTESIAN_POINT('',(-0.,0.));
#3472 = VECTOR('',#3473,1.);
#3473 = DIRECTION('',(-0.,1.));
#3474 = ( GEOMETRIC_REPRESENTATION_CONTEXT(2) 
PARAMETRIC_REPRESENTATION_CONTEXT() REPRESENTATION_CONTEXT('2D SPACE',''
  ) );
#3475 = PCURVE('',#1009,#3476);
#3476 = DEFINITIONAL_REPRESENTATION('',(#3477),#3481);
#3477 = LINE('',#3478,#3479);
#3478 = CARTESIAN_POINT('',(1.498801083244E-15,-1.1));
#3479 = VECTOR('',#3480,1.);
#3480 = DIRECTION('',(1.,0.));
#3481 = ( GEOMETRIC_REPRESENTATION_CONTEXT(2) 
PARAMETRIC_REPRESENTATION_CONTEXT() REPRESENTATION_CONTEXT('2D SPACE',''
  ) );
#3482 = ADVANCED_FACE('',(#3483),#863,.T.);
#3483 = FACE_BOUND('',#3484,.T.);
#3484 = EDGE_LOOP('',(#3485,#3486,#3487,#3511));
#3485 = ORIENTED_EDGE('',*,*,#846,.T.);
#3486 = ORIENTED_EDGE('',*,*,#3357,.T.);
#3487 = ORIENTED_EDGE('',*,*,#3488,.F.);
#3488 = EDGE_CURVE('',#3489,#3358,#3491,.T.);
#3489 = VERTEX_POINT('',#3490);
#3490 = CARTESIAN_POINT('',(-21.5,20.060770663166,31.446936572016));
#3491 = SURFACE_CURVE('',#3492,(#3497,#3504),.PCURVE_S1.);
#3492 = CIRCLE('',#3493,1.1);
#3493 = AXIS2_PLACEMENT_3D('',#3494,#3495,#3496);
#3494 = CARTESIAN_POINT('',(-20.4,20.060770663166,31.446936572016));
#3495 = DIRECTION('',(0.,-0.906307787037,0.422618261741));
#3496 = DIRECTION('',(0.,-0.422618261741,-0.906307787037));
#3497 = PCURVE('',#863,#3498);
#3498 = DEFINITIONAL_REPRESENTATION('',(#3499),#3503);
#3499 = LINE('',#3500,#3501);
#3500 = CARTESIAN_POINT('',(-4.712388980385,1.5));
#3501 = VECTOR('',#3502,1.);
#3502 = DIRECTION('',(1.,0.));
#3503 = ( GEOMETRIC_REPRESENTATION_CONTEXT(2) 
PARAMETRIC_REPRESENTATION_CONTEXT() REPRESENTATION_CONTEXT('2D SPACE',''
  ) );
#3504 = PCURVE('',#3396,#3505);
#3505 = DEFINITIONAL_REPRESENTATION('',(#3506),#3510);
#3506 = CIRCLE('',#3507,1.1);
#3507 = AXIS2_PLACEMENT_2D('',#3508,#3509);
#3508 = CARTESIAN_POINT('',(1.1,1.1));
#3509 = DIRECTION('',(0.,-1.));
#3510 = ( GEOMETRIC_REPRESENTATION_CONTEXT(2) 
PARAMETRIC_REPRESENTATION_CONTEXT() REPRESENTATION_CONTEXT('2D SPACE',''
  ) );
#3511 = ORIENTED_EDGE('',*,*,#3512,.F.);
#3512 = EDGE_CURVE('',#847,#3489,#3513,.T.);
#3513 = SURFACE_CURVE('',#3514,(#3518,#3525),.PCURVE_S1.);
#3514 = LINE('',#3515,#3516);
#3515 = CARTESIAN_POINT('',(-21.5,21.42023234372,30.813009179405));
#3516 = VECTOR('',#3517,1.);
#3517 = DIRECTION('',(0.,-0.906307787037,0.422618261741));
#3518 = PCURVE('',#863,#3519);
#3519 = DEFINITIONAL_REPRESENTATION('',(#3520),#3524);
#3520 = LINE('',#3521,#3522);
#3521 = CARTESIAN_POINT('',(0.,0.));
#3522 = VECTOR('',#3523,1.);
#3523 = DIRECTION('',(0.,1.));
#3524 = ( GEOMETRIC_REPRESENTATION_CONTEXT(2) 
PARAMETRIC_REPRESENTATION_CONTEXT() REPRESENTATION_CONTEXT('2D SPACE',''
  ) );
#3525 = PCURVE('',#891,#3526);
#3526 = DEFINITIONAL_REPRESENTATION('',(#3527),#3531);
#3527 = LINE('',#3528,#3529);
#3528 = CARTESIAN_POINT('',(1.498801083244E-15,-1.1));
#3529 = VECTOR('',#3530,1.);
#3530 = DIRECTION('',(1.,0.));
#3531 = ( GEOMETRIC_REPRESENTATION_CONTEXT(2) 
PARAMETRIC_REPRESENTATION_CONTEXT() REPRESENTATION_CONTEXT('2D SPACE',''
  ) );
#3532 = ADVANCED_FACE('',(#3533),#1009,.T.);
#3533 = FACE_BOUND('',#3534,.T.);
#3534 = EDGE_LOOP('',(#3535,#3558,#3559,#3560));
#3535 = ORIENTED_EDGE('',*,*,#3536,.F.);
#3536 = EDGE_CURVE('',#3435,#3537,#3539,.T.);
#3537 = VERTEX_POINT('',#3538);
#3538 = CARTESIAN_POINT('',(21.5,31.471463730164,55.917246822005));
#3539 = SURFACE_CURVE('',#3540,(#3544,#3551),.PCURVE_S1.);
#3540 = LINE('',#3541,#3542);
#3541 = CARTESIAN_POINT('',(21.5,19.595890575251,30.449998006276));
#3542 = VECTOR('',#3543,1.);
#3543 = DIRECTION('',(0.,0.422618261741,0.906307787037));
#3544 = PCURVE('',#1009,#3545);
#3545 = DEFINITIONAL_REPRESENTATION('',(#3546),#3550);
#3546 = LINE('',#3547,#3548);
#3547 = CARTESIAN_POINT('',(1.5,2.22044604925E-16));
#3548 = VECTOR('',#3549,1.);
#3549 = DIRECTION('',(0.,-1.));
#3550 = ( GEOMETRIC_REPRESENTATION_CONTEXT(2) 
PARAMETRIC_REPRESENTATION_CONTEXT() REPRESENTATION_CONTEXT('2D SPACE',''
  ) );
#3551 = PCURVE('',#3396,#3552);
#3552 = DEFINITIONAL_REPRESENTATION('',(#3553),#3557);
#3553 = LINE('',#3554,#3555);
#3554 = CARTESIAN_POINT('',(43.,0.));
#3555 = VECTOR('',#3556,1.);
#3556 = DIRECTION('',(0.,1.));
#3557 = ( GEOMETRIC_REPRESENTATION_CONTEXT(2) 
PARAMETRIC_REPRESENTATION_CONTEXT() REPRESENTATION_CONTEXT('2D SPACE',''
  ) );
#3558 = ORIENTED_EDGE('',*,*,#3462,.F.);
#3559 = ORIENTED_EDGE('',*,*,#993,.T.);
#3560 = ORIENTED_EDGE('',*,*,#3561,.T.);
#3561 = EDGE_CURVE('',#965,#3537,#3562,.T.);
#3562 = SURFACE_CURVE('',#3563,(#3567,#3574),.PCURVE_S1.);
#3563 = LINE('',#3564,#3565);
#3564 = CARTESIAN_POINT('',(21.5,32.830925410719,55.283319429394));
#3565 = VECTOR('',#3566,1.);
#3566 = DIRECTION('',(0.,-0.906307787037,0.422618261741));
#3567 = PCURVE('',#1009,#3568);
#3568 = DEFINITIONAL_REPRESENTATION('',(#3569),#3573);
#3569 = LINE('',#3570,#3571);
#3570 = CARTESIAN_POINT('',(1.7763568394E-15,-28.1));
#3571 = VECTOR('',#3572,1.);
#3572 = DIRECTION('',(1.,0.));
#3573 = ( GEOMETRIC_REPRESENTATION_CONTEXT(2) 
PARAMETRIC_REPRESENTATION_CONTEXT() REPRESENTATION_CONTEXT('2D SPACE',''
  ) );
#3574 = PCURVE('',#981,#3575);
#3575 = DEFINITIONAL_REPRESENTATION('',(#3576),#3580);
#3576 = LINE('',#3577,#3578);
#3577 = CARTESIAN_POINT('',(0.,0.));
#3578 = VECTOR('',#3579,1.);
#3579 = DIRECTION('',(0.,1.));
#3580 = ( GEOMETRIC_REPRESENTATION_CONTEXT(2) 
PARAMETRIC_REPRESENTATION_CONTEXT() REPRESENTATION_CONTEXT('2D SPACE',''
  ) );
#3581 = ADVANCED_FACE('',(#3582),#891,.F.);
#3582 = FACE_BOUND('',#3583,.F.);
#3583 = EDGE_LOOP('',(#3584,#3607,#3608,#3609));
#3584 = ORIENTED_EDGE('',*,*,#3585,.F.);
#3585 = EDGE_CURVE('',#3489,#3586,#3588,.T.);
#3586 = VERTEX_POINT('',#3587);
#3587 = CARTESIAN_POINT('',(-21.5,31.471463730164,55.917246822005));
#3588 = SURFACE_CURVE('',#3589,(#3593,#3600),.PCURVE_S1.);
#3589 = LINE('',#3590,#3591);
#3590 = CARTESIAN_POINT('',(-21.5,19.595890575251,30.449998006276));
#3591 = VECTOR('',#3592,1.);
#3592 = DIRECTION('',(0.,0.422618261741,0.906307787037));
#3593 = PCURVE('',#891,#3594);
#3594 = DEFINITIONAL_REPRESENTATION('',(#3595),#3599);
#3595 = LINE('',#3596,#3597);
#3596 = CARTESIAN_POINT('',(1.5,2.22044604925E-16));
#3597 = VECTOR('',#3598,1.);
#3598 = DIRECTION('',(0.,-1.));
#3599 = ( GEOMETRIC_REPRESENTATION_CONTEXT(2) 
PARAMETRIC_REPRESENTATION_CONTEXT() REPRESENTATION_CONTEXT('2D SPACE',''
  ) );
#3600 = PCURVE('',#3396,#3601);
#3601 = DEFINITIONAL_REPRESENTATION('',(#3602),#3606);
#3602 = LINE('',#3603,#3604);
#3603 = CARTESIAN_POINT('',(0.,0.));
#3604 = VECTOR('',#3605,1.);
#3605 = DIRECTION('',(0.,1.));
#3606 = ( GEOMETRIC_REPRESENTATION_CONTEXT(2) 
PARAMETRIC_REPRESENTATION_CONTEXT() REPRESENTATION_CONTEXT('2D SPACE',''
  ) );
#3607 = ORIENTED_EDGE('',*,*,#3512,.F.);
#3608 = ORIENTED_EDGE('',*,*,#875,.T.);
#3609 = ORIENTED_EDGE('',*,*,#3610,.T.);
#3610 = EDGE_CURVE('',#876,#3586,#3611,.T.);
#3611 = SURFACE_CURVE('',#3612,(#3616,#3623),.PCURVE_S1.);
#3612 = LINE('',#3613,#3614);
#3613 = CARTESIAN_POINT('',(-21.5,32.830925410719,55.283319429394));
#3614 = VECTOR('',#3615,1.);
#3615 = DIRECTION('',(0.,-0.906307787037,0.422618261741));
#3616 = PCURVE('',#891,#3617);
#3617 = DEFINITIONAL_REPRESENTATION('',(#3618),#3622);
#3618 = LINE('',#3619,#3620);
#3619 = CARTESIAN_POINT('',(1.7763568394E-15,-28.1));
#3620 = VECTOR('',#3621,1.);
#3621 = DIRECTION('',(1.,0.));
#3622 = ( GEOMETRIC_REPRESENTATION_CONTEXT(2) 
PARAMETRIC_REPRESENTATION_CONTEXT() REPRESENTATION_CONTEXT('2D SPACE',''
  ) );
#3623 = PCURVE('',#924,#3624);
#3624 = DEFINITIONAL_REPRESENTATION('',(#3625),#3629);
#3625 = LINE('',#3626,#3627);
#3626 = CARTESIAN_POINT('',(-0.,0.));
#3627 = VECTOR('',#3628,1.);
#3628 = DIRECTION('',(-0.,1.));
#3629 = ( GEOMETRIC_REPRESENTATION_CONTEXT(2) 
PARAMETRIC_REPRESENTATION_CONTEXT() REPRESENTATION_CONTEXT('2D SPACE',''
  ) );
#3630 = ADVANCED_FACE('',(#3631),#981,.T.);
#3631 = FACE_BOUND('',#3632,.T.);
#3632 = EDGE_LOOP('',(#3633,#3634,#3657,#3679));
#3633 = ORIENTED_EDGE('',*,*,#964,.T.);
#3634 = ORIENTED_EDGE('',*,*,#3635,.T.);
#3635 = EDGE_CURVE('',#937,#3636,#3638,.T.);
#3636 = VERTEX_POINT('',#3637);
#3637 = CARTESIAN_POINT('',(20.4,31.936343818079,56.914185387746));
#3638 = SURFACE_CURVE('',#3639,(#3643,#3650),.PCURVE_S1.);
#3639 = LINE('',#3640,#3641);
#3640 = CARTESIAN_POINT('',(20.4,33.295805498634,56.280257995135));
#3641 = VECTOR('',#3642,1.);
#3642 = DIRECTION('',(0.,-0.906307787037,0.422618261741));
#3643 = PCURVE('',#981,#3644);
#3644 = DEFINITIONAL_REPRESENTATION('',(#3645),#3649);
#3645 = LINE('',#3646,#3647);
#3646 = CARTESIAN_POINT('',(1.570796326795,0.));
#3647 = VECTOR('',#3648,1.);
#3648 = DIRECTION('',(0.,1.));
#3649 = ( GEOMETRIC_REPRESENTATION_CONTEXT(2) 
PARAMETRIC_REPRESENTATION_CONTEXT() REPRESENTATION_CONTEXT('2D SPACE',''
  ) );
#3650 = PCURVE('',#952,#3651);
#3651 = DEFINITIONAL_REPRESENTATION('',(#3652),#3656);
#3652 = LINE('',#3653,#3654);
#3653 = CARTESIAN_POINT('',(0.,41.9));
#3654 = VECTOR('',#3655,1.);
#3655 = DIRECTION('',(1.,0.));
#3656 = ( GEOMETRIC_REPRESENTATION_CONTEXT(2) 
PARAMETRIC_REPRESENTATION_CONTEXT() REPRESENTATION_CONTEXT('2D SPACE',''
  ) );
#3657 = ORIENTED_EDGE('',*,*,#3658,.F.);
#3658 = EDGE_CURVE('',#3537,#3636,#3659,.T.);
#3659 = SURFACE_CURVE('',#3660,(#3665,#3672),.PCURVE_S1.);
#3660 = CIRCLE('',#3661,1.1);
#3661 = AXIS2_PLACEMENT_3D('',#3662,#3663,#3664);
#3662 = CARTESIAN_POINT('',(20.4,31.471463730164,55.917246822005));
#3663 = DIRECTION('',(0.,-0.906307787037,0.422618261741));
#3664 = DIRECTION('',(0.,-0.422618261741,-0.906307787037));
#3665 = PCURVE('',#981,#3666);
#3666 = DEFINITIONAL_REPRESENTATION('',(#3667),#3671);
#3667 = LINE('',#3668,#3669);
#3668 = CARTESIAN_POINT('',(-1.570796326795,1.5));
#3669 = VECTOR('',#3670,1.);
#3670 = DIRECTION('',(1.,0.));
#3671 = ( GEOMETRIC_REPRESENTATION_CONTEXT(2) 
PARAMETRIC_REPRESENTATION_CONTEXT() REPRESENTATION_CONTEXT('2D SPACE',''
  ) );
#3672 = PCURVE('',#3396,#3673);
#3673 = DEFINITIONAL_REPRESENTATION('',(#3674),#3678);
#3674 = CIRCLE('',#3675,1.1);
#3675 = AXIS2_PLACEMENT_2D('',#3676,#3677);
#3676 = CARTESIAN_POINT('',(41.9,28.1));
#3677 = DIRECTION('',(0.,-1.));
#3678 = ( GEOMETRIC_REPRESENTATION_CONTEXT(2) 
PARAMETRIC_REPRESENTATION_CONTEXT() REPRESENTATION_CONTEXT('2D SPACE',''
  ) );
#3679 = ORIENTED_EDGE('',*,*,#3561,.F.);
#3680 = ADVANCED_FACE('',(#3681),#924,.T.);
#3681 = FACE_BOUND('',#3682,.F.);
#3682 = EDGE_LOOP('',(#3683,#3684,#3707,#3733));
#3683 = ORIENTED_EDGE('',*,*,#903,.T.);
#3684 = ORIENTED_EDGE('',*,*,#3685,.T.);
#3685 = EDGE_CURVE('',#904,#3686,#3688,.T.);
#3686 = VERTEX_POINT('',#3687);
#3687 = CARTESIAN_POINT('',(-20.4,31.936343818079,56.914185387746));
#3688 = SURFACE_CURVE('',#3689,(#3693,#3700),.PCURVE_S1.);
#3689 = LINE('',#3690,#3691);
#3690 = CARTESIAN_POINT('',(-20.4,33.295805498634,56.280257995135));
#3691 = VECTOR('',#3692,1.);
#3692 = DIRECTION('',(0.,-0.906307787037,0.422618261741));
#3693 = PCURVE('',#924,#3694);
#3694 = DEFINITIONAL_REPRESENTATION('',(#3695),#3699);
#3695 = LINE('',#3696,#3697);
#3696 = CARTESIAN_POINT('',(-1.570796326795,0.));
#3697 = VECTOR('',#3698,1.);
#3698 = DIRECTION('',(-0.,1.));
#3699 = ( GEOMETRIC_REPRESENTATION_CONTEXT(2) 
PARAMETRIC_REPRESENTATION_CONTEXT() REPRESENTATION_CONTEXT('2D SPACE',''
  ) );
#3700 = PCURVE('',#952,#3701);
#3701 = DEFINITIONAL_REPRESENTATION('',(#3702),#3706);
#3702 = LINE('',#3703,#3704);
#3703 = CARTESIAN_POINT('',(0.,1.1));
#3704 = VECTOR('',#3705,1.);
#3705 = DIRECTION('',(1.,0.));
#3706 = ( GEOMETRIC_REPRESENTATION_CONTEXT(2) 
PARAMETRIC_REPRESENTATION_CONTEXT() REPRESENTATION_CONTEXT('2D SPACE',''
  ) );
#3707 = ORIENTED_EDGE('',*,*,#3708,.F.);
#3708 = EDGE_CURVE('',#3586,#3686,#3709,.T.);
#3709 = SURFACE_CURVE('',#3710,(#3715,#3722),.PCURVE_S1.);
#3710 = CIRCLE('',#3711,1.1);
#3711 = AXIS2_PLACEMENT_3D('',#3712,#3713,#3714);
#3712 = CARTESIAN_POINT('',(-20.4,31.471463730164,55.917246822005));
#3713 = DIRECTION('',(0.,0.906307787037,-0.422618261741));
#3714 = DIRECTION('',(0.,-0.422618261741,-0.906307787037));
#3715 = PCURVE('',#924,#3716);
#3716 = DEFINITIONAL_REPRESENTATION('',(#3717),#3721);
#3717 = LINE('',#3718,#3719);
#3718 = CARTESIAN_POINT('',(1.570796326795,1.5));
#3719 = VECTOR('',#3720,1.);
#3720 = DIRECTION('',(-1.,0.));
#3721 = ( GEOMETRIC_REPRESENTATION_CONTEXT(2) 
PARAMETRIC_REPRESENTATION_CONTEXT() REPRESENTATION_CONTEXT('2D SPACE',''
  ) );
#3722 = PCURVE('',#3396,#3723);
#3723 = DEFINITIONAL_REPRESENTATION('',(#3724),#3732);
#3724 = ( BOUNDED_CURVE() B_SPLINE_CURVE(2,(#3725,#3726,#3727,#3728,
#3729,#3730,#3731),.UNSPECIFIED.,.T.,.F.) B_SPLINE_CURVE_WITH_KNOTS((1,2
    ,2,2,2,1),(-2.094395102393,0.,2.094395102393,4.188790204786,
6.28318530718,8.377580409573),.UNSPECIFIED.) CURVE() 
GEOMETRIC_REPRESENTATION_ITEM() RATIONAL_B_SPLINE_CURVE((1.,0.5,1.,0.5,
1.,0.5,1.)) REPRESENTATION_ITEM('') );
#3725 = CARTESIAN_POINT('',(1.1,27.));
#3726 = CARTESIAN_POINT('',(-0.805255888326,27.));
#3727 = CARTESIAN_POINT('',(0.147372055837,28.65));
#3728 = CARTESIAN_POINT('',(1.1,30.3));
#3729 = CARTESIAN_POINT('',(2.052627944163,28.65));
#3730 = CARTESIAN_POINT('',(3.005255888326,27.));
#3731 = CARTESIAN_POINT('',(1.1,27.));
#3732 = ( GEOMETRIC_REPRESENTATION_CONTEXT(2) 
PARAMETRIC_REPRESENTATION_CONTEXT() REPRESENTATION_CONTEXT('2D SPACE',''
  ) );
#3733 = ORIENTED_EDGE('',*,*,#3610,.F.);
#3734 = ADVANCED_FACE('',(#3735),#952,.T.);
#3735 = FACE_BOUND('',#3736,.T.);
#3736 = EDGE_LOOP('',(#3737,#3738,#3739,#3760));
#3737 = ORIENTED_EDGE('',*,*,#936,.F.);
#3738 = ORIENTED_EDGE('',*,*,#3685,.T.);
#3739 = ORIENTED_EDGE('',*,*,#3740,.T.);
#3740 = EDGE_CURVE('',#3686,#3636,#3741,.T.);
#3741 = SURFACE_CURVE('',#3742,(#3746,#3753),.PCURVE_S1.);
#3742 = LINE('',#3743,#3744);
#3743 = CARTESIAN_POINT('',(-21.5,31.936343818079,56.914185387746));
#3744 = VECTOR('',#3745,1.);
#3745 = DIRECTION('',(1.,0.,0.));
#3746 = PCURVE('',#952,#3747);
#3747 = DEFINITIONAL_REPRESENTATION('',(#3748),#3752);
#3748 = LINE('',#3749,#3750);
#3749 = CARTESIAN_POINT('',(1.5,0.));
#3750 = VECTOR('',#3751,1.);
#3751 = DIRECTION('',(0.,1.));
#3752 = ( GEOMETRIC_REPRESENTATION_CONTEXT(2) 
PARAMETRIC_REPRESENTATION_CONTEXT() REPRESENTATION_CONTEXT('2D SPACE',''
  ) );
#3753 = PCURVE('',#3396,#3754);
#3754 = DEFINITIONAL_REPRESENTATION('',(#3755),#3759);
#3755 = LINE('',#3756,#3757);
#3756 = CARTESIAN_POINT('',(0.,29.2));
#3757 = VECTOR('',#3758,1.);
#3758 = DIRECTION('',(1.,0.));
#3759 = ( GEOMETRIC_REPRESENTATION_CONTEXT(2) 
PARAMETRIC_REPRESENTATION_CONTEXT() REPRESENTATION_CONTEXT('2D SPACE',''
  ) );
#3760 = ORIENTED_EDGE('',*,*,#3635,.F.);
#3761 = ADVANCED_FACE('',(#3762,#4059),#1100,.F.);
#3762 = FACE_BOUND('',#3763,.F.);
#3763 = EDGE_LOOP('',(#3764,#3765,#3766,#3767,#3768,#3789,#4034,#4053,
    #4054,#4055,#4056,#4057,#4058));
#3764 = ORIENTED_EDGE('',*,*,#1307,.F.);
#3765 = ORIENTED_EDGE('',*,*,#1078,.F.);
#3766 = ORIENTED_EDGE('',*,*,#1112,.F.);
#3767 = ORIENTED_EDGE('',*,*,#1201,.T.);
#3768 = ORIENTED_EDGE('',*,*,#3769,.T.);
#3769 = EDGE_CURVE('',#1202,#3770,#3772,.T.);
#3770 = VERTEX_POINT('',#3771);
#3771 = CARTESIAN_POINT('',(-21.5,24.051591791828,31.960194718229));
#3772 = SURFACE_CURVE('',#3773,(#3777,#3783),.PCURVE_S1.);
#3773 = LINE('',#3774,#3775);
#3774 = CARTESIAN_POINT('',(-21.5,21.536267744475,26.566064891358));
#3775 = VECTOR('',#3776,1.);
#3776 = DIRECTION('',(-0.,0.422618261741,0.906307787037));
#3777 = PCURVE('',#1100,#3778);
#3778 = DEFINITIONAL_REPRESENTATION('',(#3779),#3782);
#3779 = B_SPLINE_CURVE_WITH_KNOTS('',1,(#3780,#3781),.UNSPECIFIED.,.F.,
  .F.,(2,2),(1.7,6.319942319946),.PIECEWISE_BEZIER_KNOTS.);
#3780 = CARTESIAN_POINT('',(1.7,0.));
#3781 = CARTESIAN_POINT('',(1.7,4.619942319946));
#3782 = ( GEOMETRIC_REPRESENTATION_CONTEXT(2) 
PARAMETRIC_REPRESENTATION_CONTEXT() REPRESENTATION_CONTEXT('2D SPACE',''
  ) );
#3783 = PCURVE('',#1240,#3784);
#3784 = DEFINITIONAL_REPRESENTATION('',(#3785),#3788);
#3785 = B_SPLINE_CURVE_WITH_KNOTS('',1,(#3786,#3787),.UNSPECIFIED.,.F.,
  .F.,(2,2),(1.7,6.319942319946),.PIECEWISE_BEZIER_KNOTS.);
#3786 = CARTESIAN_POINT('',(3.7,-3.4));
#3787 = CARTESIAN_POINT('',(3.7,-8.019942319946));
#3788 = ( GEOMETRIC_REPRESENTATION_CONTEXT(2) 
PARAMETRIC_REPRESENTATION_CONTEXT() REPRESENTATION_CONTEXT('2D SPACE',''
  ) );
#3789 = ORIENTED_EDGE('',*,*,#3790,.T.);
#3790 = EDGE_CURVE('',#3770,#3791,#3793,.T.);
#3791 = VERTEX_POINT('',#3792);
#3792 = CARTESIAN_POINT('',(21.5,24.051591791827,31.960194718228));
#3793 = SURFACE_CURVE('',#3794,(#3860,#3929),.PCURVE_S1.);
#3794 = B_SPLINE_CURVE_WITH_KNOTS('',8,(#3795,#3796,#3797,#3798,#3799,
    #3800,#3801,#3802,#3803,#3804,#3805,#3806,#3807,#3808,#3809,#3810,
    #3811,#3812,#3813,#3814,#3815,#3816,#3817,#3818,#3819,#3820,#3821,
    #3822,#3823,#3824,#3825,#3826,#3827,#3828,#3829,#3830,#3831,#3832,
    #3833,#3834,#3835,#3836,#3837,#3838,#3839,#3840,#3841,#3842,#3843,
    #3844,#3845,#3846,#3847,#3848,#3849,#3850,#3851,#3852,#3853,#3854,
    #3855,#3856,#3857,#3858,#3859),.UNSPECIFIED.,.F.,.F.,(9,7,7,7,7,7,7,
    7,7,9),(0.,8.386181168392E-02,0.131155574035,0.156403197997,
    0.16959845169,0.176632418941,0.183795371488,0.49339427509,
    0.816301031074,1.),.UNSPECIFIED.);
#3795 = CARTESIAN_POINT('',(-21.7363161409,24.024161812979,
    31.901370938758));
#3796 = CARTESIAN_POINT('',(-21.29191792668,24.076090963322,
    32.012733361046));
#3797 = CARTESIAN_POINT('',(-20.84661857325,24.126632729906,
    32.12112052926));
#3798 = CARTESIAN_POINT('',(-20.40045718007,24.175799981956,
    32.226560041543));
#3799 = CARTESIAN_POINT('',(-19.95347147728,24.22360503418,
    32.329078306872));
#3800 = CARTESIAN_POINT('',(-19.50569782567,24.270059646769,
    32.428700545059));
#3801 = CARTESIAN_POINT('',(-19.05717121672,24.315175025397,
    32.525450786749));
#3802 = CARTESIAN_POINT('',(-18.60792527254,24.358961821222,
    32.619351873422));
#3803 = CARTESIAN_POINT('',(-17.90425308618,24.42538008026,
    32.761786289577));
#3804 = CARTESIAN_POINT('',(-17.65029547645,24.448910706007,
    32.812247879335));
#3805 = CARTESIAN_POINT('',(-17.39612523841,24.472023823935,
    32.861814120687));
#3806 = CARTESIAN_POINT('',(-17.14174809108,24.494721199822,
    32.910488800355));
#3807 = CARTESIAN_POINT('',(-16.88716965083,24.517004549411,
    32.958275597759));
#3808 = CARTESIAN_POINT('',(-16.63239543141,24.538875538408,
    33.005178085023));
#3809 = CARTESIAN_POINT('',(-16.37743084392,24.560335782488,
    33.051199726968));
#3810 = CARTESIAN_POINT('',(-15.98607037274,24.59262489099,
    33.120443943607));
#3811 = CARTESIAN_POINT('',(-15.84980681075,24.603746321952,
    33.144293929272));
#3812 = CARTESIAN_POINT('',(-15.71349131989,24.61475137859,
    33.167894349392));
#3813 = CARTESIAN_POINT('',(-15.57712470217,24.625640295491,
    33.191245707043));
#3814 = CARTESIAN_POINT('',(-15.44070775256,24.636413303419,
    33.214348497099));
#3815 = CARTESIAN_POINT('',(-15.30424125905,24.647070629312,
    33.237203206232));
#3816 = CARTESIAN_POINT('',(-15.16772600257,24.657612496286,
    33.259810312912));
#3817 = CARTESIAN_POINT('',(-14.95979023217,24.673488428212,
    33.293856358796));
#3818 = CARTESIAN_POINT('',(-14.88840459938,24.678906255588,
    33.305474927098));
#3819 = CARTESIAN_POINT('',(-14.81700596922,24.68429263707,
    33.317026059463));
#3820 = CARTESIAN_POINT('',(-14.74559445173,24.689647603694,
    33.328509822447));
#3821 = CARTESIAN_POINT('',(-14.67417015651,24.694971186219,
    33.339926282015));
#3822 = CARTESIAN_POINT('',(-14.60273319264,24.700263415129,
    33.351275503538));
#3823 = CARTESIAN_POINT('',(-14.53128366876,24.70552432063,
    33.362557551792));
#3824 = CARTESIAN_POINT('',(-14.42172760184,24.713541671375,
    33.379750815949));
#3825 = CARTESIAN_POINT('',(-14.38362994742,24.716320519489,
    33.385710074961));
#3826 = CARTESIAN_POINT('',(-14.34552893181,24.719090468174,
    33.391650249085));
#3827 = CARTESIAN_POINT('',(-14.30742393918,24.721851567436,
    33.397571445561));
#3828 = CARTESIAN_POINT('',(-14.2693162356,24.724603731738,
    33.403473480952));
#3829 = CARTESIAN_POINT('',(-14.23120438682,24.727347070205,
    33.40935658928));
#3830 = CARTESIAN_POINT('',(-14.19308918774,24.730081530889,
    33.41522065914));
#3831 = CARTESIAN_POINT('',(-14.11615267702,24.735582718138,
    33.427017993267));
#3832 = CARTESIAN_POINT('',(-14.07733126201,24.738349114832,
    33.432950550124));
#3833 = CARTESIAN_POINT('',(-14.03850620485,24.741106328884,
    33.438863414738));
#3834 = CARTESIAN_POINT('',(-13.99967752188,24.743854364915,
    33.444756597024));
#3835 = CARTESIAN_POINT('',(-13.96084522941,24.746593227524,
    33.450630106844));
#3836 = CARTESIAN_POINT('',(-13.92200934369,24.749322921286,
    33.456483954008));
#3837 = CARTESIAN_POINT('',(-13.88316988094,24.752043450753,
    33.462318148276));
#3838 = CARTESIAN_POINT('',(-12.16544410023,24.871946310974,
    33.71945066181));
#3839 = CARTESIAN_POINT('',(-10.47995505114,24.972022668877,
    33.934065103912));
#3840 = CARTESIAN_POINT('',(-8.789094162488,25.055356031366,
    34.11277407648));
#3841 = CARTESIAN_POINT('',(-7.094022705934,25.12222644869,
    34.256178149209));
#3842 = CARTESIAN_POINT('',(-5.395832184824,25.172839885453,
    34.364719014617));
#3843 = CARTESIAN_POINT('',(-3.695547754427,25.207335917275,
    34.43869599359));
#3844 = CARTESIAN_POINT('',(-1.99413156617,25.225788165702,
    34.47826696804));
#3845 = CARTESIAN_POINT('',(1.482303489368,25.230716555592,
    34.488835934265));
#3846 = CARTESIAN_POINT('',(3.257226148917,25.215783974912,
    34.456812911658));
#3847 = CARTESIAN_POINT('',(5.031260105499,25.183410987083,
    34.387388815219));
#3848 = CARTESIAN_POINT('',(6.803309265902,25.133522993342,
    34.280403667393));
#3849 = CARTESIAN_POINT('',(8.572199949967,25.065968408467,
    34.135532392615));
#3850 = CARTESIAN_POINT('',(10.336679522958,24.980518868768,
    33.952285263376));
#3851 = CARTESIAN_POINT('',(12.095415031025,24.876859999386,
    33.729988100615));
#3852 = CARTESIAN_POINT('',(14.843446116975,24.684998540587,
    33.31853987444));
#3853 = CARTESIAN_POINT('',(15.837560784252,24.609399748527,
    33.156417741686));
#3854 = CARTESIAN_POINT('',(16.829067136472,24.527695632115,
    32.981202698606));
#3855 = CARTESIAN_POINT('',(17.817672675116,24.439799196589,
    32.792708184333));
#3856 = CARTESIAN_POINT('',(18.803058954397,24.345613053735,
    32.590725349166));
#3857 = CARTESIAN_POINT('',(19.784881109987,24.2450284593,
    32.375020990303));
#3858 = CARTESIAN_POINT('',(20.762767026096,24.13792369755,
    32.145334087512));
#3859 = CARTESIAN_POINT('',(21.736316140908,24.024161812979,
    31.901370938758));
#3860 = PCURVE('',#1100,#3861);
#3861 = DEFINITIONAL_REPRESENTATION('',(#3862),#3928);
#3862 = B_SPLINE_CURVE_WITH_KNOTS('',8,(#3863,#3864,#3865,#3866,#3867,
    #3868,#3869,#3870,#3871,#3872,#3873,#3874,#3875,#3876,#3877,#3878,
    #3879,#3880,#3881,#3882,#3883,#3884,#3885,#3886,#3887,#3888,#3889,
    #3890,#3891,#3892,#3893,#3894,#3895,#3896,#3897,#3898,#3899,#3900,
    #3901,#3902,#3903,#3904,#3905,#3906,#3907,#3908,#3909,#3910,#3911,
    #3912,#3913,#3914,#3915,#3916,#3917,#3918,#3919,#3920,#3921,#3922,
    #3923,#3924,#3925,#3926,#3927),.UNSPECIFIED.,.F.,.F.,(9,7,7,7,7,7,7,
    7,7,9),(0.,8.386181168392E-02,0.131155574035,0.156403197997,
    0.16959845169,0.176632418941,0.183795371488,0.49339427509,
    0.816301031074,1.),.UNSPECIFIED.);
#3863 = CARTESIAN_POINT('',(1.463683859092,4.186858883608));
#3864 = CARTESIAN_POINT('',(1.908082073313,4.309733721363));
#3865 = CARTESIAN_POINT('',(2.353381426745,4.429325729469));
#3866 = CARTESIAN_POINT('',(2.799542819923,4.545665359108));
#3867 = CARTESIAN_POINT('',(3.246528522715,4.658781749363));
#3868 = CARTESIAN_POINT('',(3.694302174323,4.768702727216));
#3869 = CARTESIAN_POINT('',(4.14282878328,4.875454807551));
#3870 = CARTESIAN_POINT('',(4.592074727456,4.979063193152));
#3871 = CARTESIAN_POINT('',(5.295746913819,5.136222182838));
#3872 = CARTESIAN_POINT('',(5.54970452355,5.191900386733));
#3873 = CARTESIAN_POINT('',(5.803874761588,5.246590682967));
#3874 = CARTESIAN_POINT('',(6.058251908919,5.300297249724));
#3875 = CARTESIAN_POINT('',(6.312830349164,5.353024146798));
#3876 = CARTESIAN_POINT('',(6.567604568585,5.40477531559));
#3877 = CARTESIAN_POINT('',(6.822569156076,5.455554579106));
#3878 = CARTESIAN_POINT('',(7.213929627256,5.531957118761));
#3879 = CARTESIAN_POINT('',(7.350193189242,5.558272666312));
#3880 = CARTESIAN_POINT('',(7.486508680102,5.584312848751));
#3881 = CARTESIAN_POINT('',(7.622875297828,5.61007822116));
#3882 = CARTESIAN_POINT('',(7.759292247434,5.635569329575));
#3883 = CARTESIAN_POINT('',(7.895758740949,5.660786710977));
#3884 = CARTESIAN_POINT('',(8.032273997425,5.685730893299));
#3885 = CARTESIAN_POINT('',(8.240209767821,5.723296548555));
#3886 = CARTESIAN_POINT('',(8.311595400615,5.736116220269));
#3887 = CARTESIAN_POINT('',(8.38299403078,5.74886148466));
#3888 = CARTESIAN_POINT('',(8.454405548263,5.761532415163));
#3889 = CARTESIAN_POINT('',(8.525829843487,5.774129084564));
#3890 = CARTESIAN_POINT('',(8.597266807352,5.786651564989));
#3891 = CARTESIAN_POINT('',(8.668716331233,5.799099927914));
#3892 = CARTESIAN_POINT('',(8.778272398152,5.818070595939));
#3893 = CARTESIAN_POINT('',(8.816370052578,5.824645910747));
#3894 = CARTESIAN_POINT('',(8.854471068182,5.83120016771));
#3895 = CARTESIAN_POINT('',(8.892576060815,5.837733485155));
#3896 = CARTESIAN_POINT('',(8.930683764395,5.844245660682));
#3897 = CARTESIAN_POINT('',(8.968795613179,5.850736952506));
#3898 = CARTESIAN_POINT('',(9.006910812251,5.857207237705));
#3899 = CARTESIAN_POINT('',(9.083847322975,5.870224155684));
#3900 = CARTESIAN_POINT('',(9.122668737987,5.876770007922));
#3901 = CARTESIAN_POINT('',(9.161493795148,5.883294132175));
#3902 = CARTESIAN_POINT('',(9.200322478115,5.889796539382));
#3903 = CARTESIAN_POINT('',(9.239154770588,5.896277240424));
#3904 = CARTESIAN_POINT('',(9.277990656306,5.902736246126));
#3905 = CARTESIAN_POINT('',(9.316830119054,5.909173567256));
#3906 = CARTESIAN_POINT('',(11.03455589977,6.192887904937));
#3907 = CARTESIAN_POINT('',(12.720044948853,6.429688741443));
#3908 = CARTESIAN_POINT('',(14.410905837512,6.626872275695));
#3909 = CARTESIAN_POINT('',(16.105977294066,6.785101163033));
#3910 = CARTESIAN_POINT('',(17.804167815176,6.904862757229));
#3911 = CARTESIAN_POINT('',(19.504452245573,6.98648732234));
#3912 = CARTESIAN_POINT('',(21.20586843383,7.03014906178));
#3913 = CARTESIAN_POINT('',(24.682303489368,7.041810625739));
#3914 = CARTESIAN_POINT('',(26.457226148917,7.006477129695));
#3915 = CARTESIAN_POINT('',(28.231260105499,6.929876114641));
#3916 = CARTESIAN_POINT('',(30.003309265902,6.811831064873));
#3917 = CARTESIAN_POINT('',(31.772199949967,6.651983299191));
#3918 = CARTESIAN_POINT('',(33.536679522958,6.449792463076));
#3919 = CARTESIAN_POINT('',(35.295415031025,6.204514682237));
#3920 = CARTESIAN_POINT('',(38.043446116975,5.750531794679));
#3921 = CARTESIAN_POINT('',(39.037560784252,5.571649813223));
#3922 = CARTESIAN_POINT('',(40.029067136472,5.378321403619));
#3923 = CARTESIAN_POINT('',(41.017672675116,5.170340718724));
#3924 = CARTESIAN_POINT('',(42.003058954397,4.947477318392));
#3925 = CARTESIAN_POINT('',(42.984881109987,4.709473891798));
#3926 = CARTESIAN_POINT('',(43.962767026096,4.456042434983));
#3927 = CARTESIAN_POINT('',(44.936316140908,4.186858883608));
#3928 = ( GEOMETRIC_REPRESENTATION_CONTEXT(2) 
PARAMETRIC_REPRESENTATION_CONTEXT() REPRESENTATION_CONTEXT('2D SPACE',''
  ) );
#3929 = PCURVE('',#3930,#3966);
#3930 = ( BOUNDED_SURFACE() B_SPLINE_SURFACE(2,2,(
    (#3931,#3932,#3933,#3934,#3935)
    ,(#3936,#3937,#3938,#3939,#3940)
    ,(#3941,#3942,#3943,#3944,#3945)
    ,(#3946,#3947,#3948,#3949,#3950)
    ,(#3951,#3952,#3953,#3954,#3955)
    ,(#3956,#3957,#3958,#3959,#3960)
    ,(#3961,#3962,#3963,#3964,#3965
)),.UNSPECIFIED.,.T.,.F.,.F.) B_SPLINE_SURFACE_WITH_KNOTS((1,2,2,2,2,1),
  (3,2,3),(-2.094395102393,0.,2.094395102393,4.188790204786,
    6.28318530718,8.377580409573),(-1.570796326795,0.,1.570796326795),
.UNSPECIFIED.) GEOMETRIC_REPRESENTATION_ITEM() RATIONAL_B_SPLINE_SURFACE
((
    (1.,0.707106781187,1.,0.707106781187,1.)
    ,(0.5,0.353553390593,0.5,0.353553390593,0.5)
    ,(1.,0.707106781187,1.,0.707106781187,1.)
    ,(0.5,0.353553390593,0.5,0.353553390593,0.5)
    ,(1.,0.707106781187,1.,0.707106781187,1.)
    ,(0.5,0.353553390593,0.5,0.353553390593,0.5)
,(1.,0.707106781187,1.,0.707106781187,1.
))) REPRESENTATION_ITEM('') SURFACE() );
#3931 = CARTESIAN_POINT('',(3.184081677783E-15,0.,-18.));
#3932 = CARTESIAN_POINT('',(52.,0.,-18.));
#3933 = CARTESIAN_POINT('',(52.,0.,10.));
#3934 = CARTESIAN_POINT('',(52.,0.,38.));
#3935 = CARTESIAN_POINT('',(3.184081677783E-15,0.,38.));
#3936 = CARTESIAN_POINT('',(3.184081677783E-15,5.51499124137E-15,-18.));
#3937 = CARTESIAN_POINT('',(52.,90.066641993582,-18.));
#3938 = CARTESIAN_POINT('',(52.,90.066641993582,10.));
#3939 = CARTESIAN_POINT('',(52.,90.066641993582,38.));
#3940 = CARTESIAN_POINT('',(3.184081677783E-15,5.51499124137E-15,38.));
#3941 = CARTESIAN_POINT('',(-1.592040838892E-15,2.757495620685E-15,-18.)
  );
#3942 = CARTESIAN_POINT('',(-26.,45.033320996791,-18.));
#3943 = CARTESIAN_POINT('',(-26.,45.033320996791,10.));
#3944 = CARTESIAN_POINT('',(-26.,45.033320996791,38.));
#3945 = CARTESIAN_POINT('',(-1.592040838892E-15,2.757495620685E-15,38.)
  );
#3946 = CARTESIAN_POINT('',(-6.368163355566E-15,7.798750869842E-31,-18.)
  );
#3947 = CARTESIAN_POINT('',(-104.,1.273632671113E-14,-18.));
#3948 = CARTESIAN_POINT('',(-104.,1.273632671113E-14,10.));
#3949 = CARTESIAN_POINT('',(-104.,1.273632671113E-14,38.));
#3950 = CARTESIAN_POINT('',(-6.368163355566E-15,7.798750869842E-31,38.)
  );
#3951 = CARTESIAN_POINT('',(-1.592040838892E-15,-2.757495620685E-15,-18.
    ));
#3952 = CARTESIAN_POINT('',(-26.,-45.03332099679,-18.));
#3953 = CARTESIAN_POINT('',(-26.,-45.03332099679,10.));
#3954 = CARTESIAN_POINT('',(-26.,-45.03332099679,38.));
#3955 = CARTESIAN_POINT('',(-1.592040838892E-15,-2.757495620685E-15,38.)
  );
#3956 = CARTESIAN_POINT('',(3.184081677783E-15,-5.51499124137E-15,-18.)
  );
#3957 = CARTESIAN_POINT('',(52.,-90.06664199358,-18.));
#3958 = CARTESIAN_POINT('',(52.,-90.06664199358,10.));
#3959 = CARTESIAN_POINT('',(52.,-90.06664199358,38.));
#3960 = CARTESIAN_POINT('',(3.184081677783E-15,-5.51499124137E-15,38.));
#3961 = CARTESIAN_POINT('',(3.184081677783E-15,0.,-18.));
#3962 = CARTESIAN_POINT('',(52.,0.,-18.));
#3963 = CARTESIAN_POINT('',(52.,0.,10.));
#3964 = CARTESIAN_POINT('',(52.,0.,38.));
#3965 = CARTESIAN_POINT('',(3.184081677783E-15,0.,38.));
#3966 = DEFINITIONAL_REPRESENTATION('',(#3967),#4033);
#3967 = B_SPLINE_CURVE_WITH_KNOTS('',8,(#3968,#3969,#3970,#3971,#3972,
    #3973,#3974,#3975,#3976,#3977,#3978,#3979,#3980,#3981,#3982,#3983,
    #3984,#3985,#3986,#3987,#3988,#3989,#3990,#3991,#3992,#3993,#3994,
    #3995,#3996,#3997,#3998,#3999,#4000,#4001,#4002,#4003,#4004,#4005,
    #4006,#4007,#4008,#4009,#4010,#4011,#4012,#4013,#4014,#4015,#4016,
    #4017,#4018,#4019,#4020,#4021,#4022,#4023,#4024,#4025,#4026,#4027,
    #4028,#4029,#4030,#4031,#4032),.UNSPECIFIED.,.F.,.F.,(9,7,7,7,7,7,7,
    7,7,9),(0.,8.386181168392E-02,0.131155574035,0.156403197997,
    0.16959845169,0.176632418941,0.183795371488,0.49339427509,
    0.816301031074,1.),.UNSPECIFIED.);
#3968 = CARTESIAN_POINT('',(2.33664959714,0.892431770004));
#3969 = CARTESIAN_POINT('',(2.324440970052,0.898503096047));
#3970 = CARTESIAN_POINT('',(2.311947862653,0.904470327007));
#3971 = CARTESIAN_POINT('',(2.299160144537,0.910331958548));
#3972 = CARTESIAN_POINT('',(2.286067327748,0.9160863434));
#3973 = CARTESIAN_POINT('',(2.272658566781,0.92173169136));
#3974 = CARTESIAN_POINT('',(2.258922658579,0.927266069294));
#3975 = CARTESIAN_POINT('',(2.244848042539,0.932687401137));
#3976 = CARTESIAN_POINT('',(2.222287703554,0.940985817507));
#3977 = CARTESIAN_POINT('',(2.214041100031,0.943941510794));
#3978 = CARTESIAN_POINT('',(2.205680853721,0.946860150816));
#3979 = CARTESIAN_POINT('',(2.197204798104,0.949741328842));
#3980 = CARTESIAN_POINT('',(2.188610736354,0.952584624352));
#3981 = CARTESIAN_POINT('',(2.179896441339,0.95538960503));
#3982 = CARTESIAN_POINT('',(2.171059655621,0.958155826768));
#3983 = CARTESIAN_POINT('',(2.157313989057,0.962338637588));
#3984 = CARTESIAN_POINT('',(2.152494326385,0.963783265804));
#3985 = CARTESIAN_POINT('',(2.147638755727,0.96521664909));
#3986 = CARTESIAN_POINT('',(2.142746927419,0.966638717455));
#3987 = CARTESIAN_POINT('',(2.13781848985,0.968049400147));
#3988 = CARTESIAN_POINT('',(2.132853089459,0.96944862565));
#3989 = CARTESIAN_POINT('',(2.12785037074,0.970836321684));
#3990 = CARTESIAN_POINT('',(2.120175697293,0.972931607757));
#3991 = CARTESIAN_POINT('',(2.117531127404,0.973647631144));
#3992 = CARTESIAN_POINT('',(2.114876215564,0.974360474948));
#3993 = CARTESIAN_POINT('',(2.112210910648,0.975070128701));
#3994 = CARTESIAN_POINT('',(2.109535161411,0.975776581888));
#3995 = CARTESIAN_POINT('',(2.106848916491,0.97647982395));
#3996 = CARTESIAN_POINT('',(2.104152124406,0.977179844276));
#3997 = CARTESIAN_POINT('',(2.100001510182,0.978248067549));
#3998 = CARTESIAN_POINT('',(2.098555936284,0.978618584606));
#3999 = CARTESIAN_POINT('',(2.097103038141,0.978988179982));
#4000 = CARTESIAN_POINT('',(2.095659771055,0.979356858144));
#4001 = CARTESIAN_POINT('',(2.094192583206,0.979724605436));
#4002 = CARTESIAN_POINT('',(2.09274034804,0.98009143422));
#4003 = CARTESIAN_POINT('',(2.091282256401,0.980457335338));
#4004 = CARTESIAN_POINT('',(2.088339330865,0.981193975948));
#4005 = CARTESIAN_POINT('',(2.086853748936,0.981564680852));
#4006 = CARTESIAN_POINT('',(2.08536741954,0.981934422278));
#4007 = CARTESIAN_POINT('',(2.083880345512,0.9823031985));
#4008 = CARTESIAN_POINT('',(2.082392529715,0.982671007788));
#4009 = CARTESIAN_POINT('',(2.080903975039,0.983037848408));
#4010 = CARTESIAN_POINT('',(2.079414684406,0.983403718623));
#4011 = CARTESIAN_POINT('',(2.013522491013,0.999540331235));
#4012 = CARTESIAN_POINT('',(1.947752463777,1.013495530006));
#4013 = CARTESIAN_POINT('',(1.880851598425,1.025494313155));
#4014 = CARTESIAN_POINT('',(1.813155097989,1.035385700762));
#4015 = CARTESIAN_POINT('',(1.745120754374,1.043019456416));
#4016 = CARTESIAN_POINT('',(1.677296360244,1.048275799616));
#4017 = CARTESIAN_POINT('',(1.610250852009,1.051091326177));
#4018 = CARTESIAN_POINT('',(1.47590228499,1.051843409285));
#4019 = CARTESIAN_POINT('',(1.408717170306,1.04956501254));
#4020 = CARTESIAN_POINT('',(1.343507666526,1.044617289309));
#4021 = CARTESIAN_POINT('',(1.280793064625,1.037060166243));
#4022 = CARTESIAN_POINT('',(1.220929533097,1.027024583261));
#4023 = CARTESIAN_POINT('',(1.164091897365,1.014680871822));
#4024 = CARTESIAN_POINT('',(1.110309849716,1.000200914412));
#4025 = CARTESIAN_POINT('',(1.030629104072,0.974381168339));
#4026 = CARTESIAN_POINT('',(1.002705915674,0.964378997947));
#4027 = CARTESIAN_POINT('',(0.97574094816,0.953766411837));
#4028 = CARTESIAN_POINT('',(0.949713144849,0.942571361537));
#4029 = CARTESIAN_POINT('',(0.924594514352,0.930819481357));
#4030 = CARTESIAN_POINT('',(0.900352379384,0.918533399593));
#4031 = CARTESIAN_POINT('',(0.876951168639,0.905732305212));
#4032 = CARTESIAN_POINT('',(0.854353751745,0.892431770004));
#4033 = ( GEOMETRIC_REPRESENTATION_CONTEXT(2) 
PARAMETRIC_REPRESENTATION_CONTEXT() REPRESENTATION_CONTEXT('2D SPACE',''
  ) );
#4034 = ORIENTED_EDGE('',*,*,#4035,.F.);
#4035 = EDGE_CURVE('',#1699,#3791,#4036,.T.);
#4036 = SURFACE_CURVE('',#4037,(#4041,#4047),.PCURVE_S1.);
#4037 = LINE('',#4038,#4039);
#4038 = CARTESIAN_POINT('',(21.5,21.536267744475,26.566064891358));
#4039 = VECTOR('',#4040,1.);
#4040 = DIRECTION('',(-0.,0.422618261741,0.906307787037));
#4041 = PCURVE('',#1100,#4042);
#4042 = DEFINITIONAL_REPRESENTATION('',(#4043),#4046);
#4043 = B_SPLINE_CURVE_WITH_KNOTS('',1,(#4044,#4045),.UNSPECIFIED.,.F.,
  .F.,(2,2),(1.7,6.319942319946),.PIECEWISE_BEZIER_KNOTS.);
#4044 = CARTESIAN_POINT('',(44.7,0.));
#4045 = CARTESIAN_POINT('',(44.7,4.619942319946));
#4046 = ( GEOMETRIC_REPRESENTATION_CONTEXT(2) 
PARAMETRIC_REPRESENTATION_CONTEXT() REPRESENTATION_CONTEXT('2D SPACE',''
  ) );
#4047 = PCURVE('',#1741,#4048);
#4048 = DEFINITIONAL_REPRESENTATION('',(#4049),#4052);
#4049 = B_SPLINE_CURVE_WITH_KNOTS('',1,(#4050,#4051),.UNSPECIFIED.,.F.,
  .F.,(2,2),(1.7,6.319942319946),.PIECEWISE_BEZIER_KNOTS.);
#4050 = CARTESIAN_POINT('',(3.7,-3.4));
#4051 = CARTESIAN_POINT('',(3.7,-8.019942319946));
#4052 = ( GEOMETRIC_REPRESENTATION_CONTEXT(2) 
PARAMETRIC_REPRESENTATION_CONTEXT() REPRESENTATION_CONTEXT('2D SPACE',''
  ) );
#4053 = ORIENTED_EDGE('',*,*,#1698,.F.);
#4054 = ORIENTED_EDGE('',*,*,#1633,.F.);
#4055 = ORIENTED_EDGE('',*,*,#1529,.T.);
#4056 = ORIENTED_EDGE('',*,*,#1457,.T.);
#4057 = ORIENTED_EDGE('',*,*,#1408,.F.);
#4058 = ORIENTED_EDGE('',*,*,#1354,.F.);
#4059 = FACE_BOUND('',#4060,.F.);
#4060 = EDGE_LOOP('',(#4061,#4092,#4120,#4149,#4177,#4206,#4234,#4263));
#4061 = ORIENTED_EDGE('',*,*,#4062,.F.);
#4062 = EDGE_CURVE('',#4063,#4065,#4067,.T.);
#4063 = VERTEX_POINT('',#4064);
#4064 = CARTESIAN_POINT('',(-18.7,25.78358127497,35.674458151077));
#4065 = VERTEX_POINT('',#4066);
#4066 = CARTESIAN_POINT('',(-18.25,25.593403057186,35.26661964691));
#4067 = SURFACE_CURVE('',#4068,(#4073,#4080),.PCURVE_S1.);
#4068 = CIRCLE('',#4069,0.45);
#4069 = AXIS2_PLACEMENT_3D('',#4070,#4071,#4072);
#4070 = CARTESIAN_POINT('',(-18.25,25.78358127497,35.674458151077));
#4071 = DIRECTION('',(0.,-0.906307787037,0.422618261741));
#4072 = DIRECTION('',(-1.,-0.,0.));
#4073 = PCURVE('',#1100,#4074);
#4074 = DEFINITIONAL_REPRESENTATION('',(#4075),#4079);
#4075 = CIRCLE('',#4076,0.45);
#4076 = AXIS2_PLACEMENT_2D('',#4077,#4078);
#4077 = CARTESIAN_POINT('',(4.95,8.35));
#4078 = DIRECTION('',(-1.,0.));
#4079 = ( GEOMETRIC_REPRESENTATION_CONTEXT(2) 
PARAMETRIC_REPRESENTATION_CONTEXT() REPRESENTATION_CONTEXT('2D SPACE',''
  ) );
#4080 = PCURVE('',#4081,#4086);
#4081 = CYLINDRICAL_SURFACE('',#4082,0.45);
#4082 = AXIS2_PLACEMENT_3D('',#4083,#4084,#4085);
#4083 = CARTESIAN_POINT('',(-18.25,39.740721195334,29.16613692027));
#4084 = DIRECTION('',(0.,-0.906307787037,0.422618261741));
#4085 = DIRECTION('',(-1.,-0.,0.));
#4086 = DEFINITIONAL_REPRESENTATION('',(#4087),#4091);
#4087 = LINE('',#4088,#4089);
#4088 = CARTESIAN_POINT('',(0.,15.4));
#4089 = VECTOR('',#4090,1.);
#4090 = DIRECTION('',(1.,0.));
#4091 = ( GEOMETRIC_REPRESENTATION_CONTEXT(2) 
PARAMETRIC_REPRESENTATION_CONTEXT() REPRESENTATION_CONTEXT('2D SPACE',''
  ) );
#4092 = ORIENTED_EDGE('',*,*,#4093,.T.);
#4093 = EDGE_CURVE('',#4063,#4094,#4096,.T.);
#4094 = VERTEX_POINT('',#4095);
#4095 = CARTESIAN_POINT('',(-18.7,33.602019117172,52.441152211255));
#4096 = SURFACE_CURVE('',#4097,(#4101,#4108),.PCURVE_S1.);
#4097 = LINE('',#4098,#4099);
#4098 = CARTESIAN_POINT('',(-18.7,23.92406092331,31.686703888115));
#4099 = VECTOR('',#4100,1.);
#4100 = DIRECTION('',(0.,0.422618261741,0.906307787037));
#4101 = PCURVE('',#1100,#4102);
#4102 = DEFINITIONAL_REPRESENTATION('',(#4103),#4107);
#4103 = LINE('',#4104,#4105);
#4104 = CARTESIAN_POINT('',(4.5,3.95));
#4105 = VECTOR('',#4106,1.);
#4106 = DIRECTION('',(0.,1.));
#4107 = ( GEOMETRIC_REPRESENTATION_CONTEXT(2) 
PARAMETRIC_REPRESENTATION_CONTEXT() REPRESENTATION_CONTEXT('2D SPACE',''
  ) );
#4108 = PCURVE('',#4109,#4114);
#4109 = PLANE('',#4110);
#4110 = AXIS2_PLACEMENT_3D('',#4111,#4112,#4113);
#4111 = CARTESIAN_POINT('',(-18.7,39.550542977551,28.758298416103));
#4112 = DIRECTION('',(1.,0.,0.));
#4113 = DIRECTION('',(0.,-0.906307787037,0.422618261741));
#4114 = DEFINITIONAL_REPRESENTATION('',(#4115),#4119);
#4115 = LINE('',#4116,#4117);
#4116 = CARTESIAN_POINT('',(15.4,3.95));
#4117 = VECTOR('',#4118,1.);
#4118 = DIRECTION('',(0.,-1.));
#4119 = ( GEOMETRIC_REPRESENTATION_CONTEXT(2) 
PARAMETRIC_REPRESENTATION_CONTEXT() REPRESENTATION_CONTEXT('2D SPACE',''
  ) );
#4120 = ORIENTED_EDGE('',*,*,#4121,.F.);
#4121 = EDGE_CURVE('',#4122,#4094,#4124,.T.);
#4122 = VERTEX_POINT('',#4123);
#4123 = CARTESIAN_POINT('',(-18.25,33.792197334956,52.848990715421));
#4124 = SURFACE_CURVE('',#4125,(#4130,#4137),.PCURVE_S1.);
#4125 = CIRCLE('',#4126,0.45);
#4126 = AXIS2_PLACEMENT_3D('',#4127,#4128,#4129);
#4127 = CARTESIAN_POINT('',(-18.25,33.602019117172,52.441152211255));
#4128 = DIRECTION('',(0.,-0.906307787037,0.422618261741));
#4129 = DIRECTION('',(-1.,-0.,0.));
#4130 = PCURVE('',#1100,#4131);
#4131 = DEFINITIONAL_REPRESENTATION('',(#4132),#4136);
#4132 = CIRCLE('',#4133,0.45);
#4133 = AXIS2_PLACEMENT_2D('',#4134,#4135);
#4134 = CARTESIAN_POINT('',(4.95,26.85));
#4135 = DIRECTION('',(-1.,0.));
#4136 = ( GEOMETRIC_REPRESENTATION_CONTEXT(2) 
PARAMETRIC_REPRESENTATION_CONTEXT() REPRESENTATION_CONTEXT('2D SPACE',''
  ) );
#4137 = PCURVE('',#4138,#4143);
#4138 = CYLINDRICAL_SURFACE('',#4139,0.45);
#4139 = AXIS2_PLACEMENT_3D('',#4140,#4141,#4142);
#4140 = CARTESIAN_POINT('',(-18.25,47.559159037537,45.932830980448));
#4141 = DIRECTION('',(0.,-0.906307787037,0.422618261741));
#4142 = DIRECTION('',(-1.,-0.,0.));
#4143 = DEFINITIONAL_REPRESENTATION('',(#4144),#4148);
#4144 = LINE('',#4145,#4146);
#4145 = CARTESIAN_POINT('',(-6.28318530718,15.4));
#4146 = VECTOR('',#4147,1.);
#4147 = DIRECTION('',(1.,-0.));
#4148 = ( GEOMETRIC_REPRESENTATION_CONTEXT(2) 
PARAMETRIC_REPRESENTATION_CONTEXT() REPRESENTATION_CONTEXT('2D SPACE',''
  ) );
#4149 = ORIENTED_EDGE('',*,*,#4150,.F.);
#4150 = EDGE_CURVE('',#4151,#4122,#4153,.T.);
#4151 = VERTEX_POINT('',#4152);
#4152 = CARTESIAN_POINT('',(18.25,33.792197334956,52.848990715421));
#4153 = SURFACE_CURVE('',#4154,(#4158,#4165),.PCURVE_S1.);
#4154 = LINE('',#4155,#4156);
#4155 = CARTESIAN_POINT('',(-20.95,33.792197334956,52.848990715421));
#4156 = VECTOR('',#4157,1.);
#4157 = DIRECTION('',(-1.,0.,0.));
#4158 = PCURVE('',#1100,#4159);
#4159 = DEFINITIONAL_REPRESENTATION('',(#4160),#4164);
#4160 = LINE('',#4161,#4162);
#4161 = CARTESIAN_POINT('',(2.25,27.3));
#4162 = VECTOR('',#4163,1.);
#4163 = DIRECTION('',(-1.,0.));
#4164 = ( GEOMETRIC_REPRESENTATION_CONTEXT(2) 
PARAMETRIC_REPRESENTATION_CONTEXT() REPRESENTATION_CONTEXT('2D SPACE',''
  ) );
#4165 = PCURVE('',#4166,#4171);
#4166 = PLANE('',#4167);
#4167 = AXIS2_PLACEMENT_3D('',#4168,#4169,#4170);
#4168 = CARTESIAN_POINT('',(-18.7,47.74933725532,46.340669484614));
#4169 = DIRECTION('',(0.,0.422618261741,0.906307787037));
#4170 = DIRECTION('',(0.,-0.906307787037,0.422618261741));
#4171 = DEFINITIONAL_REPRESENTATION('',(#4172),#4176);
#4172 = LINE('',#4173,#4174);
#4173 = CARTESIAN_POINT('',(15.4,-2.25));
#4174 = VECTOR('',#4175,1.);
#4175 = DIRECTION('',(0.,-1.));
#4176 = ( GEOMETRIC_REPRESENTATION_CONTEXT(2) 
PARAMETRIC_REPRESENTATION_CONTEXT() REPRESENTATION_CONTEXT('2D SPACE',''
  ) );
#4177 = ORIENTED_EDGE('',*,*,#4178,.F.);
#4178 = EDGE_CURVE('',#4179,#4151,#4181,.T.);
#4179 = VERTEX_POINT('',#4180);
#4180 = CARTESIAN_POINT('',(18.7,33.602019117172,52.441152211255));
#4181 = SURFACE_CURVE('',#4182,(#4187,#4194),.PCURVE_S1.);
#4182 = CIRCLE('',#4183,0.45);
#4183 = AXIS2_PLACEMENT_3D('',#4184,#4185,#4186);
#4184 = CARTESIAN_POINT('',(18.25,33.602019117172,52.441152211255));
#4185 = DIRECTION('',(0.,-0.906307787037,0.422618261741));
#4186 = DIRECTION('',(1.,0.,0.));
#4187 = PCURVE('',#1100,#4188);
#4188 = DEFINITIONAL_REPRESENTATION('',(#4189),#4193);
#4189 = CIRCLE('',#4190,0.45);
#4190 = AXIS2_PLACEMENT_2D('',#4191,#4192);
#4191 = CARTESIAN_POINT('',(41.45,26.85));
#4192 = DIRECTION('',(1.,0.));
#4193 = ( GEOMETRIC_REPRESENTATION_CONTEXT(2) 
PARAMETRIC_REPRESENTATION_CONTEXT() REPRESENTATION_CONTEXT('2D SPACE',''
  ) );
#4194 = PCURVE('',#4195,#4200);
#4195 = CYLINDRICAL_SURFACE('',#4196,0.45);
#4196 = AXIS2_PLACEMENT_3D('',#4197,#4198,#4199);
#4197 = CARTESIAN_POINT('',(18.25,47.559159037537,45.932830980448));
#4198 = DIRECTION('',(0.,-0.906307787037,0.422618261741));
#4199 = DIRECTION('',(1.,0.,0.));
#4200 = DEFINITIONAL_REPRESENTATION('',(#4201),#4205);
#4201 = LINE('',#4202,#4203);
#4202 = CARTESIAN_POINT('',(0.,15.4));
#4203 = VECTOR('',#4204,1.);
#4204 = DIRECTION('',(1.,0.));
#4205 = ( GEOMETRIC_REPRESENTATION_CONTEXT(2) 
PARAMETRIC_REPRESENTATION_CONTEXT() REPRESENTATION_CONTEXT('2D SPACE',''
  ) );
#4206 = ORIENTED_EDGE('',*,*,#4207,.F.);
#4207 = EDGE_CURVE('',#4208,#4179,#4210,.T.);
#4208 = VERTEX_POINT('',#4209);
#4209 = CARTESIAN_POINT('',(18.7,25.78358127497,35.674458151077));
#4210 = SURFACE_CURVE('',#4211,(#4215,#4222),.PCURVE_S1.);
#4211 = LINE('',#4212,#4213);
#4212 = CARTESIAN_POINT('',(18.7,23.92406092331,31.686703888115));
#4213 = VECTOR('',#4214,1.);
#4214 = DIRECTION('',(0.,0.422618261741,0.906307787037));
#4215 = PCURVE('',#1100,#4216);
#4216 = DEFINITIONAL_REPRESENTATION('',(#4217),#4221);
#4217 = LINE('',#4218,#4219);
#4218 = CARTESIAN_POINT('',(41.9,3.95));
#4219 = VECTOR('',#4220,1.);
#4220 = DIRECTION('',(0.,1.));
#4221 = ( GEOMETRIC_REPRESENTATION_CONTEXT(2) 
PARAMETRIC_REPRESENTATION_CONTEXT() REPRESENTATION_CONTEXT('2D SPACE',''
  ) );
#4222 = PCURVE('',#4223,#4228);
#4223 = PLANE('',#4224);
#4224 = AXIS2_PLACEMENT_3D('',#4225,#4226,#4227);
#4225 = CARTESIAN_POINT('',(18.7,39.550542977551,28.758298416103));
#4226 = DIRECTION('',(1.,0.,0.));
#4227 = DIRECTION('',(0.,-0.906307787037,0.422618261741));
#4228 = DEFINITIONAL_REPRESENTATION('',(#4229),#4233);
#4229 = LINE('',#4230,#4231);
#4230 = CARTESIAN_POINT('',(15.4,3.95));
#4231 = VECTOR('',#4232,1.);
#4232 = DIRECTION('',(0.,-1.));
#4233 = ( GEOMETRIC_REPRESENTATION_CONTEXT(2) 
PARAMETRIC_REPRESENTATION_CONTEXT() REPRESENTATION_CONTEXT('2D SPACE',''
  ) );
#4234 = ORIENTED_EDGE('',*,*,#4235,.F.);
#4235 = EDGE_CURVE('',#4236,#4208,#4238,.T.);
#4236 = VERTEX_POINT('',#4237);
#4237 = CARTESIAN_POINT('',(18.25,25.593403057186,35.26661964691));
#4238 = SURFACE_CURVE('',#4239,(#4244,#4251),.PCURVE_S1.);
#4239 = CIRCLE('',#4240,0.45);
#4240 = AXIS2_PLACEMENT_3D('',#4241,#4242,#4243);
#4241 = CARTESIAN_POINT('',(18.25,25.78358127497,35.674458151077));
#4242 = DIRECTION('',(0.,-0.906307787037,0.422618261741));
#4243 = DIRECTION('',(1.,0.,0.));
#4244 = PCURVE('',#1100,#4245);
#4245 = DEFINITIONAL_REPRESENTATION('',(#4246),#4250);
#4246 = CIRCLE('',#4247,0.45);
#4247 = AXIS2_PLACEMENT_2D('',#4248,#4249);
#4248 = CARTESIAN_POINT('',(41.45,8.35));
#4249 = DIRECTION('',(1.,0.));
#4250 = ( GEOMETRIC_REPRESENTATION_CONTEXT(2) 
PARAMETRIC_REPRESENTATION_CONTEXT() REPRESENTATION_CONTEXT('2D SPACE',''
  ) );
#4251 = PCURVE('',#4252,#4257);
#4252 = CYLINDRICAL_SURFACE('',#4253,0.45);
#4253 = AXIS2_PLACEMENT_3D('',#4254,#4255,#4256);
#4254 = CARTESIAN_POINT('',(18.25,39.740721195334,29.16613692027));
#4255 = DIRECTION('',(0.,-0.906307787037,0.422618261741));
#4256 = DIRECTION('',(1.,0.,0.));
#4257 = DEFINITIONAL_REPRESENTATION('',(#4258),#4262);
#4258 = LINE('',#4259,#4260);
#4259 = CARTESIAN_POINT('',(-6.28318530718,15.4));
#4260 = VECTOR('',#4261,1.);
#4261 = DIRECTION('',(1.,-0.));
#4262 = ( GEOMETRIC_REPRESENTATION_CONTEXT(2) 
PARAMETRIC_REPRESENTATION_CONTEXT() REPRESENTATION_CONTEXT('2D SPACE',''
  ) );
#4263 = ORIENTED_EDGE('',*,*,#4264,.T.);
#4264 = EDGE_CURVE('',#4236,#4065,#4265,.T.);
#4265 = SURFACE_CURVE('',#4266,(#4270,#4277),.PCURVE_S1.);
#4266 = LINE('',#4267,#4268);
#4267 = CARTESIAN_POINT('',(-20.95,25.593403057186,35.26661964691));
#4268 = VECTOR('',#4269,1.);
#4269 = DIRECTION('',(-1.,0.,0.));
#4270 = PCURVE('',#1100,#4271);
#4271 = DEFINITIONAL_REPRESENTATION('',(#4272),#4276);
#4272 = LINE('',#4273,#4274);
#4273 = CARTESIAN_POINT('',(2.25,7.9));
#4274 = VECTOR('',#4275,1.);
#4275 = DIRECTION('',(-1.,0.));
#4276 = ( GEOMETRIC_REPRESENTATION_CONTEXT(2) 
PARAMETRIC_REPRESENTATION_CONTEXT() REPRESENTATION_CONTEXT('2D SPACE',''
  ) );
#4277 = PCURVE('',#4278,#4283);
#4278 = PLANE('',#4279);
#4279 = AXIS2_PLACEMENT_3D('',#4280,#4281,#4282);
#4280 = CARTESIAN_POINT('',(-18.7,39.550542977551,28.758298416103));
#4281 = DIRECTION('',(0.,0.422618261741,0.906307787037));
#4282 = DIRECTION('',(0.,-0.906307787037,0.422618261741));
#4283 = DEFINITIONAL_REPRESENTATION('',(#4284),#4288);
#4284 = LINE('',#4285,#4286);
#4285 = CARTESIAN_POINT('',(15.4,-2.25));
#4286 = VECTOR('',#4287,1.);
#4287 = DIRECTION('',(0.,-1.));
#4288 = ( GEOMETRIC_REPRESENTATION_CONTEXT(2) 
PARAMETRIC_REPRESENTATION_CONTEXT() REPRESENTATION_CONTEXT('2D SPACE',''
  ) );
#4289 = ADVANCED_FACE('',(#4290),#1268,.T.);
#4290 = FACE_BOUND('',#4291,.T.);
#4291 = EDGE_LOOP('',(#4292,#4315,#4336,#4337,#4338));
#4292 = ORIENTED_EDGE('',*,*,#4293,.F.);
#4293 = EDGE_CURVE('',#4294,#1226,#4296,.T.);
#4294 = VERTEX_POINT('',#4295);
#4295 = CARTESIAN_POINT('',(-21.5,20.545924363405,25.152127131918));
#4296 = SURFACE_CURVE('',#4297,(#4301,#4308),.PCURVE_S1.);
#4297 = LINE('',#4298,#4299);
#4298 = CARTESIAN_POINT('',(-21.5,20.545924363405,25.152127131918));
#4299 = VECTOR('',#4300,1.);
#4300 = DIRECTION('',(0.,0.422618261741,0.906307787037));
#4301 = PCURVE('',#1268,#4302);
#4302 = DEFINITIONAL_REPRESENTATION('',(#4303),#4307);
#4303 = LINE('',#4304,#4305);
#4304 = CARTESIAN_POINT('',(0.,0.));
#4305 = VECTOR('',#4306,1.);
#4306 = DIRECTION('',(0.,1.));
#4307 = ( GEOMETRIC_REPRESENTATION_CONTEXT(2) 
PARAMETRIC_REPRESENTATION_CONTEXT() REPRESENTATION_CONTEXT('2D SPACE',''
  ) );
#4308 = PCURVE('',#1240,#4309);
#4309 = DEFINITIONAL_REPRESENTATION('',(#4310),#4314);
#4310 = LINE('',#4311,#4312);
#4311 = CARTESIAN_POINT('',(4.,-3.774758283726E-15));
#4312 = VECTOR('',#4313,1.);
#4313 = DIRECTION('',(0.,-1.));
#4314 = ( GEOMETRIC_REPRESENTATION_CONTEXT(2) 
PARAMETRIC_REPRESENTATION_CONTEXT() REPRESENTATION_CONTEXT('2D SPACE',''
  ) );
#4315 = ORIENTED_EDGE('',*,*,#4316,.T.);
#4316 = EDGE_CURVE('',#4294,#3266,#4317,.T.);
#4317 = SURFACE_CURVE('',#4318,(#4322,#4329),.PCURVE_S1.);
#4318 = LINE('',#4319,#4320);
#4319 = CARTESIAN_POINT('',(-21.5,20.545924363405,25.152127131918));
#4320 = VECTOR('',#4321,1.);
#4321 = DIRECTION('',(1.,0.,0.));
#4322 = PCURVE('',#1268,#4323);
#4323 = DEFINITIONAL_REPRESENTATION('',(#4324),#4328);
#4324 = LINE('',#4325,#4326);
#4325 = CARTESIAN_POINT('',(0.,0.));
#4326 = VECTOR('',#4327,1.);
#4327 = DIRECTION('',(1.,0.));
#4328 = ( GEOMETRIC_REPRESENTATION_CONTEXT(2) 
PARAMETRIC_REPRESENTATION_CONTEXT() REPRESENTATION_CONTEXT('2D SPACE',''
  ) );
#4329 = PCURVE('',#1920,#4330);
#4330 = DEFINITIONAL_REPRESENTATION('',(#4331),#4335);
#4331 = LINE('',#4332,#4333);
#4332 = CARTESIAN_POINT('',(4.,0.));
#4333 = VECTOR('',#4334,1.);
#4334 = DIRECTION('',(0.,1.));
#4335 = ( GEOMETRIC_REPRESENTATION_CONTEXT(2) 
PARAMETRIC_REPRESENTATION_CONTEXT() REPRESENTATION_CONTEXT('2D SPACE',''
  ) );
#4336 = ORIENTED_EDGE('',*,*,#3286,.F.);
#4337 = ORIENTED_EDGE('',*,*,#3331,.F.);
#4338 = ORIENTED_EDGE('',*,*,#1251,.F.);
#4339 = ADVANCED_FACE('',(#4340),#1240,.F.);
#4340 = FACE_BOUND('',#4341,.F.);
#4341 = EDGE_LOOP('',(#4342,#4343,#4366,#4394,#4424,#4425));
#4342 = ORIENTED_EDGE('',*,*,#4293,.F.);
#4343 = ORIENTED_EDGE('',*,*,#4344,.F.);
#4344 = EDGE_CURVE('',#4345,#4294,#4347,.T.);
#4345 = VERTEX_POINT('',#4346);
#4346 = CARTESIAN_POINT('',(-21.5,24.171155511552,23.461654084955));
#4347 = SURFACE_CURVE('',#4348,(#4352,#4359),.PCURVE_S1.);
#4348 = LINE('',#4349,#4350);
#4349 = CARTESIAN_POINT('',(-21.5,24.171155511552,23.461654084955));
#4350 = VECTOR('',#4351,1.);
#4351 = DIRECTION('',(0.,-0.906307787037,0.422618261741));
#4352 = PCURVE('',#1240,#4353);
#4353 = DEFINITIONAL_REPRESENTATION('',(#4354),#4358);
#4354 = LINE('',#4355,#4356);
#4355 = CARTESIAN_POINT('',(0.,0.));
#4356 = VECTOR('',#4357,1.);
#4357 = DIRECTION('',(1.,0.));
#4358 = ( GEOMETRIC_REPRESENTATION_CONTEXT(2) 
PARAMETRIC_REPRESENTATION_CONTEXT() REPRESENTATION_CONTEXT('2D SPACE',''
  ) );
#4359 = PCURVE('',#1920,#4360);
#4360 = DEFINITIONAL_REPRESENTATION('',(#4361),#4365);
#4361 = LINE('',#4362,#4363);
#4362 = CARTESIAN_POINT('',(0.,0.));
#4363 = VECTOR('',#4364,1.);
#4364 = DIRECTION('',(1.,0.));
#4365 = ( GEOMETRIC_REPRESENTATION_CONTEXT(2) 
PARAMETRIC_REPRESENTATION_CONTEXT() REPRESENTATION_CONTEXT('2D SPACE',''
  ) );
#4366 = ORIENTED_EDGE('',*,*,#4367,.T.);
#4367 = EDGE_CURVE('',#4345,#4368,#4370,.T.);
#4368 = VERTEX_POINT('',#4369);
#4369 = CARTESIAN_POINT('',(-21.5,27.560529594068,30.730190261107));
#4370 = SURFACE_CURVE('',#4371,(#4375,#4382),.PCURVE_S1.);
#4371 = LINE('',#4372,#4373);
#4372 = CARTESIAN_POINT('',(-21.5,24.171155511552,23.461654084955));
#4373 = VECTOR('',#4374,1.);
#4374 = DIRECTION('',(0.,0.422618261741,0.906307787037));
#4375 = PCURVE('',#1240,#4376);
#4376 = DEFINITIONAL_REPRESENTATION('',(#4377),#4381);
#4377 = LINE('',#4378,#4379);
#4378 = CARTESIAN_POINT('',(0.,0.));
#4379 = VECTOR('',#4380,1.);
#4380 = DIRECTION('',(0.,-1.));
#4381 = ( GEOMETRIC_REPRESENTATION_CONTEXT(2) 
PARAMETRIC_REPRESENTATION_CONTEXT() REPRESENTATION_CONTEXT('2D SPACE',''
  ) );
#4382 = PCURVE('',#4383,#4388);
#4383 = PLANE('',#4384);
#4384 = AXIS2_PLACEMENT_3D('',#4385,#4386,#4387);
#4385 = CARTESIAN_POINT('',(-21.5,24.171155511552,23.461654084955));
#4386 = DIRECTION('',(0.,-0.906307787037,0.422618261741));
#4387 = DIRECTION('',(1.,0.,0.));
#4388 = DEFINITIONAL_REPRESENTATION('',(#4389),#4393);
#4389 = LINE('',#4390,#4391);
#4390 = CARTESIAN_POINT('',(0.,0.));
#4391 = VECTOR('',#4392,1.);
#4392 = DIRECTION('',(0.,1.));
#4393 = ( GEOMETRIC_REPRESENTATION_CONTEXT(2) 
PARAMETRIC_REPRESENTATION_CONTEXT() REPRESENTATION_CONTEXT('2D SPACE',''
  ) );
#4394 = ORIENTED_EDGE('',*,*,#4395,.T.);
#4395 = EDGE_CURVE('',#4368,#3770,#4396,.T.);
#4396 = SURFACE_CURVE('',#4397,(#4404,#4414),.PCURVE_S1.);
#4397 = B_SPLINE_CURVE_WITH_KNOTS('',5,(#4398,#4399,#4400,#4401,#4402,
    #4403),.UNSPECIFIED.,.F.,.F.,(6,6),(0.,1.),
  .PIECEWISE_BEZIER_KNOTS.);
#4398 = CARTESIAN_POINT('',(-21.5,27.560529594068,30.730190261107));
#4399 = CARTESIAN_POINT('',(-21.5,26.810054420408,31.019477965985));
#4400 = CARTESIAN_POINT('',(-21.5,26.054587675216,31.295796977293));
#4401 = CARTESIAN_POINT('',(-21.5,25.294639421396,31.559593117646));
#4402 = CARTESIAN_POINT('',(-21.5,24.530645018241,31.811249878936));
#4403 = CARTESIAN_POINT('',(-21.5,23.762972328459,32.051108756587));
#4404 = PCURVE('',#1240,#4405);
#4405 = DEFINITIONAL_REPRESENTATION('',(#4406),#4413);
#4406 = B_SPLINE_CURVE_WITH_KNOTS('',5,(#4407,#4408,#4409,#4410,#4411,
    #4412),.UNSPECIFIED.,.F.,.F.,(6,6),(0.,1.),
  .PIECEWISE_BEZIER_KNOTS.);
#4407 = CARTESIAN_POINT('',(0.,-8.019942319946));
#4408 = CARTESIAN_POINT('',(0.802419760845,-7.964961506199));
#4409 = CARTESIAN_POINT('',(1.603882615104,-7.896117535198));
#4410 = CARTESIAN_POINT('',(2.404114701576,-7.814030021347));
#4411 = CARTESIAN_POINT('',(3.202883521419,-7.719230517124));
#4412 = CARTESIAN_POINT('',(4.,-7.612183987988));
#4413 = ( GEOMETRIC_REPRESENTATION_CONTEXT(2) 
PARAMETRIC_REPRESENTATION_CONTEXT() REPRESENTATION_CONTEXT('2D SPACE',''
  ) );
#4414 = PCURVE('',#3930,#4415);
#4415 = DEFINITIONAL_REPRESENTATION('',(#4416),#4423);
#4416 = B_SPLINE_CURVE_WITH_KNOTS('',5,(#4417,#4418,#4419,#4420,#4421,
    #4422),.UNSPECIFIED.,.F.,.F.,(6,6),(0.,1.),
  .PIECEWISE_BEZIER_KNOTS.);
#4417 = CARTESIAN_POINT('',(2.256117236589,0.831116228846));
#4418 = CARTESIAN_POINT('',(2.270947806882,0.84569622397));
#4419 = CARTESIAN_POINT('',(2.286385149325,0.859937872875));
#4420 = CARTESIAN_POINT('',(2.302459404149,0.873844565216));
#4421 = CARTESIAN_POINT('',(2.319203078912,0.887414690812));
#4422 = CARTESIAN_POINT('',(2.33664959714,0.900641888805));
#4423 = ( GEOMETRIC_REPRESENTATION_CONTEXT(2) 
PARAMETRIC_REPRESENTATION_CONTEXT() REPRESENTATION_CONTEXT('2D SPACE',''
  ) );
#4424 = ORIENTED_EDGE('',*,*,#3769,.F.);
#4425 = ORIENTED_EDGE('',*,*,#1225,.T.);
#4426 = ADVANCED_FACE('',(#4427),#1769,.T.);
#4427 = FACE_BOUND('',#4428,.T.);
#4428 = EDGE_LOOP('',(#4429,#4452,#4453,#4454,#4455));
#4429 = ORIENTED_EDGE('',*,*,#4430,.T.);
#4430 = EDGE_CURVE('',#4431,#1727,#4433,.T.);
#4431 = VERTEX_POINT('',#4432);
#4432 = CARTESIAN_POINT('',(21.5,20.545924363405,25.152127131918));
#4433 = SURFACE_CURVE('',#4434,(#4438,#4445),.PCURVE_S1.);
#4434 = LINE('',#4435,#4436);
#4435 = CARTESIAN_POINT('',(21.5,20.545924363405,25.152127131918));
#4436 = VECTOR('',#4437,1.);
#4437 = DIRECTION('',(0.,0.422618261741,0.906307787037));
#4438 = PCURVE('',#1769,#4439);
#4439 = DEFINITIONAL_REPRESENTATION('',(#4440),#4444);
#4440 = LINE('',#4441,#4442);
#4441 = CARTESIAN_POINT('',(43.,0.));
#4442 = VECTOR('',#4443,1.);
#4443 = DIRECTION('',(0.,1.));
#4444 = ( GEOMETRIC_REPRESENTATION_CONTEXT(2) 
PARAMETRIC_REPRESENTATION_CONTEXT() REPRESENTATION_CONTEXT('2D SPACE',''
  ) );
#4445 = PCURVE('',#1741,#4446);
#4446 = DEFINITIONAL_REPRESENTATION('',(#4447),#4451);
#4447 = LINE('',#4448,#4449);
#4448 = CARTESIAN_POINT('',(4.,-3.774758283726E-15));
#4449 = VECTOR('',#4450,1.);
#4450 = DIRECTION('',(0.,-1.));
#4451 = ( GEOMETRIC_REPRESENTATION_CONTEXT(2) 
PARAMETRIC_REPRESENTATION_CONTEXT() REPRESENTATION_CONTEXT('2D SPACE',''
  ) );
#4452 = ORIENTED_EDGE('',*,*,#1752,.F.);
#4453 = ORIENTED_EDGE('',*,*,#1807,.F.);
#4454 = ORIENTED_EDGE('',*,*,#1931,.T.);
#4455 = ORIENTED_EDGE('',*,*,#4456,.T.);
#4456 = EDGE_CURVE('',#1906,#4431,#4457,.T.);
#4457 = SURFACE_CURVE('',#4458,(#4462,#4469),.PCURVE_S1.);
#4458 = LINE('',#4459,#4460);
#4459 = CARTESIAN_POINT('',(-21.5,20.545924363405,25.152127131918));
#4460 = VECTOR('',#4461,1.);
#4461 = DIRECTION('',(1.,0.,0.));
#4462 = PCURVE('',#1769,#4463);
#4463 = DEFINITIONAL_REPRESENTATION('',(#4464),#4468);
#4464 = LINE('',#4465,#4466);
#4465 = CARTESIAN_POINT('',(0.,0.));
#4466 = VECTOR('',#4467,1.);
#4467 = DIRECTION('',(1.,0.));
#4468 = ( GEOMETRIC_REPRESENTATION_CONTEXT(2) 
PARAMETRIC_REPRESENTATION_CONTEXT() REPRESENTATION_CONTEXT('2D SPACE',''
  ) );
#4469 = PCURVE('',#1920,#4470);
#4470 = DEFINITIONAL_REPRESENTATION('',(#4471),#4475);
#4471 = LINE('',#4472,#4473);
#4472 = CARTESIAN_POINT('',(4.,0.));
#4473 = VECTOR('',#4474,1.);
#4474 = DIRECTION('',(0.,1.));
#4475 = ( GEOMETRIC_REPRESENTATION_CONTEXT(2) 
PARAMETRIC_REPRESENTATION_CONTEXT() REPRESENTATION_CONTEXT('2D SPACE',''
  ) );
#4476 = ADVANCED_FACE('',(#4477),#1741,.T.);
#4477 = FACE_BOUND('',#4478,.T.);
#4478 = EDGE_LOOP('',(#4479,#4480,#4503,#4526,#4556,#4557));
#4479 = ORIENTED_EDGE('',*,*,#4430,.F.);
#4480 = ORIENTED_EDGE('',*,*,#4481,.F.);
#4481 = EDGE_CURVE('',#4482,#4431,#4484,.T.);
#4482 = VERTEX_POINT('',#4483);
#4483 = CARTESIAN_POINT('',(21.5,24.171155511552,23.461654084955));
#4484 = SURFACE_CURVE('',#4485,(#4489,#4496),.PCURVE_S1.);
#4485 = LINE('',#4486,#4487);
#4486 = CARTESIAN_POINT('',(21.5,24.171155511552,23.461654084955));
#4487 = VECTOR('',#4488,1.);
#4488 = DIRECTION('',(0.,-0.906307787037,0.422618261741));
#4489 = PCURVE('',#1741,#4490);
#4490 = DEFINITIONAL_REPRESENTATION('',(#4491),#4495);
#4491 = LINE('',#4492,#4493);
#4492 = CARTESIAN_POINT('',(0.,0.));
#4493 = VECTOR('',#4494,1.);
#4494 = DIRECTION('',(1.,0.));
#4495 = ( GEOMETRIC_REPRESENTATION_CONTEXT(2) 
PARAMETRIC_REPRESENTATION_CONTEXT() REPRESENTATION_CONTEXT('2D SPACE',''
  ) );
#4496 = PCURVE('',#1920,#4497);
#4497 = DEFINITIONAL_REPRESENTATION('',(#4498),#4502);
#4498 = LINE('',#4499,#4500);
#4499 = CARTESIAN_POINT('',(0.,43.));
#4500 = VECTOR('',#4501,1.);
#4501 = DIRECTION('',(1.,0.));
#4502 = ( GEOMETRIC_REPRESENTATION_CONTEXT(2) 
PARAMETRIC_REPRESENTATION_CONTEXT() REPRESENTATION_CONTEXT('2D SPACE',''
  ) );
#4503 = ORIENTED_EDGE('',*,*,#4504,.T.);
#4504 = EDGE_CURVE('',#4482,#4505,#4507,.T.);
#4505 = VERTEX_POINT('',#4506);
#4506 = CARTESIAN_POINT('',(21.5,27.560529594068,30.730190261107));
#4507 = SURFACE_CURVE('',#4508,(#4512,#4519),.PCURVE_S1.);
#4508 = LINE('',#4509,#4510);
#4509 = CARTESIAN_POINT('',(21.5,24.171155511552,23.461654084955));
#4510 = VECTOR('',#4511,1.);
#4511 = DIRECTION('',(0.,0.422618261741,0.906307787037));
#4512 = PCURVE('',#1741,#4513);
#4513 = DEFINITIONAL_REPRESENTATION('',(#4514),#4518);
#4514 = LINE('',#4515,#4516);
#4515 = CARTESIAN_POINT('',(0.,0.));
#4516 = VECTOR('',#4517,1.);
#4517 = DIRECTION('',(0.,-1.));
#4518 = ( GEOMETRIC_REPRESENTATION_CONTEXT(2) 
PARAMETRIC_REPRESENTATION_CONTEXT() REPRESENTATION_CONTEXT('2D SPACE',''
  ) );
#4519 = PCURVE('',#4383,#4520);
#4520 = DEFINITIONAL_REPRESENTATION('',(#4521),#4525);
#4521 = LINE('',#4522,#4523);
#4522 = CARTESIAN_POINT('',(43.,0.));
#4523 = VECTOR('',#4524,1.);
#4524 = DIRECTION('',(0.,1.));
#4525 = ( GEOMETRIC_REPRESENTATION_CONTEXT(2) 
PARAMETRIC_REPRESENTATION_CONTEXT() REPRESENTATION_CONTEXT('2D SPACE',''
  ) );
#4526 = ORIENTED_EDGE('',*,*,#4527,.T.);
#4527 = EDGE_CURVE('',#4505,#3791,#4528,.T.);
#4528 = SURFACE_CURVE('',#4529,(#4536,#4546),.PCURVE_S1.);
#4529 = B_SPLINE_CURVE_WITH_KNOTS('',5,(#4530,#4531,#4532,#4533,#4534,
    #4535),.UNSPECIFIED.,.F.,.F.,(6,6),(0.,1.),
  .PIECEWISE_BEZIER_KNOTS.);
#4530 = CARTESIAN_POINT('',(21.5,27.560529594068,30.730190261107));
#4531 = CARTESIAN_POINT('',(21.5,26.810058128833,31.019476536488));
#4532 = CARTESIAN_POINT('',(21.5,26.054593131279,31.295795021278));
#4533 = CARTESIAN_POINT('',(21.5,25.29464468143,31.559591362634));
#4534 = CARTESIAN_POINT('',(21.5,24.530648323161,31.811248846316));
#4535 = CARTESIAN_POINT('',(21.5,23.762972328459,32.051108756587));
#4536 = PCURVE('',#1741,#4537);
#4537 = DEFINITIONAL_REPRESENTATION('',(#4538),#4545);
#4538 = B_SPLINE_CURVE_WITH_KNOTS('',5,(#4539,#4540,#4541,#4542,#4543,
    #4544),.UNSPECIFIED.,.F.,.F.,(6,6),(0.,1.),
  .PIECEWISE_BEZIER_KNOTS.);
#4539 = CARTESIAN_POINT('',(0.,-8.019942319946));
#4540 = CARTESIAN_POINT('',(0.802415795738,-7.964961777883));
#4541 = CARTESIAN_POINT('',(1.603876843583,-7.896118068278));
#4542 = CARTESIAN_POINT('',(2.404109192666,-7.814030653753));
#4543 = CARTESIAN_POINT('',(3.20288008974,-7.719230977972));
#4544 = CARTESIAN_POINT('',(4.,-7.612183987988));
#4545 = ( GEOMETRIC_REPRESENTATION_CONTEXT(2) 
PARAMETRIC_REPRESENTATION_CONTEXT() REPRESENTATION_CONTEXT('2D SPACE',''
  ) );
#4546 = PCURVE('',#3930,#4547);
#4547 = DEFINITIONAL_REPRESENTATION('',(#4548),#4555);
#4548 = B_SPLINE_CURVE_WITH_KNOTS('',5,(#4549,#4550,#4551,#4552,#4553,
    #4554),.UNSPECIFIED.,.F.,.F.,(6,6),(0.,1.),
  .PIECEWISE_BEZIER_KNOTS.);
#4549 = CARTESIAN_POINT('',(0.921035028039,0.831116228846));
#4550 = CARTESIAN_POINT('',(0.909000855156,0.845696151924));
#4551 = CARTESIAN_POINT('',(0.896363497626,0.859937771175));
#4552 = CARTESIAN_POINT('',(0.883078306354,0.873844471082));
#4553 = CARTESIAN_POINT('',(0.869094415729,0.887414633868));
#4554 = CARTESIAN_POINT('',(0.854353751745,0.900641888805));
#4555 = ( GEOMETRIC_REPRESENTATION_CONTEXT(2) 
PARAMETRIC_REPRESENTATION_CONTEXT() REPRESENTATION_CONTEXT('2D SPACE',''
  ) );
#4556 = ORIENTED_EDGE('',*,*,#4035,.F.);
#4557 = ORIENTED_EDGE('',*,*,#1726,.T.);
#4558 = ADVANCED_FACE('',(#4559),#1920,.F.);
#4559 = FACE_BOUND('',#4560,.F.);
#4560 = EDGE_LOOP('',(#4561,#4562,#4583,#4584,#4585,#4586,#4605,#4606,
    #4627,#4628,#4647,#4648));
#4561 = ORIENTED_EDGE('',*,*,#4481,.F.);
#4562 = ORIENTED_EDGE('',*,*,#4563,.F.);
#4563 = EDGE_CURVE('',#4345,#4482,#4564,.T.);
#4564 = SURFACE_CURVE('',#4565,(#4569,#4576),.PCURVE_S1.);
#4565 = LINE('',#4566,#4567);
#4566 = CARTESIAN_POINT('',(-21.5,24.171155511552,23.461654084955));
#4567 = VECTOR('',#4568,1.);
#4568 = DIRECTION('',(1.,0.,0.));
#4569 = PCURVE('',#1920,#4570);
#4570 = DEFINITIONAL_REPRESENTATION('',(#4571),#4575);
#4571 = LINE('',#4572,#4573);
#4572 = CARTESIAN_POINT('',(0.,0.));
#4573 = VECTOR('',#4574,1.);
#4574 = DIRECTION('',(0.,1.));
#4575 = ( GEOMETRIC_REPRESENTATION_CONTEXT(2) 
PARAMETRIC_REPRESENTATION_CONTEXT() REPRESENTATION_CONTEXT('2D SPACE',''
  ) );
#4576 = PCURVE('',#4383,#4577);
#4577 = DEFINITIONAL_REPRESENTATION('',(#4578),#4582);
#4578 = LINE('',#4579,#4580);
#4579 = CARTESIAN_POINT('',(0.,0.));
#4580 = VECTOR('',#4581,1.);
#4581 = DIRECTION('',(1.,0.));
#4582 = ( GEOMETRIC_REPRESENTATION_CONTEXT(2) 
PARAMETRIC_REPRESENTATION_CONTEXT() REPRESENTATION_CONTEXT('2D SPACE',''
  ) );
#4583 = ORIENTED_EDGE('',*,*,#4344,.T.);
#4584 = ORIENTED_EDGE('',*,*,#4316,.T.);
#4585 = ORIENTED_EDGE('',*,*,#3265,.F.);
#4586 = ORIENTED_EDGE('',*,*,#4587,.F.);
#4587 = EDGE_CURVE('',#2732,#3243,#4588,.T.);
#4588 = SURFACE_CURVE('',#4589,(#4593,#4599),.PCURVE_S1.);
#4589 = LINE('',#4590,#4591);
#4590 = CARTESIAN_POINT('',(-20.55,21.724124486553,24.602723391655));
#4591 = VECTOR('',#4592,1.);
#4592 = DIRECTION('',(-1.,0.,0.));
#4593 = PCURVE('',#1920,#4594);
#4594 = DEFINITIONAL_REPRESENTATION('',(#4595),#4598);
#4595 = B_SPLINE_CURVE_WITH_KNOTS('',1,(#4596,#4597),.UNSPECIFIED.,.F.,
  .F.,(2,2),(-8.15,-0.95),.PIECEWISE_BEZIER_KNOTS.);
#4596 = CARTESIAN_POINT('',(2.7,9.1));
#4597 = CARTESIAN_POINT('',(2.7,1.9));
#4598 = ( GEOMETRIC_REPRESENTATION_CONTEXT(2) 
PARAMETRIC_REPRESENTATION_CONTEXT() REPRESENTATION_CONTEXT('2D SPACE',''
  ) );
#4599 = PCURVE('',#2747,#4600);
#4600 = DEFINITIONAL_REPRESENTATION('',(#4601),#4604);
#4601 = B_SPLINE_CURVE_WITH_KNOTS('',1,(#4602,#4603),.UNSPECIFIED.,.F.,
  .F.,(2,2),(-8.15,-0.95),.PIECEWISE_BEZIER_KNOTS.);
#4602 = CARTESIAN_POINT('',(7.2,15.));
#4603 = CARTESIAN_POINT('',(0.,15.));
#4604 = ( GEOMETRIC_REPRESENTATION_CONTEXT(2) 
PARAMETRIC_REPRESENTATION_CONTEXT() REPRESENTATION_CONTEXT('2D SPACE',''
  ) );
#4605 = ORIENTED_EDGE('',*,*,#2759,.T.);
#4606 = ORIENTED_EDGE('',*,*,#4607,.T.);
#4607 = EDGE_CURVE('',#2760,#2531,#4608,.T.);
#4608 = SURFACE_CURVE('',#4609,(#4613,#4620),.PCURVE_S1.);
#4609 = LINE('',#4610,#4611);
#4610 = CARTESIAN_POINT('',(-21.5,20.545924363405,25.152127131918));
#4611 = VECTOR('',#4612,1.);
#4612 = DIRECTION('',(1.,0.,0.));
#4613 = PCURVE('',#1920,#4614);
#4614 = DEFINITIONAL_REPRESENTATION('',(#4615),#4619);
#4615 = LINE('',#4616,#4617);
#4616 = CARTESIAN_POINT('',(4.,0.));
#4617 = VECTOR('',#4618,1.);
#4618 = DIRECTION('',(0.,1.));
#4619 = ( GEOMETRIC_REPRESENTATION_CONTEXT(2) 
PARAMETRIC_REPRESENTATION_CONTEXT() REPRESENTATION_CONTEXT('2D SPACE',''
  ) );
#4620 = PCURVE('',#2566,#4621);
#4621 = DEFINITIONAL_REPRESENTATION('',(#4622),#4626);
#4622 = LINE('',#4623,#4624);
#4623 = CARTESIAN_POINT('',(0.,0.));
#4624 = VECTOR('',#4625,1.);
#4625 = DIRECTION('',(1.,0.));
#4626 = ( GEOMETRIC_REPRESENTATION_CONTEXT(2) 
PARAMETRIC_REPRESENTATION_CONTEXT() REPRESENTATION_CONTEXT('2D SPACE',''
  ) );
#4627 = ORIENTED_EDGE('',*,*,#2530,.F.);
#4628 = ORIENTED_EDGE('',*,*,#4629,.F.);
#4629 = EDGE_CURVE('',#1878,#2508,#4630,.T.);
#4630 = SURFACE_CURVE('',#4631,(#4635,#4641),.PCURVE_S1.);
#4631 = LINE('',#4632,#4633);
#4632 = CARTESIAN_POINT('',(-4.55,21.724124486553,24.602723391655));
#4633 = VECTOR('',#4634,1.);
#4634 = DIRECTION('',(-1.,0.,0.));
#4635 = PCURVE('',#1920,#4636);
#4636 = DEFINITIONAL_REPRESENTATION('',(#4637),#4640);
#4637 = B_SPLINE_CURVE_WITH_KNOTS('',1,(#4638,#4639),.UNSPECIFIED.,.F.,
  .F.,(2,2),(-24.15,-16.95),.PIECEWISE_BEZIER_KNOTS.);
#4638 = CARTESIAN_POINT('',(2.7,41.1));
#4639 = CARTESIAN_POINT('',(2.7,33.9));
#4640 = ( GEOMETRIC_REPRESENTATION_CONTEXT(2) 
PARAMETRIC_REPRESENTATION_CONTEXT() REPRESENTATION_CONTEXT('2D SPACE',''
  ) );
#4641 = PCURVE('',#1893,#4642);
#4642 = DEFINITIONAL_REPRESENTATION('',(#4643),#4646);
#4643 = B_SPLINE_CURVE_WITH_KNOTS('',1,(#4644,#4645),.UNSPECIFIED.,.F.,
  .F.,(2,2),(-24.15,-16.95),.PIECEWISE_BEZIER_KNOTS.);
#4644 = CARTESIAN_POINT('',(7.2,15.));
#4645 = CARTESIAN_POINT('',(0.,15.));
#4646 = ( GEOMETRIC_REPRESENTATION_CONTEXT(2) 
PARAMETRIC_REPRESENTATION_CONTEXT() REPRESENTATION_CONTEXT('2D SPACE',''
  ) );
#4647 = ORIENTED_EDGE('',*,*,#1905,.T.);
#4648 = ORIENTED_EDGE('',*,*,#4456,.T.);
#4649 = ADVANCED_FACE('',(#4650),#1893,.F.);
#4650 = FACE_BOUND('',#4651,.F.);
#4651 = EDGE_LOOP('',(#4652,#4653,#4654,#4655,#4656,#4677,#4705,#4726));
#4652 = ORIENTED_EDGE('',*,*,#2197,.F.);
#4653 = ORIENTED_EDGE('',*,*,#1877,.T.);
#4654 = ORIENTED_EDGE('',*,*,#4629,.T.);
#4655 = ORIENTED_EDGE('',*,*,#2507,.T.);
#4656 = ORIENTED_EDGE('',*,*,#4657,.F.);
#4657 = EDGE_CURVE('',#4658,#2482,#4660,.T.);
#4658 = VERTEX_POINT('',#4659);
#4659 = CARTESIAN_POINT('',(19.6,15.940639587046,12.2));
#4660 = SURFACE_CURVE('',#4661,(#4665,#4671),.PCURVE_S1.);
#4661 = LINE('',#4662,#4663);
#4662 = CARTESIAN_POINT('',(-43.8,15.940639587046,12.2));
#4663 = VECTOR('',#4664,1.);
#4664 = DIRECTION('',(-1.,0.,0.));
#4665 = PCURVE('',#1893,#4666);
#4666 = DEFINITIONAL_REPRESENTATION('',(#4667),#4670);
#4667 = B_SPLINE_CURVE_WITH_KNOTS('',1,(#4668,#4669),.UNSPECIFIED.,.F.,
  .F.,(2,2),(-63.4,-56.2),.PIECEWISE_BEZIER_KNOTS.);
#4668 = CARTESIAN_POINT('',(7.2,1.315108874648));
#4669 = CARTESIAN_POINT('',(0.,1.315108874648));
#4670 = ( GEOMETRIC_REPRESENTATION_CONTEXT(2) 
PARAMETRIC_REPRESENTATION_CONTEXT() REPRESENTATION_CONTEXT('2D SPACE',''
  ) );
#4671 = PCURVE('',#2496,#4672);
#4672 = DEFINITIONAL_REPRESENTATION('',(#4673),#4676);
#4673 = B_SPLINE_CURVE_WITH_KNOTS('',1,(#4674,#4675),.UNSPECIFIED.,.F.,
  .F.,(2,2),(-63.4,-56.2),.PIECEWISE_BEZIER_KNOTS.);
#4674 = CARTESIAN_POINT('',(119.6,115.94063958704));
#4675 = CARTESIAN_POINT('',(112.4,115.94063958704));
#4676 = ( GEOMETRIC_REPRESENTATION_CONTEXT(2) 
PARAMETRIC_REPRESENTATION_CONTEXT() REPRESENTATION_CONTEXT('2D SPACE',''
  ) );
#4677 = ORIENTED_EDGE('',*,*,#4678,.T.);
#4678 = EDGE_CURVE('',#4658,#4679,#4681,.T.);
#4679 = VERTEX_POINT('',#4680);
#4680 = CARTESIAN_POINT('',(19.6,18.17891634619,17.));
#4681 = SURFACE_CURVE('',#4682,(#4686,#4693),.PCURVE_S1.);
#4682 = LINE('',#4683,#4684);
#4683 = CARTESIAN_POINT('',(19.6,15.384850560442,11.008106586105));
#4684 = VECTOR('',#4685,1.);
#4685 = DIRECTION('',(0.,0.422618261741,0.906307787037));
#4686 = PCURVE('',#1893,#4687);
#4687 = DEFINITIONAL_REPRESENTATION('',(#4688),#4692);
#4688 = LINE('',#4689,#4690);
#4689 = CARTESIAN_POINT('',(7.2,0.));
#4690 = VECTOR('',#4691,1.);
#4691 = DIRECTION('',(0.,1.));
#4692 = ( GEOMETRIC_REPRESENTATION_CONTEXT(2) 
PARAMETRIC_REPRESENTATION_CONTEXT() REPRESENTATION_CONTEXT('2D SPACE',''
  ) );
#4693 = PCURVE('',#4694,#4699);
#4694 = PLANE('',#4695);
#4695 = AXIS2_PLACEMENT_3D('',#4696,#4697,#4698);
#4696 = CARTESIAN_POINT('',(19.6,15.384850560442,11.008106586105));
#4697 = DIRECTION('',(1.,0.,0.));
#4698 = DIRECTION('',(0.,-0.906307787037,0.422618261741));
#4699 = DEFINITIONAL_REPRESENTATION('',(#4700),#4704);
#4700 = LINE('',#4701,#4702);
#4701 = CARTESIAN_POINT('',(0.,0.));
#4702 = VECTOR('',#4703,1.);
#4703 = DIRECTION('',(0.,-1.));
#4704 = ( GEOMETRIC_REPRESENTATION_CONTEXT(2) 
PARAMETRIC_REPRESENTATION_CONTEXT() REPRESENTATION_CONTEXT('2D SPACE',''
  ) );
#4705 = ORIENTED_EDGE('',*,*,#4706,.T.);
#4706 = EDGE_CURVE('',#4679,#4707,#4709,.T.);
#4707 = VERTEX_POINT('',#4708);
#4708 = CARTESIAN_POINT('',(14.,18.17891634619,17.));
#4709 = SURFACE_CURVE('',#4710,(#4714,#4720),.PCURVE_S1.);
#4710 = LINE('',#4711,#4712);
#4711 = CARTESIAN_POINT('',(13.2,18.17891634619,17.));
#4712 = VECTOR('',#4713,1.);
#4713 = DIRECTION('',(-1.,0.,0.));
#4714 = PCURVE('',#1893,#4715);
#4715 = DEFINITIONAL_REPRESENTATION('',(#4716),#4719);
#4716 = B_SPLINE_CURVE_WITH_KNOTS('',1,(#4717,#4718),.UNSPECIFIED.,.F.,
  .F.,(2,2),(-6.4,-0.8),.PIECEWISE_BEZIER_KNOTS.);
#4717 = CARTESIAN_POINT('',(7.2,6.611322885668));
#4718 = CARTESIAN_POINT('',(1.6,6.611322885668));
#4719 = ( GEOMETRIC_REPRESENTATION_CONTEXT(2) 
PARAMETRIC_REPRESENTATION_CONTEXT() REPRESENTATION_CONTEXT('2D SPACE',''
  ) );
#4720 = PCURVE('',#2414,#4721);
#4721 = DEFINITIONAL_REPRESENTATION('',(#4722),#4725);
#4722 = B_SPLINE_CURVE_WITH_KNOTS('',1,(#4723,#4724),.UNSPECIFIED.,.F.,
  .F.,(2,2),(-6.4,-0.8),.PIECEWISE_BEZIER_KNOTS.);
#4723 = CARTESIAN_POINT('',(5.6,6.17891634619));
#4724 = CARTESIAN_POINT('',(0.,6.17891634619));
#4725 = ( GEOMETRIC_REPRESENTATION_CONTEXT(2) 
PARAMETRIC_REPRESENTATION_CONTEXT() REPRESENTATION_CONTEXT('2D SPACE',''
  ) );
#4726 = ORIENTED_EDGE('',*,*,#4727,.T.);
#4727 = EDGE_CURVE('',#4707,#2170,#4728,.T.);
#4728 = SURFACE_CURVE('',#4729,(#4733,#4739),.PCURVE_S1.);
#4729 = LINE('',#4730,#4731);
#4730 = CARTESIAN_POINT('',(14.,16.230087083924,12.820722160179));
#4731 = VECTOR('',#4732,1.);
#4732 = DIRECTION('',(-0.,0.422618261741,0.906307787037));
#4733 = PCURVE('',#1893,#4734);
#4734 = DEFINITIONAL_REPRESENTATION('',(#4735),#4738);
#4735 = B_SPLINE_CURVE_WITH_KNOTS('',1,(#4736,#4737),.UNSPECIFIED.,.F.,
  .F.,(2,2),(4.611322885668,7.921456642555),.PIECEWISE_BEZIER_KNOTS.);
#4736 = CARTESIAN_POINT('',(1.6,6.611322885668));
#4737 = CARTESIAN_POINT('',(1.6,9.921456642555));
#4738 = ( GEOMETRIC_REPRESENTATION_CONTEXT(2) 
PARAMETRIC_REPRESENTATION_CONTEXT() REPRESENTATION_CONTEXT('2D SPACE',''
  ) );
#4739 = PCURVE('',#2185,#4740);
#4740 = DEFINITIONAL_REPRESENTATION('',(#4741),#4744);
#4741 = B_SPLINE_CURVE_WITH_KNOTS('',1,(#4742,#4743),.UNSPECIFIED.,.F.,
  .F.,(2,2),(4.611322885668,7.921456642555),.PIECEWISE_BEZIER_KNOTS.);
#4742 = CARTESIAN_POINT('',(0.,-6.17891634619));
#4743 = CARTESIAN_POINT('',(3.,-7.577839320655));
#4744 = ( GEOMETRIC_REPRESENTATION_CONTEXT(2) 
PARAMETRIC_REPRESENTATION_CONTEXT() REPRESENTATION_CONTEXT('2D SPACE',''
  ) );
#4745 = ADVANCED_FACE('',(#4746,#4793),#1993,.T.);
#4746 = FACE_BOUND('',#4747,.T.);
#4747 = EDGE_LOOP('',(#4748,#4769,#4790,#4791,#4792));
#4748 = ORIENTED_EDGE('',*,*,#4749,.T.);
#4749 = EDGE_CURVE('',#2369,#4750,#4752,.T.);
#4750 = VERTEX_POINT('',#4751);
#4751 = CARTESIAN_POINT('',(21.7,13.324053502755,17.));
#4752 = SURFACE_CURVE('',#4753,(#4757,#4763),.PCURVE_S1.);
#4753 = LINE('',#4754,#4755);
#4754 = CARTESIAN_POINT('',(-3.85,13.324053502755,17.));
#4755 = VECTOR('',#4756,1.);
#4756 = DIRECTION('',(1.,0.,-0.));
#4757 = PCURVE('',#1993,#4758);
#4758 = DEFINITIONAL_REPRESENTATION('',(#4759),#4762);
#4759 = B_SPLINE_CURVE_WITH_KNOTS('',1,(#4760,#4761),.UNSPECIFIED.,.F.,
  .F.,(2,2),(17.85,25.55),.PIECEWISE_BEZIER_KNOTS.);
#4760 = CARTESIAN_POINT('',(35.7,4.959569189786));
#4761 = CARTESIAN_POINT('',(43.4,4.959569189786));
#4762 = ( GEOMETRIC_REPRESENTATION_CONTEXT(2) 
PARAMETRIC_REPRESENTATION_CONTEXT() REPRESENTATION_CONTEXT('2D SPACE',''
  ) );
#4763 = PCURVE('',#2414,#4764);
#4764 = DEFINITIONAL_REPRESENTATION('',(#4765),#4768);
#4765 = B_SPLINE_CURVE_WITH_KNOTS('',1,(#4766,#4767),.UNSPECIFIED.,.F.,
  .F.,(2,2),(17.85,25.55),.PIECEWISE_BEZIER_KNOTS.);
#4766 = CARTESIAN_POINT('',(0.,1.324053502755));
#4767 = CARTESIAN_POINT('',(7.7,1.324053502755));
#4768 = ( GEOMETRIC_REPRESENTATION_CONTEXT(2) 
PARAMETRIC_REPRESENTATION_CONTEXT() REPRESENTATION_CONTEXT('2D SPACE',''
  ) );
#4769 = ORIENTED_EDGE('',*,*,#4770,.T.);
#4770 = EDGE_CURVE('',#4750,#1978,#4771,.T.);
#4771 = SURFACE_CURVE('',#4772,(#4776,#4783),.PCURVE_S1.);
#4772 = LINE('',#4773,#4774);
#4773 = CARTESIAN_POINT('',(21.7,11.228048992785,12.50510382295));
#4774 = VECTOR('',#4775,1.);
#4775 = DIRECTION('',(0.,0.422618261741,0.906307787037));
#4776 = PCURVE('',#1993,#4777);
#4777 = DEFINITIONAL_REPRESENTATION('',(#4778),#4782);
#4778 = LINE('',#4779,#4780);
#4779 = CARTESIAN_POINT('',(43.4,0.));
#4780 = VECTOR('',#4781,1.);
#4781 = DIRECTION('',(0.,1.));
#4782 = ( GEOMETRIC_REPRESENTATION_CONTEXT(2) 
PARAMETRIC_REPRESENTATION_CONTEXT() REPRESENTATION_CONTEXT('2D SPACE',''
  ) );
#4783 = PCURVE('',#2020,#4784);
#4784 = DEFINITIONAL_REPRESENTATION('',(#4785),#4789);
#4785 = LINE('',#4786,#4787);
#4786 = CARTESIAN_POINT('',(0.,0.));
#4787 = VECTOR('',#4788,1.);
#4788 = DIRECTION('',(0.,-1.));
#4789 = ( GEOMETRIC_REPRESENTATION_CONTEXT(2) 
PARAMETRIC_REPRESENTATION_CONTEXT() REPRESENTATION_CONTEXT('2D SPACE',''
  ) );
#4790 = ORIENTED_EDGE('',*,*,#1977,.F.);
#4791 = ORIENTED_EDGE('',*,*,#2258,.T.);
#4792 = ORIENTED_EDGE('',*,*,#2368,.F.);
#4793 = FACE_BOUND('',#4794,.T.);
#4794 = EDGE_LOOP('',(#4795,#4830,#4856));
#4795 = ORIENTED_EDGE('',*,*,#4796,.T.);
#4796 = EDGE_CURVE('',#4797,#4799,#4801,.T.);
#4797 = VERTEX_POINT('',#4798);
#4798 = CARTESIAN_POINT('',(17.75,13.087569344444,16.492858085911));
#4799 = VERTEX_POINT('',#4800);
#4800 = CARTESIAN_POINT('',(14.341873852253,13.324053502755,17.));
#4801 = SURFACE_CURVE('',#4802,(#4807,#4818),.PCURVE_S1.);
#4802 = CIRCLE('',#4803,1.75);
#4803 = AXIS2_PLACEMENT_3D('',#4804,#4805,#4806);
#4804 = CARTESIAN_POINT('',(16.,13.087569344444,16.492858085911));
#4805 = DIRECTION('',(0.,0.906307787037,-0.422618261741));
#4806 = DIRECTION('',(1.,0.,0.));
#4807 = PCURVE('',#1993,#4808);
#4808 = DEFINITIONAL_REPRESENTATION('',(#4809),#4817);
#4809 = ( BOUNDED_CURVE() B_SPLINE_CURVE(2,(#4810,#4811,#4812,#4813,
#4814,#4815,#4816),.UNSPECIFIED.,.T.,.F.) B_SPLINE_CURVE_WITH_KNOTS((1,2
    ,2,2,2,1),(-2.094395102393,0.,2.094395102393,4.188790204786,
6.28318530718,8.377580409573),.UNSPECIFIED.) CURVE() 
GEOMETRIC_REPRESENTATION_ITEM() RATIONAL_B_SPLINE_CURVE((1.,0.5,1.,0.5,
1.,0.5,1.)) REPRESENTATION_ITEM('') );
#4810 = CARTESIAN_POINT('',(39.45,4.4));
#4811 = CARTESIAN_POINT('',(39.45,1.368911086754));
#4812 = CARTESIAN_POINT('',(36.825,2.884455543377));
#4813 = CARTESIAN_POINT('',(34.2,4.4));
#4814 = CARTESIAN_POINT('',(36.825,5.915544456623));
#4815 = CARTESIAN_POINT('',(39.45,7.431088913246));
#4816 = CARTESIAN_POINT('',(39.45,4.4));
#4817 = ( GEOMETRIC_REPRESENTATION_CONTEXT(2) 
PARAMETRIC_REPRESENTATION_CONTEXT() REPRESENTATION_CONTEXT('2D SPACE',''
  ) );
#4818 = PCURVE('',#4819,#4824);
#4819 = CYLINDRICAL_SURFACE('',#4820,1.75);
#4820 = AXIS2_PLACEMENT_3D('',#4821,#4822,#4823);
#4821 = CARTESIAN_POINT('',(16.,15.897123484258,15.182741474515));
#4822 = DIRECTION('',(-0.,0.906307787037,-0.422618261741));
#4823 = DIRECTION('',(1.,0.,0.));
#4824 = DEFINITIONAL_REPRESENTATION('',(#4825),#4829);
#4825 = LINE('',#4826,#4827);
#4826 = CARTESIAN_POINT('',(-6.28318530718,-3.1));
#4827 = VECTOR('',#4828,1.);
#4828 = DIRECTION('',(1.,-0.));
#4829 = ( GEOMETRIC_REPRESENTATION_CONTEXT(2) 
PARAMETRIC_REPRESENTATION_CONTEXT() REPRESENTATION_CONTEXT('2D SPACE',''
  ) );
#4830 = ORIENTED_EDGE('',*,*,#4831,.T.);
#4831 = EDGE_CURVE('',#4799,#4832,#4834,.T.);
#4832 = VERTEX_POINT('',#4833);
#4833 = CARTESIAN_POINT('',(17.658126147747,13.324053502755,17.));
#4834 = SURFACE_CURVE('',#4835,(#4839,#4845),.PCURVE_S1.);
#4835 = LINE('',#4836,#4837);
#4836 = CARTESIAN_POINT('',(-3.85,13.324053502755,17.));
#4837 = VECTOR('',#4838,1.);
#4838 = DIRECTION('',(1.,0.,-0.));
#4839 = PCURVE('',#1993,#4840);
#4840 = DEFINITIONAL_REPRESENTATION('',(#4841),#4844);
#4841 = B_SPLINE_CURVE_WITH_KNOTS('',1,(#4842,#4843),.UNSPECIFIED.,.F.,
  .F.,(2,2),(17.85,25.55),.PIECEWISE_BEZIER_KNOTS.);
#4842 = CARTESIAN_POINT('',(35.7,4.959569189786));
#4843 = CARTESIAN_POINT('',(43.4,4.959569189786));
#4844 = ( GEOMETRIC_REPRESENTATION_CONTEXT(2) 
PARAMETRIC_REPRESENTATION_CONTEXT() REPRESENTATION_CONTEXT('2D SPACE',''
  ) );
#4845 = PCURVE('',#4846,#4851);
#4846 = PLANE('',#4847);
#4847 = AXIS2_PLACEMENT_3D('',#4848,#4849,#4850);
#4848 = CARTESIAN_POINT('',(14.,12.,17.));
#4849 = DIRECTION('',(0.,0.,1.));
#4850 = DIRECTION('',(1.,0.,0.));
#4851 = DEFINITIONAL_REPRESENTATION('',(#4852),#4855);
#4852 = B_SPLINE_CURVE_WITH_KNOTS('',1,(#4853,#4854),.UNSPECIFIED.,.F.,
  .F.,(2,2),(17.85,25.55),.PIECEWISE_BEZIER_KNOTS.);
#4853 = CARTESIAN_POINT('',(0.,1.324053502755));
#4854 = CARTESIAN_POINT('',(7.7,1.324053502755));
#4855 = ( GEOMETRIC_REPRESENTATION_CONTEXT(2) 
PARAMETRIC_REPRESENTATION_CONTEXT() REPRESENTATION_CONTEXT('2D SPACE',''
  ) );
#4856 = ORIENTED_EDGE('',*,*,#4857,.T.);
#4857 = EDGE_CURVE('',#4832,#4797,#4858,.T.);
#4858 = SURFACE_CURVE('',#4859,(#4864,#4875),.PCURVE_S1.);
#4859 = CIRCLE('',#4860,1.75);
#4860 = AXIS2_PLACEMENT_3D('',#4861,#4862,#4863);
#4861 = CARTESIAN_POINT('',(16.,13.087569344444,16.492858085911));
#4862 = DIRECTION('',(0.,0.906307787037,-0.422618261741));
#4863 = DIRECTION('',(1.,0.,0.));
#4864 = PCURVE('',#1993,#4865);
#4865 = DEFINITIONAL_REPRESENTATION('',(#4866),#4874);
#4866 = ( BOUNDED_CURVE() B_SPLINE_CURVE(2,(#4867,#4868,#4869,#4870,
#4871,#4872,#4873),.UNSPECIFIED.,.T.,.F.) B_SPLINE_CURVE_WITH_KNOTS((1,2
    ,2,2,2,1),(-2.094395102393,0.,2.094395102393,4.188790204786,
6.28318530718,8.377580409573),.UNSPECIFIED.) CURVE() 
GEOMETRIC_REPRESENTATION_ITEM() RATIONAL_B_SPLINE_CURVE((1.,0.5,1.,0.5,
1.,0.5,1.)) REPRESENTATION_ITEM('') );
#4867 = CARTESIAN_POINT('',(39.45,4.4));
#4868 = CARTESIAN_POINT('',(39.45,1.368911086754));
#4869 = CARTESIAN_POINT('',(36.825,2.884455543377));
#4870 = CARTESIAN_POINT('',(34.2,4.4));
#4871 = CARTESIAN_POINT('',(36.825,5.915544456623));
#4872 = CARTESIAN_POINT('',(39.45,7.431088913246));
#4873 = CARTESIAN_POINT('',(39.45,4.4));
#4874 = ( GEOMETRIC_REPRESENTATION_CONTEXT(2) 
PARAMETRIC_REPRESENTATION_CONTEXT() REPRESENTATION_CONTEXT('2D SPACE',''
  ) );
#4875 = PCURVE('',#4819,#4876);
#4876 = DEFINITIONAL_REPRESENTATION('',(#4877),#4881);
#4877 = LINE('',#4878,#4879);
#4878 = CARTESIAN_POINT('',(-6.28318530718,-3.1));
#4879 = VECTOR('',#4880,1.);
#4880 = DIRECTION('',(1.,-0.));
#4881 = ( GEOMETRIC_REPRESENTATION_CONTEXT(2) 
PARAMETRIC_REPRESENTATION_CONTEXT() REPRESENTATION_CONTEXT('2D SPACE',''
  ) );
#4882 = ADVANCED_FACE('',(#4883),#2020,.F.);
#4883 = FACE_BOUND('',#4884,.F.);
#4884 = EDGE_LOOP('',(#4885,#4906,#4907,#4908));
#4885 = ORIENTED_EDGE('',*,*,#4886,.T.);
#4886 = EDGE_CURVE('',#4887,#4750,#4889,.T.);
#4887 = VERTEX_POINT('',#4888);
#4888 = CARTESIAN_POINT('',(21.7,12.,17.));
#4889 = SURFACE_CURVE('',#4890,(#4894,#4900),.PCURVE_S1.);
#4890 = LINE('',#4891,#4892);
#4891 = CARTESIAN_POINT('',(21.7,11.614024496392,17.));
#4892 = VECTOR('',#4893,1.);
#4893 = DIRECTION('',(0.,1.,0.));
#4894 = PCURVE('',#2020,#4895);
#4895 = DEFINITIONAL_REPRESENTATION('',(#4896),#4899);
#4896 = B_SPLINE_CURVE_WITH_KNOTS('',1,(#4897,#4898),.UNSPECIFIED.,.F.,
  .F.,(2,2),(0.385975503608,1.710029006363),.PIECEWISE_BEZIER_KNOTS.);
#4897 = CARTESIAN_POINT('',(1.2,-4.4));
#4898 = CARTESIAN_POINT('',(-6.883382752676E-15,-4.959569189786));
#4899 = ( GEOMETRIC_REPRESENTATION_CONTEXT(2) 
PARAMETRIC_REPRESENTATION_CONTEXT() REPRESENTATION_CONTEXT('2D SPACE',''
  ) );
#4900 = PCURVE('',#2414,#4901);
#4901 = DEFINITIONAL_REPRESENTATION('',(#4902),#4905);
#4902 = B_SPLINE_CURVE_WITH_KNOTS('',1,(#4903,#4904),.UNSPECIFIED.,.F.,
  .F.,(2,2),(0.385975503608,1.710029006363),.PIECEWISE_BEZIER_KNOTS.);
#4903 = CARTESIAN_POINT('',(7.7,0.));
#4904 = CARTESIAN_POINT('',(7.7,1.324053502755));
#4905 = ( GEOMETRIC_REPRESENTATION_CONTEXT(2) 
PARAMETRIC_REPRESENTATION_CONTEXT() REPRESENTATION_CONTEXT('2D SPACE',''
  ) );
#4906 = ORIENTED_EDGE('',*,*,#4770,.T.);
#4907 = ORIENTED_EDGE('',*,*,#2004,.F.);
#4908 = ORIENTED_EDGE('',*,*,#4909,.T.);
#4909 = EDGE_CURVE('',#2005,#4887,#4910,.T.);
#4910 = SURFACE_CURVE('',#4911,(#4915,#4921),.PCURVE_S1.);
#4911 = LINE('',#4912,#4913);
#4912 = CARTESIAN_POINT('',(21.7,12.,14.752551911475));
#4913 = VECTOR('',#4914,1.);
#4914 = DIRECTION('',(0.,0.,-1.));
#4915 = PCURVE('',#2020,#4916);
#4916 = DEFINITIONAL_REPRESENTATION('',(#4917),#4920);
#4917 = B_SPLINE_CURVE_WITH_KNOTS('',1,(#4918,#4919),.UNSPECIFIED.,.F.,
  .F.,(2,2),(-5.247448088525,-2.247448088525),.PIECEWISE_BEZIER_KNOTS.);
#4918 = CARTESIAN_POINT('',(2.467854785222,-7.11892336111));
#4919 = CARTESIAN_POINT('',(1.2,-4.4));
#4920 = ( GEOMETRIC_REPRESENTATION_CONTEXT(2) 
PARAMETRIC_REPRESENTATION_CONTEXT() REPRESENTATION_CONTEXT('2D SPACE',''
  ) );
#4921 = PCURVE('',#2047,#4922);
#4922 = DEFINITIONAL_REPRESENTATION('',(#4923),#4926);
#4923 = B_SPLINE_CURVE_WITH_KNOTS('',1,(#4924,#4925),.UNSPECIFIED.,.F.,
  .F.,(2,2),(-5.247448088525,-2.247448088525),.PIECEWISE_BEZIER_KNOTS.);
#4924 = CARTESIAN_POINT('',(3.,7.7));
#4925 = CARTESIAN_POINT('',(0.,7.7));
#4926 = ( GEOMETRIC_REPRESENTATION_CONTEXT(2) 
PARAMETRIC_REPRESENTATION_CONTEXT() REPRESENTATION_CONTEXT('2D SPACE',''
  ) );
#4927 = ADVANCED_FACE('',(#4928),#2047,.F.);
#4928 = FACE_BOUND('',#4929,.F.);
#4929 = EDGE_LOOP('',(#4930,#4953,#4954,#4955));
#4930 = ORIENTED_EDGE('',*,*,#4931,.F.);
#4931 = EDGE_CURVE('',#4887,#4932,#4934,.T.);
#4932 = VERTEX_POINT('',#4933);
#4933 = CARTESIAN_POINT('',(29.2,12.,17.));
#4934 = SURFACE_CURVE('',#4935,(#4939,#4946),.PCURVE_S1.);
#4935 = LINE('',#4936,#4937);
#4936 = CARTESIAN_POINT('',(14.,12.,17.));
#4937 = VECTOR('',#4938,1.);
#4938 = DIRECTION('',(1.,0.,0.));
#4939 = PCURVE('',#2047,#4940);
#4940 = DEFINITIONAL_REPRESENTATION('',(#4941),#4945);
#4941 = LINE('',#4942,#4943);
#4942 = CARTESIAN_POINT('',(0.,0.));
#4943 = VECTOR('',#4944,1.);
#4944 = DIRECTION('',(0.,1.));
#4945 = ( GEOMETRIC_REPRESENTATION_CONTEXT(2) 
PARAMETRIC_REPRESENTATION_CONTEXT() REPRESENTATION_CONTEXT('2D SPACE',''
  ) );
#4946 = PCURVE('',#2414,#4947);
#4947 = DEFINITIONAL_REPRESENTATION('',(#4948),#4952);
#4948 = LINE('',#4949,#4950);
#4949 = CARTESIAN_POINT('',(0.,0.));
#4950 = VECTOR('',#4951,1.);
#4951 = DIRECTION('',(1.,0.));
#4952 = ( GEOMETRIC_REPRESENTATION_CONTEXT(2) 
PARAMETRIC_REPRESENTATION_CONTEXT() REPRESENTATION_CONTEXT('2D SPACE',''
  ) );
#4953 = ORIENTED_EDGE('',*,*,#4909,.F.);
#4954 = ORIENTED_EDGE('',*,*,#2031,.T.);
#4955 = ORIENTED_EDGE('',*,*,#4956,.T.);
#4956 = EDGE_CURVE('',#2032,#4932,#4957,.T.);
#4957 = SURFACE_CURVE('',#4958,(#4962,#4968),.PCURVE_S1.);
#4958 = LINE('',#4959,#4960);
#4959 = CARTESIAN_POINT('',(29.2,12.,12.75));
#4960 = VECTOR('',#4961,1.);
#4961 = DIRECTION('',(0.,0.,-1.));
#4962 = PCURVE('',#2047,#4963);
#4963 = DEFINITIONAL_REPRESENTATION('',(#4964),#4967);
#4964 = B_SPLINE_CURVE_WITH_KNOTS('',1,(#4965,#4966),.UNSPECIFIED.,.F.,
  .F.,(2,2),(-7.25,-4.25),.PIECEWISE_BEZIER_KNOTS.);
#4965 = CARTESIAN_POINT('',(3.,15.2));
#4966 = CARTESIAN_POINT('',(0.,15.2));
#4967 = ( GEOMETRIC_REPRESENTATION_CONTEXT(2) 
PARAMETRIC_REPRESENTATION_CONTEXT() REPRESENTATION_CONTEXT('2D SPACE',''
  ) );
#4968 = PCURVE('',#2075,#4969);
#4969 = DEFINITIONAL_REPRESENTATION('',(#4970),#4973);
#4970 = B_SPLINE_CURVE_WITH_KNOTS('',1,(#4971,#4972),.UNSPECIFIED.,.F.,
  .F.,(2,2),(-7.25,-4.25),.PIECEWISE_BEZIER_KNOTS.);
#4971 = CARTESIAN_POINT('',(11.5,-6.3));
#4972 = CARTESIAN_POINT('',(8.5,-6.3));
#4973 = ( GEOMETRIC_REPRESENTATION_CONTEXT(2) 
PARAMETRIC_REPRESENTATION_CONTEXT() REPRESENTATION_CONTEXT('2D SPACE',''
  ) );
#4974 = ADVANCED_FACE('',(#4975),#2075,.T.);
#4975 = FACE_BOUND('',#4976,.T.);
#4976 = EDGE_LOOP('',(#4977,#5000,#5001,#5002));
#4977 = ORIENTED_EDGE('',*,*,#4978,.T.);
#4978 = EDGE_CURVE('',#4979,#2060,#4981,.T.);
#4979 = VERTEX_POINT('',#4980);
#4980 = CARTESIAN_POINT('',(29.2,14.3,17.));
#4981 = SURFACE_CURVE('',#4982,(#4986,#4993),.PCURVE_S1.);
#4982 = LINE('',#4983,#4984);
#4983 = CARTESIAN_POINT('',(29.2,14.3,8.5));
#4984 = VECTOR('',#4985,1.);
#4985 = DIRECTION('',(0.,0.,1.));
#4986 = PCURVE('',#2075,#4987);
#4987 = DEFINITIONAL_REPRESENTATION('',(#4988),#4992);
#4988 = LINE('',#4989,#4990);
#4989 = CARTESIAN_POINT('',(0.,-8.6));
#4990 = VECTOR('',#4991,1.);
#4991 = DIRECTION('',(1.,0.));
#4992 = ( GEOMETRIC_REPRESENTATION_CONTEXT(2) 
PARAMETRIC_REPRESENTATION_CONTEXT() REPRESENTATION_CONTEXT('2D SPACE',''
  ) );
#4993 = PCURVE('',#2102,#4994);
#4994 = DEFINITIONAL_REPRESENTATION('',(#4995),#4999);
#4995 = LINE('',#4996,#4997);
#4996 = CARTESIAN_POINT('',(0.,0.));
#4997 = VECTOR('',#4998,1.);
#4998 = DIRECTION('',(1.,0.));
#4999 = ( GEOMETRIC_REPRESENTATION_CONTEXT(2) 
PARAMETRIC_REPRESENTATION_CONTEXT() REPRESENTATION_CONTEXT('2D SPACE',''
  ) );
#5000 = ORIENTED_EDGE('',*,*,#2059,.F.);
#5001 = ORIENTED_EDGE('',*,*,#4956,.T.);
#5002 = ORIENTED_EDGE('',*,*,#5003,.T.);
#5003 = EDGE_CURVE('',#4932,#4979,#5004,.T.);
#5004 = SURFACE_CURVE('',#5005,(#5009,#5015),.PCURVE_S1.);
#5005 = LINE('',#5006,#5007);
#5006 = CARTESIAN_POINT('',(29.2,8.85,17.));
#5007 = VECTOR('',#5008,1.);
#5008 = DIRECTION('',(0.,1.,0.));
#5009 = PCURVE('',#2075,#5010);
#5010 = DEFINITIONAL_REPRESENTATION('',(#5011),#5014);
#5011 = B_SPLINE_CURVE_WITH_KNOTS('',1,(#5012,#5013),.UNSPECIFIED.,.F.,
  .F.,(2,2),(3.15,5.45),.PIECEWISE_BEZIER_KNOTS.);
#5012 = CARTESIAN_POINT('',(8.5,-6.3));
#5013 = CARTESIAN_POINT('',(8.5,-8.6));
#5014 = ( GEOMETRIC_REPRESENTATION_CONTEXT(2) 
PARAMETRIC_REPRESENTATION_CONTEXT() REPRESENTATION_CONTEXT('2D SPACE',''
  ) );
#5015 = PCURVE('',#2414,#5016);
#5016 = DEFINITIONAL_REPRESENTATION('',(#5017),#5020);
#5017 = B_SPLINE_CURVE_WITH_KNOTS('',1,(#5018,#5019),.UNSPECIFIED.,.F.,
  .F.,(2,2),(3.15,5.45),.PIECEWISE_BEZIER_KNOTS.);
#5018 = CARTESIAN_POINT('',(15.2,0.));
#5019 = CARTESIAN_POINT('',(15.2,2.3));
#5020 = ( GEOMETRIC_REPRESENTATION_CONTEXT(2) 
PARAMETRIC_REPRESENTATION_CONTEXT() REPRESENTATION_CONTEXT('2D SPACE',''
  ) );
#5021 = ADVANCED_FACE('',(#5022),#2102,.F.);
#5022 = FACE_BOUND('',#5023,.F.);
#5023 = EDGE_LOOP('',(#5024,#5045,#5046,#5047));
#5024 = ORIENTED_EDGE('',*,*,#5025,.T.);
#5025 = EDGE_CURVE('',#5026,#4979,#5028,.T.);
#5026 = VERTEX_POINT('',#5027);
#5027 = CARTESIAN_POINT('',(30.,14.3,17.));
#5028 = SURFACE_CURVE('',#5029,(#5033,#5039),.PCURVE_S1.);
#5029 = LINE('',#5030,#5031);
#5030 = CARTESIAN_POINT('',(21.6,14.3,17.));
#5031 = VECTOR('',#5032,1.);
#5032 = DIRECTION('',(-1.,0.,0.));
#5033 = PCURVE('',#2102,#5034);
#5034 = DEFINITIONAL_REPRESENTATION('',(#5035),#5038);
#5035 = B_SPLINE_CURVE_WITH_KNOTS('',1,(#5036,#5037),.UNSPECIFIED.,.F.,
  .F.,(2,2),(-8.4,-7.6),.PIECEWISE_BEZIER_KNOTS.);
#5036 = CARTESIAN_POINT('',(8.5,0.8));
#5037 = CARTESIAN_POINT('',(8.5,0.));
#5038 = ( GEOMETRIC_REPRESENTATION_CONTEXT(2) 
PARAMETRIC_REPRESENTATION_CONTEXT() REPRESENTATION_CONTEXT('2D SPACE',''
  ) );
#5039 = PCURVE('',#2414,#5040);
#5040 = DEFINITIONAL_REPRESENTATION('',(#5041),#5044);
#5041 = B_SPLINE_CURVE_WITH_KNOTS('',1,(#5042,#5043),.UNSPECIFIED.,.F.,
  .F.,(2,2),(-8.4,-7.6),.PIECEWISE_BEZIER_KNOTS.);
#5042 = CARTESIAN_POINT('',(16.,2.3));
#5043 = CARTESIAN_POINT('',(15.2,2.3));
#5044 = ( GEOMETRIC_REPRESENTATION_CONTEXT(2) 
PARAMETRIC_REPRESENTATION_CONTEXT() REPRESENTATION_CONTEXT('2D SPACE',''
  ) );
#5045 = ORIENTED_EDGE('',*,*,#4978,.T.);
#5046 = ORIENTED_EDGE('',*,*,#2086,.F.);
#5047 = ORIENTED_EDGE('',*,*,#5048,.F.);
#5048 = EDGE_CURVE('',#5026,#2087,#5049,.T.);
#5049 = SURFACE_CURVE('',#5050,(#5054,#5060),.PCURVE_S1.);
#5050 = LINE('',#5051,#5052);
#5051 = CARTESIAN_POINT('',(30.,14.3,12.75));
#5052 = VECTOR('',#5053,1.);
#5053 = DIRECTION('',(0.,0.,1.));
#5054 = PCURVE('',#2102,#5055);
#5055 = DEFINITIONAL_REPRESENTATION('',(#5056),#5059);
#5056 = B_SPLINE_CURVE_WITH_KNOTS('',1,(#5057,#5058),.UNSPECIFIED.,.F.,
  .F.,(2,2),(4.25,7.25),.PIECEWISE_BEZIER_KNOTS.);
#5057 = CARTESIAN_POINT('',(8.5,0.8));
#5058 = CARTESIAN_POINT('',(11.5,0.8));
#5059 = ( GEOMETRIC_REPRESENTATION_CONTEXT(2) 
PARAMETRIC_REPRESENTATION_CONTEXT() REPRESENTATION_CONTEXT('2D SPACE',''
  ) );
#5060 = PCURVE('',#2129,#5061);
#5061 = DEFINITIONAL_REPRESENTATION('',(#5062),#5065);
#5062 = B_SPLINE_CURVE_WITH_KNOTS('',1,(#5063,#5064),.UNSPECIFIED.,.F.,
  .F.,(2,2),(4.25,7.25),.PIECEWISE_BEZIER_KNOTS.);
#5063 = CARTESIAN_POINT('',(0.,-2.3));
#5064 = CARTESIAN_POINT('',(3.,-2.3));
#5065 = ( GEOMETRIC_REPRESENTATION_CONTEXT(2) 
PARAMETRIC_REPRESENTATION_CONTEXT() REPRESENTATION_CONTEXT('2D SPACE',''
  ) );
#5066 = ADVANCED_FACE('',(#5067),#2129,.T.);
#5067 = FACE_BOUND('',#5068,.T.);
#5068 = EDGE_LOOP('',(#5069,#5070,#5071,#5094));
#5069 = ORIENTED_EDGE('',*,*,#2113,.F.);
#5070 = ORIENTED_EDGE('',*,*,#5048,.F.);
#5071 = ORIENTED_EDGE('',*,*,#5072,.T.);
#5072 = EDGE_CURVE('',#5026,#5073,#5075,.T.);
#5073 = VERTEX_POINT('',#5074);
#5074 = CARTESIAN_POINT('',(30.,28.,17.));
#5075 = SURFACE_CURVE('',#5076,(#5080,#5087),.PCURVE_S1.);
#5076 = LINE('',#5077,#5078);
#5077 = CARTESIAN_POINT('',(30.,12.,17.));
#5078 = VECTOR('',#5079,1.);
#5079 = DIRECTION('',(0.,1.,0.));
#5080 = PCURVE('',#2129,#5081);
#5081 = DEFINITIONAL_REPRESENTATION('',(#5082),#5086);
#5082 = LINE('',#5083,#5084);
#5083 = CARTESIAN_POINT('',(0.,0.));
#5084 = VECTOR('',#5085,1.);
#5085 = DIRECTION('',(0.,-1.));
#5086 = ( GEOMETRIC_REPRESENTATION_CONTEXT(2) 
PARAMETRIC_REPRESENTATION_CONTEXT() REPRESENTATION_CONTEXT('2D SPACE',''
  ) );
#5087 = PCURVE('',#2414,#5088);
#5088 = DEFINITIONAL_REPRESENTATION('',(#5089),#5093);
#5089 = LINE('',#5090,#5091);
#5090 = CARTESIAN_POINT('',(16.,0.));
#5091 = VECTOR('',#5092,1.);
#5092 = DIRECTION('',(0.,1.));
#5093 = ( GEOMETRIC_REPRESENTATION_CONTEXT(2) 
PARAMETRIC_REPRESENTATION_CONTEXT() REPRESENTATION_CONTEXT('2D SPACE',''
  ) );
#5094 = ORIENTED_EDGE('',*,*,#5095,.T.);
#5095 = EDGE_CURVE('',#5073,#2114,#5096,.T.);
#5096 = SURFACE_CURVE('',#5097,(#5101,#5108),.PCURVE_S1.);
#5097 = LINE('',#5098,#5099);
#5098 = CARTESIAN_POINT('',(30.,28.,17.));
#5099 = VECTOR('',#5100,1.);
#5100 = DIRECTION('',(0.,0.,1.));
#5101 = PCURVE('',#2129,#5102);
#5102 = DEFINITIONAL_REPRESENTATION('',(#5103),#5107);
#5103 = LINE('',#5104,#5105);
#5104 = CARTESIAN_POINT('',(0.,-16.));
#5105 = VECTOR('',#5106,1.);
#5106 = DIRECTION('',(1.,0.));
#5107 = ( GEOMETRIC_REPRESENTATION_CONTEXT(2) 
PARAMETRIC_REPRESENTATION_CONTEXT() REPRESENTATION_CONTEXT('2D SPACE',''
  ) );
#5108 = PCURVE('',#2157,#5109);
#5109 = DEFINITIONAL_REPRESENTATION('',(#5110),#5114);
#5110 = LINE('',#5111,#5112);
#5111 = CARTESIAN_POINT('',(0.,16.));
#5112 = VECTOR('',#5113,1.);
#5113 = DIRECTION('',(1.,0.));
#5114 = ( GEOMETRIC_REPRESENTATION_CONTEXT(2) 
PARAMETRIC_REPRESENTATION_CONTEXT() REPRESENTATION_CONTEXT('2D SPACE',''
  ) );
#5115 = ADVANCED_FACE('',(#5116),#2157,.T.);
#5116 = FACE_BOUND('',#5117,.T.);
#5117 = EDGE_LOOP('',(#5118,#5141,#5162,#5163));
#5118 = ORIENTED_EDGE('',*,*,#5119,.F.);
#5119 = EDGE_CURVE('',#5120,#5073,#5122,.T.);
#5120 = VERTEX_POINT('',#5121);
#5121 = CARTESIAN_POINT('',(14.,28.,17.));
#5122 = SURFACE_CURVE('',#5123,(#5127,#5134),.PCURVE_S1.);
#5123 = LINE('',#5124,#5125);
#5124 = CARTESIAN_POINT('',(14.,28.,17.));
#5125 = VECTOR('',#5126,1.);
#5126 = DIRECTION('',(1.,0.,0.));
#5127 = PCURVE('',#2157,#5128);
#5128 = DEFINITIONAL_REPRESENTATION('',(#5129),#5133);
#5129 = LINE('',#5130,#5131);
#5130 = CARTESIAN_POINT('',(0.,0.));
#5131 = VECTOR('',#5132,1.);
#5132 = DIRECTION('',(0.,1.));
#5133 = ( GEOMETRIC_REPRESENTATION_CONTEXT(2) 
PARAMETRIC_REPRESENTATION_CONTEXT() REPRESENTATION_CONTEXT('2D SPACE',''
  ) );
#5134 = PCURVE('',#2414,#5135);
#5135 = DEFINITIONAL_REPRESENTATION('',(#5136),#5140);
#5136 = LINE('',#5137,#5138);
#5137 = CARTESIAN_POINT('',(0.,16.));
#5138 = VECTOR('',#5139,1.);
#5139 = DIRECTION('',(1.,0.));
#5140 = ( GEOMETRIC_REPRESENTATION_CONTEXT(2) 
PARAMETRIC_REPRESENTATION_CONTEXT() REPRESENTATION_CONTEXT('2D SPACE',''
  ) );
#5141 = ORIENTED_EDGE('',*,*,#5142,.T.);
#5142 = EDGE_CURVE('',#5120,#2142,#5143,.T.);
#5143 = SURFACE_CURVE('',#5144,(#5148,#5155),.PCURVE_S1.);
#5144 = LINE('',#5145,#5146);
#5145 = CARTESIAN_POINT('',(14.,28.,17.));
#5146 = VECTOR('',#5147,1.);
#5147 = DIRECTION('',(0.,0.,1.));
#5148 = PCURVE('',#2157,#5149);
#5149 = DEFINITIONAL_REPRESENTATION('',(#5150),#5154);
#5150 = LINE('',#5151,#5152);
#5151 = CARTESIAN_POINT('',(0.,0.));
#5152 = VECTOR('',#5153,1.);
#5153 = DIRECTION('',(1.,0.));
#5154 = ( GEOMETRIC_REPRESENTATION_CONTEXT(2) 
PARAMETRIC_REPRESENTATION_CONTEXT() REPRESENTATION_CONTEXT('2D SPACE',''
  ) );
#5155 = PCURVE('',#2185,#5156);
#5156 = DEFINITIONAL_REPRESENTATION('',(#5157),#5161);
#5157 = LINE('',#5158,#5159);
#5158 = CARTESIAN_POINT('',(0.,-16.));
#5159 = VECTOR('',#5160,1.);
#5160 = DIRECTION('',(1.,0.));
#5161 = ( GEOMETRIC_REPRESENTATION_CONTEXT(2) 
PARAMETRIC_REPRESENTATION_CONTEXT() REPRESENTATION_CONTEXT('2D SPACE',''
  ) );
#5162 = ORIENTED_EDGE('',*,*,#2141,.T.);
#5163 = ORIENTED_EDGE('',*,*,#5095,.F.);
#5164 = ADVANCED_FACE('',(#5165),#2185,.F.);
#5165 = FACE_BOUND('',#5166,.F.);
#5166 = EDGE_LOOP('',(#5167,#5168,#5169,#5190));
#5167 = ORIENTED_EDGE('',*,*,#2169,.F.);
#5168 = ORIENTED_EDGE('',*,*,#4727,.F.);
#5169 = ORIENTED_EDGE('',*,*,#5170,.T.);
#5170 = EDGE_CURVE('',#4707,#5120,#5171,.T.);
#5171 = SURFACE_CURVE('',#5172,(#5176,#5183),.PCURVE_S1.);
#5172 = LINE('',#5173,#5174);
#5173 = CARTESIAN_POINT('',(14.,12.,17.));
#5174 = VECTOR('',#5175,1.);
#5175 = DIRECTION('',(0.,1.,0.));
#5176 = PCURVE('',#2185,#5177);
#5177 = DEFINITIONAL_REPRESENTATION('',(#5178),#5182);
#5178 = LINE('',#5179,#5180);
#5179 = CARTESIAN_POINT('',(0.,0.));
#5180 = VECTOR('',#5181,1.);
#5181 = DIRECTION('',(0.,-1.));
#5182 = ( GEOMETRIC_REPRESENTATION_CONTEXT(2) 
PARAMETRIC_REPRESENTATION_CONTEXT() REPRESENTATION_CONTEXT('2D SPACE',''
  ) );
#5183 = PCURVE('',#2414,#5184);
#5184 = DEFINITIONAL_REPRESENTATION('',(#5185),#5189);
#5185 = LINE('',#5186,#5187);
#5186 = CARTESIAN_POINT('',(0.,0.));
#5187 = VECTOR('',#5188,1.);
#5188 = DIRECTION('',(0.,1.));
#5189 = ( GEOMETRIC_REPRESENTATION_CONTEXT(2) 
PARAMETRIC_REPRESENTATION_CONTEXT() REPRESENTATION_CONTEXT('2D SPACE',''
  ) );
#5190 = ORIENTED_EDGE('',*,*,#5142,.T.);
#5191 = ADVANCED_FACE('',(#5192),#2242,.F.);
#5192 = FACE_BOUND('',#5193,.T.);
#5193 = EDGE_LOOP('',(#5194,#5222,#5243,#5244));
#5194 = ORIENTED_EDGE('',*,*,#5195,.T.);
#5195 = EDGE_CURVE('',#5196,#5196,#5198,.T.);
#5196 = VERTEX_POINT('',#5197);
#5197 = CARTESIAN_POINT('',(27.25,24.,17.));
#5198 = SURFACE_CURVE('',#5199,(#5204,#5211),.PCURVE_S1.);
#5199 = CIRCLE('',#5200,1.25);
#5200 = AXIS2_PLACEMENT_3D('',#5201,#5202,#5203);
#5201 = CARTESIAN_POINT('',(26.,24.,17.));
#5202 = DIRECTION('',(0.,0.,-1.));
#5203 = DIRECTION('',(1.,0.,0.));
#5204 = PCURVE('',#2242,#5205);
#5205 = DEFINITIONAL_REPRESENTATION('',(#5206),#5210);
#5206 = LINE('',#5207,#5208);
#5207 = CARTESIAN_POINT('',(-6.28318530718,-1.));
#5208 = VECTOR('',#5209,1.);
#5209 = DIRECTION('',(1.,-0.));
#5210 = ( GEOMETRIC_REPRESENTATION_CONTEXT(2) 
PARAMETRIC_REPRESENTATION_CONTEXT() REPRESENTATION_CONTEXT('2D SPACE',''
  ) );
#5211 = PCURVE('',#2414,#5212);
#5212 = DEFINITIONAL_REPRESENTATION('',(#5213),#5221);
#5213 = ( BOUNDED_CURVE() B_SPLINE_CURVE(2,(#5214,#5215,#5216,#5217,
#5218,#5219,#5220),.UNSPECIFIED.,.T.,.F.) B_SPLINE_CURVE_WITH_KNOTS((1,2
    ,2,2,2,1),(-2.094395102393,0.,2.094395102393,4.188790204786,
6.28318530718,8.377580409573),.UNSPECIFIED.) CURVE() 
GEOMETRIC_REPRESENTATION_ITEM() RATIONAL_B_SPLINE_CURVE((1.,0.5,1.,0.5,
1.,0.5,1.)) REPRESENTATION_ITEM('') );
#5214 = CARTESIAN_POINT('',(13.25,12.));
#5215 = CARTESIAN_POINT('',(13.25,9.834936490539));
#5216 = CARTESIAN_POINT('',(11.375,10.917468245269));
#5217 = CARTESIAN_POINT('',(9.5,12.));
#5218 = CARTESIAN_POINT('',(11.375,13.082531754731));
#5219 = CARTESIAN_POINT('',(13.25,14.165063509461));
#5220 = CARTESIAN_POINT('',(13.25,12.));
#5221 = ( GEOMETRIC_REPRESENTATION_CONTEXT(2) 
PARAMETRIC_REPRESENTATION_CONTEXT() REPRESENTATION_CONTEXT('2D SPACE',''
  ) );
#5222 = ORIENTED_EDGE('',*,*,#5223,.T.);
#5223 = EDGE_CURVE('',#5196,#2222,#5224,.T.);
#5224 = SEAM_CURVE('',#5225,(#5229,#5236),.PCURVE_S1.);
#5225 = LINE('',#5226,#5227);
#5226 = CARTESIAN_POINT('',(27.25,24.,16.));
#5227 = VECTOR('',#5228,1.);
#5228 = DIRECTION('',(0.,0.,1.));
#5229 = PCURVE('',#2242,#5230);
#5230 = DEFINITIONAL_REPRESENTATION('',(#5231),#5235);
#5231 = LINE('',#5232,#5233);
#5232 = CARTESIAN_POINT('',(-6.28318530718,0.));
#5233 = VECTOR('',#5234,1.);
#5234 = DIRECTION('',(-0.,-1.));
#5235 = ( GEOMETRIC_REPRESENTATION_CONTEXT(2) 
PARAMETRIC_REPRESENTATION_CONTEXT() REPRESENTATION_CONTEXT('2D SPACE',''
  ) );
#5236 = PCURVE('',#2242,#5237);
#5237 = DEFINITIONAL_REPRESENTATION('',(#5238),#5242);
#5238 = LINE('',#5239,#5240);
#5239 = CARTESIAN_POINT('',(-0.,0.));
#5240 = VECTOR('',#5241,1.);
#5241 = DIRECTION('',(-0.,-1.));
#5242 = ( GEOMETRIC_REPRESENTATION_CONTEXT(2) 
PARAMETRIC_REPRESENTATION_CONTEXT() REPRESENTATION_CONTEXT('2D SPACE',''
  ) );
#5243 = ORIENTED_EDGE('',*,*,#2221,.F.);
#5244 = ORIENTED_EDGE('',*,*,#5223,.F.);
#5245 = ADVANCED_FACE('',(#5246),#2320,.T.);
#5246 = FACE_BOUND('',#5247,.T.);
#5247 = EDGE_LOOP('',(#5248,#5271,#5290));
#5248 = ORIENTED_EDGE('',*,*,#5249,.T.);
#5249 = EDGE_CURVE('',#2305,#5250,#5252,.T.);
#5250 = VERTEX_POINT('',#5251);
#5251 = CARTESIAN_POINT('',(19.6,14.979120381199,17.));
#5252 = SURFACE_CURVE('',#5253,(#5257,#5264),.PCURVE_S1.);
#5253 = LINE('',#5254,#5255);
#5254 = CARTESIAN_POINT('',(19.6,12.756557978036,12.233699545154));
#5255 = VECTOR('',#5256,1.);
#5256 = DIRECTION('',(0.,0.422618261741,0.906307787037));
#5257 = PCURVE('',#2320,#5258);
#5258 = DEFINITIONAL_REPRESENTATION('',(#5259),#5263);
#5259 = LINE('',#5260,#5261);
#5260 = CARTESIAN_POINT('',(42.8,-18.4));
#5261 = VECTOR('',#5262,1.);
#5262 = DIRECTION('',(0.,1.));
#5263 = ( GEOMETRIC_REPRESENTATION_CONTEXT(2) 
PARAMETRIC_REPRESENTATION_CONTEXT() REPRESENTATION_CONTEXT('2D SPACE',''
  ) );
#5264 = PCURVE('',#4694,#5265);
#5265 = DEFINITIONAL_REPRESENTATION('',(#5266),#5270);
#5266 = LINE('',#5267,#5268);
#5267 = CARTESIAN_POINT('',(2.9,8.881784197001E-16));
#5268 = VECTOR('',#5269,1.);
#5269 = DIRECTION('',(0.,-1.));
#5270 = ( GEOMETRIC_REPRESENTATION_CONTEXT(2) 
PARAMETRIC_REPRESENTATION_CONTEXT() REPRESENTATION_CONTEXT('2D SPACE',''
  ) );
#5271 = ORIENTED_EDGE('',*,*,#5272,.T.);
#5272 = EDGE_CURVE('',#5250,#2303,#5273,.T.);
#5273 = SURFACE_CURVE('',#5274,(#5278,#5284),.PCURVE_S1.);
#5274 = LINE('',#5275,#5276);
#5275 = CARTESIAN_POINT('',(-4.6,14.979120381199,17.));
#5276 = VECTOR('',#5277,1.);
#5277 = DIRECTION('',(-1.,0.,0.));
#5278 = PCURVE('',#2320,#5279);
#5279 = DEFINITIONAL_REPRESENTATION('',(#5280),#5283);
#5280 = B_SPLINE_CURVE_WITH_KNOTS('',1,(#5281,#5282),.UNSPECIFIED.,.F.,
  .F.,(2,2),(-27.8,-18.6),.PIECEWISE_BEZIER_KNOTS.);
#5281 = CARTESIAN_POINT('',(46.4,-13.14096932298));
#5282 = CARTESIAN_POINT('',(37.2,-13.14096932298));
#5283 = ( GEOMETRIC_REPRESENTATION_CONTEXT(2) 
PARAMETRIC_REPRESENTATION_CONTEXT() REPRESENTATION_CONTEXT('2D SPACE',''
  ) );
#5284 = PCURVE('',#2414,#5285);
#5285 = DEFINITIONAL_REPRESENTATION('',(#5286),#5289);
#5286 = B_SPLINE_CURVE_WITH_KNOTS('',1,(#5287,#5288),.UNSPECIFIED.,.F.,
  .F.,(2,2),(-27.8,-18.6),.PIECEWISE_BEZIER_KNOTS.);
#5287 = CARTESIAN_POINT('',(9.2,2.979120381199));
#5288 = CARTESIAN_POINT('',(0.,2.979120381199));
#5289 = ( GEOMETRIC_REPRESENTATION_CONTEXT(2) 
PARAMETRIC_REPRESENTATION_CONTEXT() REPRESENTATION_CONTEXT('2D SPACE',''
  ) );
#5290 = ORIENTED_EDGE('',*,*,#2302,.T.);
#5291 = ADVANCED_FACE('',(#5292,#5324),#2414,.F.);
#5292 = FACE_BOUND('',#5293,.F.);
#5293 = EDGE_LOOP('',(#5294,#5295,#5296,#5297,#5298,#5299,#5300,#5301,
    #5302,#5321,#5322,#5323));
#5294 = ORIENTED_EDGE('',*,*,#4886,.F.);
#5295 = ORIENTED_EDGE('',*,*,#4931,.T.);
#5296 = ORIENTED_EDGE('',*,*,#5003,.T.);
#5297 = ORIENTED_EDGE('',*,*,#5025,.F.);
#5298 = ORIENTED_EDGE('',*,*,#5072,.T.);
#5299 = ORIENTED_EDGE('',*,*,#5119,.F.);
#5300 = ORIENTED_EDGE('',*,*,#5170,.F.);
#5301 = ORIENTED_EDGE('',*,*,#4706,.F.);
#5302 = ORIENTED_EDGE('',*,*,#5303,.T.);
#5303 = EDGE_CURVE('',#4679,#5250,#5304,.T.);
#5304 = SURFACE_CURVE('',#5305,(#5309,#5315),.PCURVE_S1.);
#5305 = LINE('',#5306,#5307);
#5306 = CARTESIAN_POINT('',(19.6,13.692425280221,17.));
#5307 = VECTOR('',#5308,1.);
#5308 = DIRECTION('',(0.,-1.,0.));
#5309 = PCURVE('',#2414,#5310);
#5310 = DEFINITIONAL_REPRESENTATION('',(#5311),#5314);
#5311 = B_SPLINE_CURVE_WITH_KNOTS('',1,(#5312,#5313),.UNSPECIFIED.,.F.,
  .F.,(2,2),(-4.486491065969,-1.286695100978),.PIECEWISE_BEZIER_KNOTS.);
#5312 = CARTESIAN_POINT('',(5.6,6.17891634619));
#5313 = CARTESIAN_POINT('',(5.6,2.979120381199));
#5314 = ( GEOMETRIC_REPRESENTATION_CONTEXT(2) 
PARAMETRIC_REPRESENTATION_CONTEXT() REPRESENTATION_CONTEXT('2D SPACE',''
  ) );
#5315 = PCURVE('',#4694,#5316);
#5316 = DEFINITIONAL_REPRESENTATION('',(#5317),#5320);
#5317 = B_SPLINE_CURVE_WITH_KNOTS('',1,(#5318,#5319),.UNSPECIFIED.,.F.,
  .F.,(2,2),(-4.486491065969,-1.286695100978),.PIECEWISE_BEZIER_KNOTS.);
#5318 = CARTESIAN_POINT('',(0.,-6.611322885668));
#5319 = CARTESIAN_POINT('',(2.9,-5.259030677018));
#5320 = ( GEOMETRIC_REPRESENTATION_CONTEXT(2) 
PARAMETRIC_REPRESENTATION_CONTEXT() REPRESENTATION_CONTEXT('2D SPACE',''
  ) );
#5321 = ORIENTED_EDGE('',*,*,#5272,.T.);
#5322 = ORIENTED_EDGE('',*,*,#2396,.F.);
#5323 = ORIENTED_EDGE('',*,*,#4749,.T.);
#5324 = FACE_BOUND('',#5325,.F.);
#5325 = EDGE_LOOP('',(#5326));
#5326 = ORIENTED_EDGE('',*,*,#5195,.T.);
#5327 = ADVANCED_FACE('',(#5328),#2350,.T.);
#5328 = FACE_BOUND('',#5329,.T.);
#5329 = EDGE_LOOP('',(#5330,#5331,#5332,#5355));
#5330 = ORIENTED_EDGE('',*,*,#2336,.T.);
#5331 = ORIENTED_EDGE('',*,*,#2430,.F.);
#5332 = ORIENTED_EDGE('',*,*,#5333,.T.);
#5333 = EDGE_CURVE('',#2431,#5334,#5336,.T.);
#5334 = VERTEX_POINT('',#5335);
#5335 = CARTESIAN_POINT('',(19.6,12.756557978036,12.233699545154));
#5336 = SURFACE_CURVE('',#5337,(#5341,#5348),.PCURVE_S1.);
#5337 = LINE('',#5338,#5339);
#5338 = CARTESIAN_POINT('',(12.4,12.756557978036,12.233699545154));
#5339 = VECTOR('',#5340,1.);
#5340 = DIRECTION('',(1.,0.,0.));
#5341 = PCURVE('',#2350,#5342);
#5342 = DEFINITIONAL_REPRESENTATION('',(#5343),#5347);
#5343 = LINE('',#5344,#5345);
#5344 = CARTESIAN_POINT('',(35.6,-18.4));
#5345 = VECTOR('',#5346,1.);
#5346 = DIRECTION('',(1.,0.));
#5347 = ( GEOMETRIC_REPRESENTATION_CONTEXT(2) 
PARAMETRIC_REPRESENTATION_CONTEXT() REPRESENTATION_CONTEXT('2D SPACE',''
  ) );
#5348 = PCURVE('',#2469,#5349);
#5349 = DEFINITIONAL_REPRESENTATION('',(#5350),#5354);
#5350 = LINE('',#5351,#5352);
#5351 = CARTESIAN_POINT('',(2.9,0.));
#5352 = VECTOR('',#5353,1.);
#5353 = DIRECTION('',(0.,1.));
#5354 = ( GEOMETRIC_REPRESENTATION_CONTEXT(2) 
PARAMETRIC_REPRESENTATION_CONTEXT() REPRESENTATION_CONTEXT('2D SPACE',''
  ) );
#5355 = ORIENTED_EDGE('',*,*,#5356,.T.);
#5356 = EDGE_CURVE('',#5334,#2305,#5357,.T.);
#5357 = SURFACE_CURVE('',#5358,(#5362,#5369),.PCURVE_S1.);
#5358 = LINE('',#5359,#5360);
#5359 = CARTESIAN_POINT('',(19.6,12.756557978036,12.233699545154));
#5360 = VECTOR('',#5361,1.);
#5361 = DIRECTION('',(0.,0.422618261741,0.906307787037));
#5362 = PCURVE('',#2350,#5363);
#5363 = DEFINITIONAL_REPRESENTATION('',(#5364),#5368);
#5364 = LINE('',#5365,#5366);
#5365 = CARTESIAN_POINT('',(42.8,-18.4));
#5366 = VECTOR('',#5367,1.);
#5367 = DIRECTION('',(0.,1.));
#5368 = ( GEOMETRIC_REPRESENTATION_CONTEXT(2) 
PARAMETRIC_REPRESENTATION_CONTEXT() REPRESENTATION_CONTEXT('2D SPACE',''
  ) );
#5369 = PCURVE('',#4694,#5370);
#5370 = DEFINITIONAL_REPRESENTATION('',(#5371),#5375);
#5371 = LINE('',#5372,#5373);
#5372 = CARTESIAN_POINT('',(2.9,8.881784197001E-16));
#5373 = VECTOR('',#5374,1.);
#5374 = DIRECTION('',(0.,-1.));
#5375 = ( GEOMETRIC_REPRESENTATION_CONTEXT(2) 
PARAMETRIC_REPRESENTATION_CONTEXT() REPRESENTATION_CONTEXT('2D SPACE',''
  ) );
#5376 = ADVANCED_FACE('',(#5377),#2566,.T.);
#5377 = FACE_BOUND('',#5378,.T.);
#5378 = EDGE_LOOP('',(#5379,#5380,#5381,#5382));
#5379 = ORIENTED_EDGE('',*,*,#2780,.T.);
#5380 = ORIENTED_EDGE('',*,*,#4607,.T.);
#5381 = ORIENTED_EDGE('',*,*,#2551,.F.);
#5382 = ORIENTED_EDGE('',*,*,#2601,.F.);
#5383 = ADVANCED_FACE('',(#5384),#2496,.F.);
#5384 = FACE_BOUND('',#5385,.F.);
#5385 = EDGE_LOOP('',(#5386,#5387,#5388,#5409));
#5386 = ORIENTED_EDGE('',*,*,#4657,.T.);
#5387 = ORIENTED_EDGE('',*,*,#2481,.T.);
#5388 = ORIENTED_EDGE('',*,*,#5389,.T.);
#5389 = EDGE_CURVE('',#2454,#5390,#5392,.T.);
#5390 = VERTEX_POINT('',#5391);
#5391 = CARTESIAN_POINT('',(19.6,12.828826885836,12.2));
#5392 = SURFACE_CURVE('',#5393,(#5397,#5403),.PCURVE_S1.);
#5393 = LINE('',#5394,#5395);
#5394 = CARTESIAN_POINT('',(-43.8,12.828826885836,12.2));
#5395 = VECTOR('',#5396,1.);
#5396 = DIRECTION('',(1.,0.,0.));
#5397 = PCURVE('',#2496,#5398);
#5398 = DEFINITIONAL_REPRESENTATION('',(#5399),#5402);
#5399 = B_SPLINE_CURVE_WITH_KNOTS('',1,(#5400,#5401),.UNSPECIFIED.,.F.,
  .F.,(2,2),(56.2,63.4),.PIECEWISE_BEZIER_KNOTS.);
#5400 = CARTESIAN_POINT('',(112.4,112.82882688583));
#5401 = CARTESIAN_POINT('',(119.6,112.82882688583));
#5402 = ( GEOMETRIC_REPRESENTATION_CONTEXT(2) 
PARAMETRIC_REPRESENTATION_CONTEXT() REPRESENTATION_CONTEXT('2D SPACE',''
  ) );
#5403 = PCURVE('',#2469,#5404);
#5404 = DEFINITIONAL_REPRESENTATION('',(#5405),#5408);
#5405 = B_SPLINE_CURVE_WITH_KNOTS('',1,(#5406,#5407),.UNSPECIFIED.,.F.,
  .F.,(2,2),(56.2,63.4),.PIECEWISE_BEZIER_KNOTS.);
#5406 = CARTESIAN_POINT('',(2.820260082906,0.));
#5407 = CARTESIAN_POINT('',(2.820260082906,7.2));
#5408 = ( GEOMETRIC_REPRESENTATION_CONTEXT(2) 
PARAMETRIC_REPRESENTATION_CONTEXT() REPRESENTATION_CONTEXT('2D SPACE',''
  ) );
#5409 = ORIENTED_EDGE('',*,*,#5410,.F.);
#5410 = EDGE_CURVE('',#4658,#5390,#5411,.T.);
#5411 = SURFACE_CURVE('',#5412,(#5416,#5422),.PCURVE_S1.);
#5412 = LINE('',#5413,#5414);
#5413 = CARTESIAN_POINT('',(19.6,-42.30757471977,12.2));
#5414 = VECTOR('',#5415,1.);
#5415 = DIRECTION('',(0.,-1.,0.));
#5416 = PCURVE('',#2496,#5417);
#5417 = DEFINITIONAL_REPRESENTATION('',(#5418),#5421);
#5418 = B_SPLINE_CURVE_WITH_KNOTS('',1,(#5419,#5420),.UNSPECIFIED.,.F.,
  .F.,(2,2),(-58.24821430682,-55.13640160561),.PIECEWISE_BEZIER_KNOTS.);
#5419 = CARTESIAN_POINT('',(119.6,115.94063958704));
#5420 = CARTESIAN_POINT('',(119.6,112.82882688583));
#5421 = ( GEOMETRIC_REPRESENTATION_CONTEXT(2) 
PARAMETRIC_REPRESENTATION_CONTEXT() REPRESENTATION_CONTEXT('2D SPACE',''
  ) );
#5422 = PCURVE('',#4694,#5423);
#5423 = DEFINITIONAL_REPRESENTATION('',(#5424),#5427);
#5424 = B_SPLINE_CURVE_WITH_KNOTS('',1,(#5425,#5426),.UNSPECIFIED.,.F.,
  .F.,(2,2),(-58.24821430682,-55.13640160561),.PIECEWISE_BEZIER_KNOTS.);
#5425 = CARTESIAN_POINT('',(0.,-1.315108874648));
#5426 = CARTESIAN_POINT('',(2.820260082906,3.552713678801E-15));
#5427 = ( GEOMETRIC_REPRESENTATION_CONTEXT(2) 
PARAMETRIC_REPRESENTATION_CONTEXT() REPRESENTATION_CONTEXT('2D SPACE',''
  ) );
#5428 = ADVANCED_FACE('',(#5429),#2469,.F.);
#5429 = FACE_BOUND('',#5430,.F.);
#5430 = EDGE_LOOP('',(#5431,#5452,#5453,#5454));
#5431 = ORIENTED_EDGE('',*,*,#5432,.F.);
#5432 = EDGE_CURVE('',#5390,#5334,#5433,.T.);
#5433 = SURFACE_CURVE('',#5434,(#5438,#5445),.PCURVE_S1.);
#5434 = LINE('',#5435,#5436);
#5435 = CARTESIAN_POINT('',(19.6,15.384850560442,11.008106586105));
#5436 = VECTOR('',#5437,1.);
#5437 = DIRECTION('',(0.,-0.906307787037,0.422618261741));
#5438 = PCURVE('',#2469,#5439);
#5439 = DEFINITIONAL_REPRESENTATION('',(#5440),#5444);
#5440 = LINE('',#5441,#5442);
#5441 = CARTESIAN_POINT('',(0.,7.2));
#5442 = VECTOR('',#5443,1.);
#5443 = DIRECTION('',(1.,0.));
#5444 = ( GEOMETRIC_REPRESENTATION_CONTEXT(2) 
PARAMETRIC_REPRESENTATION_CONTEXT() REPRESENTATION_CONTEXT('2D SPACE',''
  ) );
#5445 = PCURVE('',#4694,#5446);
#5446 = DEFINITIONAL_REPRESENTATION('',(#5447),#5451);
#5447 = LINE('',#5448,#5449);
#5448 = CARTESIAN_POINT('',(0.,0.));
#5449 = VECTOR('',#5450,1.);
#5450 = DIRECTION('',(1.,0.));
#5451 = ( GEOMETRIC_REPRESENTATION_CONTEXT(2) 
PARAMETRIC_REPRESENTATION_CONTEXT() REPRESENTATION_CONTEXT('2D SPACE',''
  ) );
#5452 = ORIENTED_EDGE('',*,*,#5389,.F.);
#5453 = ORIENTED_EDGE('',*,*,#2453,.T.);
#5454 = ORIENTED_EDGE('',*,*,#5333,.T.);
#5455 = ADVANCED_FACE('',(#5456),#2747,.F.);
#5456 = FACE_BOUND('',#5457,.F.);
#5457 = EDGE_LOOP('',(#5458,#5479,#5480,#5481,#5482,#5483,#5504,#5525));
#5458 = ORIENTED_EDGE('',*,*,#5459,.F.);
#5459 = EDGE_CURVE('',#2706,#5460,#5462,.T.);
#5460 = VERTEX_POINT('',#5461);
#5461 = CARTESIAN_POINT('',(-19.6,15.940639587046,12.2));
#5462 = SURFACE_CURVE('',#5463,(#5467,#5473),.PCURVE_S1.);
#5463 = LINE('',#5464,#5465);
#5464 = CARTESIAN_POINT('',(-59.8,15.940639587046,12.2));
#5465 = VECTOR('',#5466,1.);
#5466 = DIRECTION('',(-1.,0.,0.));
#5467 = PCURVE('',#2747,#5468);
#5468 = DEFINITIONAL_REPRESENTATION('',(#5469),#5472);
#5469 = B_SPLINE_CURVE_WITH_KNOTS('',1,(#5470,#5471),.UNSPECIFIED.,.F.,
  .F.,(2,2),(-47.4,-40.2),.PIECEWISE_BEZIER_KNOTS.);
#5470 = CARTESIAN_POINT('',(7.2,1.315108874648));
#5471 = CARTESIAN_POINT('',(0.,1.315108874648));
#5472 = ( GEOMETRIC_REPRESENTATION_CONTEXT(2) 
PARAMETRIC_REPRESENTATION_CONTEXT() REPRESENTATION_CONTEXT('2D SPACE',''
  ) );
#5473 = PCURVE('',#2720,#5474);
#5474 = DEFINITIONAL_REPRESENTATION('',(#5475),#5478);
#5475 = B_SPLINE_CURVE_WITH_KNOTS('',1,(#5476,#5477),.UNSPECIFIED.,.F.,
  .F.,(2,2),(-47.4,-40.2),.PIECEWISE_BEZIER_KNOTS.);
#5476 = CARTESIAN_POINT('',(87.6,115.94063958704));
#5477 = CARTESIAN_POINT('',(80.4,115.94063958704));
#5478 = ( GEOMETRIC_REPRESENTATION_CONTEXT(2) 
PARAMETRIC_REPRESENTATION_CONTEXT() REPRESENTATION_CONTEXT('2D SPACE',''
  ) );
#5479 = ORIENTED_EDGE('',*,*,#2731,.T.);
#5480 = ORIENTED_EDGE('',*,*,#4587,.T.);
#5481 = ORIENTED_EDGE('',*,*,#3242,.T.);
#5482 = ORIENTED_EDGE('',*,*,#3182,.F.);
#5483 = ORIENTED_EDGE('',*,*,#5484,.F.);
#5484 = EDGE_CURVE('',#5485,#2998,#5487,.T.);
#5485 = VERTEX_POINT('',#5486);
#5486 = CARTESIAN_POINT('',(-14.,18.17891634619,17.));
#5487 = SURFACE_CURVE('',#5488,(#5492,#5498),.PCURVE_S1.);
#5488 = LINE('',#5489,#5490);
#5489 = CARTESIAN_POINT('',(-14.,16.230087083924,12.820722160179));
#5490 = VECTOR('',#5491,1.);
#5491 = DIRECTION('',(-0.,0.422618261741,0.906307787037));
#5492 = PCURVE('',#2747,#5493);
#5493 = DEFINITIONAL_REPRESENTATION('',(#5494),#5497);
#5494 = B_SPLINE_CURVE_WITH_KNOTS('',1,(#5495,#5496),.UNSPECIFIED.,.F.,
  .F.,(2,2),(4.611322885668,7.921456642555),.PIECEWISE_BEZIER_KNOTS.);
#5495 = CARTESIAN_POINT('',(5.6,6.611322885668));
#5496 = CARTESIAN_POINT('',(5.6,9.921456642555));
#5497 = ( GEOMETRIC_REPRESENTATION_CONTEXT(2) 
PARAMETRIC_REPRESENTATION_CONTEXT() REPRESENTATION_CONTEXT('2D SPACE',''
  ) );
#5498 = PCURVE('',#3015,#5499);
#5499 = DEFINITIONAL_REPRESENTATION('',(#5500),#5503);
#5500 = B_SPLINE_CURVE_WITH_KNOTS('',1,(#5501,#5502),.UNSPECIFIED.,.F.,
  .F.,(2,2),(4.611322885668,7.921456642555),.PIECEWISE_BEZIER_KNOTS.);
#5501 = CARTESIAN_POINT('',(0.,-6.17891634619));
#5502 = CARTESIAN_POINT('',(3.,-7.577839320655));
#5503 = ( GEOMETRIC_REPRESENTATION_CONTEXT(2) 
PARAMETRIC_REPRESENTATION_CONTEXT() REPRESENTATION_CONTEXT('2D SPACE',''
  ) );
#5504 = ORIENTED_EDGE('',*,*,#5505,.T.);
#5505 = EDGE_CURVE('',#5485,#5506,#5508,.T.);
#5506 = VERTEX_POINT('',#5507);
#5507 = CARTESIAN_POINT('',(-19.6,18.17891634619,17.));
#5508 = SURFACE_CURVE('',#5509,(#5513,#5519),.PCURVE_S1.);
#5509 = LINE('',#5510,#5511);
#5510 = CARTESIAN_POINT('',(-24.8,18.17891634619,17.));
#5511 = VECTOR('',#5512,1.);
#5512 = DIRECTION('',(-1.,0.,0.));
#5513 = PCURVE('',#2747,#5514);
#5514 = DEFINITIONAL_REPRESENTATION('',(#5515),#5518);
#5515 = B_SPLINE_CURVE_WITH_KNOTS('',1,(#5516,#5517),.UNSPECIFIED.,.F.,
  .F.,(2,2),(-10.8,-5.2),.PIECEWISE_BEZIER_KNOTS.);
#5516 = CARTESIAN_POINT('',(5.6,6.611322885668));
#5517 = CARTESIAN_POINT('',(0.,6.611322885668));
#5518 = ( GEOMETRIC_REPRESENTATION_CONTEXT(2) 
PARAMETRIC_REPRESENTATION_CONTEXT() REPRESENTATION_CONTEXT('2D SPACE',''
  ) );
#5519 = PCURVE('',#2904,#5520);
#5520 = DEFINITIONAL_REPRESENTATION('',(#5521),#5524);
#5521 = B_SPLINE_CURVE_WITH_KNOTS('',1,(#5522,#5523),.UNSPECIFIED.,.F.,
  .F.,(2,2),(-10.8,-5.2),.PIECEWISE_BEZIER_KNOTS.);
#5522 = CARTESIAN_POINT('',(16.,6.17891634619));
#5523 = CARTESIAN_POINT('',(10.4,6.17891634619));
#5524 = ( GEOMETRIC_REPRESENTATION_CONTEXT(2) 
PARAMETRIC_REPRESENTATION_CONTEXT() REPRESENTATION_CONTEXT('2D SPACE',''
  ) );
#5525 = ORIENTED_EDGE('',*,*,#5526,.T.);
#5526 = EDGE_CURVE('',#5506,#5460,#5527,.T.);
#5527 = SURFACE_CURVE('',#5528,(#5532,#5539),.PCURVE_S1.);
#5528 = LINE('',#5529,#5530);
#5529 = CARTESIAN_POINT('',(-19.6,24.259834056997,30.040570113875));
#5530 = VECTOR('',#5531,1.);
#5531 = DIRECTION('',(0.,-0.422618261741,-0.906307787037));
#5532 = PCURVE('',#2747,#5533);
#5533 = DEFINITIONAL_REPRESENTATION('',(#5534),#5538);
#5534 = LINE('',#5535,#5536);
#5535 = CARTESIAN_POINT('',(0.,21.));
#5536 = VECTOR('',#5537,1.);
#5537 = DIRECTION('',(0.,-1.));
#5538 = ( GEOMETRIC_REPRESENTATION_CONTEXT(2) 
PARAMETRIC_REPRESENTATION_CONTEXT() REPRESENTATION_CONTEXT('2D SPACE',''
  ) );
#5539 = PCURVE('',#5540,#5545);
#5540 = PLANE('',#5541);
#5541 = AXIS2_PLACEMENT_3D('',#5542,#5543,#5544);
#5542 = CARTESIAN_POINT('',(-19.6,15.384850560442,11.008106586105));
#5543 = DIRECTION('',(1.,0.,0.));
#5544 = DIRECTION('',(0.,-0.906307787037,0.422618261741));
#5545 = DEFINITIONAL_REPRESENTATION('',(#5546),#5550);
#5546 = LINE('',#5547,#5548);
#5547 = CARTESIAN_POINT('',(1.7763568394E-15,-21.));
#5548 = VECTOR('',#5549,1.);
#5549 = DIRECTION('',(0.,1.));
#5550 = ( GEOMETRIC_REPRESENTATION_CONTEXT(2) 
PARAMETRIC_REPRESENTATION_CONTEXT() REPRESENTATION_CONTEXT('2D SPACE',''
  ) );
#5551 = ADVANCED_FACE('',(#5552),#2720,.F.);
#5552 = FACE_BOUND('',#5553,.F.);
#5553 = EDGE_LOOP('',(#5554,#5555,#5556,#5577));
#5554 = ORIENTED_EDGE('',*,*,#2705,.F.);
#5555 = ORIENTED_EDGE('',*,*,#5459,.T.);
#5556 = ORIENTED_EDGE('',*,*,#5557,.T.);
#5557 = EDGE_CURVE('',#5460,#5558,#5560,.T.);
#5558 = VERTEX_POINT('',#5559);
#5559 = CARTESIAN_POINT('',(-19.6,12.828826885836,12.2));
#5560 = SURFACE_CURVE('',#5561,(#5565,#5571),.PCURVE_S1.);
#5561 = LINE('',#5562,#5563);
#5562 = CARTESIAN_POINT('',(-19.6,-42.30757471977,12.2));
#5563 = VECTOR('',#5564,1.);
#5564 = DIRECTION('',(0.,-1.,0.));
#5565 = PCURVE('',#2720,#5566);
#5566 = DEFINITIONAL_REPRESENTATION('',(#5567),#5570);
#5567 = B_SPLINE_CURVE_WITH_KNOTS('',1,(#5568,#5569),.UNSPECIFIED.,.F.,
  .F.,(2,2),(-58.24821430682,-55.13640160561),.PIECEWISE_BEZIER_KNOTS.);
#5568 = CARTESIAN_POINT('',(80.4,115.94063958704));
#5569 = CARTESIAN_POINT('',(80.4,112.82882688583));
#5570 = ( GEOMETRIC_REPRESENTATION_CONTEXT(2) 
PARAMETRIC_REPRESENTATION_CONTEXT() REPRESENTATION_CONTEXT('2D SPACE',''
  ) );
#5571 = PCURVE('',#5540,#5572);
#5572 = DEFINITIONAL_REPRESENTATION('',(#5573),#5576);
#5573 = B_SPLINE_CURVE_WITH_KNOTS('',1,(#5574,#5575),.UNSPECIFIED.,.F.,
  .F.,(2,2),(-58.24821430682,-55.13640160561),.PIECEWISE_BEZIER_KNOTS.);
#5574 = CARTESIAN_POINT('',(0.,-1.315108874648));
#5575 = CARTESIAN_POINT('',(2.820260082906,3.552713678801E-15));
#5576 = ( GEOMETRIC_REPRESENTATION_CONTEXT(2) 
PARAMETRIC_REPRESENTATION_CONTEXT() REPRESENTATION_CONTEXT('2D SPACE',''
  ) );
#5577 = ORIENTED_EDGE('',*,*,#5578,.T.);
#5578 = EDGE_CURVE('',#5558,#2678,#5579,.T.);
#5579 = SURFACE_CURVE('',#5580,(#5584,#5590),.PCURVE_S1.);
#5580 = LINE('',#5581,#5582);
#5581 = CARTESIAN_POINT('',(-59.8,12.828826885836,12.2));
#5582 = VECTOR('',#5583,1.);
#5583 = DIRECTION('',(1.,0.,0.));
#5584 = PCURVE('',#2720,#5585);
#5585 = DEFINITIONAL_REPRESENTATION('',(#5586),#5589);
#5586 = B_SPLINE_CURVE_WITH_KNOTS('',1,(#5587,#5588),.UNSPECIFIED.,.F.,
  .F.,(2,2),(40.2,47.4),.PIECEWISE_BEZIER_KNOTS.);
#5587 = CARTESIAN_POINT('',(80.4,112.82882688583));
#5588 = CARTESIAN_POINT('',(87.6,112.82882688583));
#5589 = ( GEOMETRIC_REPRESENTATION_CONTEXT(2) 
PARAMETRIC_REPRESENTATION_CONTEXT() REPRESENTATION_CONTEXT('2D SPACE',''
  ) );
#5590 = PCURVE('',#2693,#5591);
#5591 = DEFINITIONAL_REPRESENTATION('',(#5592),#5595);
#5592 = B_SPLINE_CURVE_WITH_KNOTS('',1,(#5593,#5594),.UNSPECIFIED.,.F.,
  .F.,(2,2),(40.2,47.4),.PIECEWISE_BEZIER_KNOTS.);
#5593 = CARTESIAN_POINT('',(2.820260082906,0.));
#5594 = CARTESIAN_POINT('',(2.820260082906,7.2));
#5595 = ( GEOMETRIC_REPRESENTATION_CONTEXT(2) 
PARAMETRIC_REPRESENTATION_CONTEXT() REPRESENTATION_CONTEXT('2D SPACE',''
  ) );
#5596 = ADVANCED_FACE('',(#5597),#2693,.F.);
#5597 = FACE_BOUND('',#5598,.F.);
#5598 = EDGE_LOOP('',(#5599,#5600,#5601,#5624));
#5599 = ORIENTED_EDGE('',*,*,#2677,.F.);
#5600 = ORIENTED_EDGE('',*,*,#5578,.F.);
#5601 = ORIENTED_EDGE('',*,*,#5602,.T.);
#5602 = EDGE_CURVE('',#5558,#5603,#5605,.T.);
#5603 = VERTEX_POINT('',#5604);
#5604 = CARTESIAN_POINT('',(-19.6,12.756557978036,12.233699545154));
#5605 = SURFACE_CURVE('',#5606,(#5610,#5617),.PCURVE_S1.);
#5606 = LINE('',#5607,#5608);
#5607 = CARTESIAN_POINT('',(-19.6,15.384850560442,11.008106586105));
#5608 = VECTOR('',#5609,1.);
#5609 = DIRECTION('',(0.,-0.906307787037,0.422618261741));
#5610 = PCURVE('',#2693,#5611);
#5611 = DEFINITIONAL_REPRESENTATION('',(#5612),#5616);
#5612 = LINE('',#5613,#5614);
#5613 = CARTESIAN_POINT('',(0.,0.));
#5614 = VECTOR('',#5615,1.);
#5615 = DIRECTION('',(1.,0.));
#5616 = ( GEOMETRIC_REPRESENTATION_CONTEXT(2) 
PARAMETRIC_REPRESENTATION_CONTEXT() REPRESENTATION_CONTEXT('2D SPACE',''
  ) );
#5617 = PCURVE('',#5540,#5618);
#5618 = DEFINITIONAL_REPRESENTATION('',(#5619),#5623);
#5619 = LINE('',#5620,#5621);
#5620 = CARTESIAN_POINT('',(0.,0.));
#5621 = VECTOR('',#5622,1.);
#5622 = DIRECTION('',(1.,0.));
#5623 = ( GEOMETRIC_REPRESENTATION_CONTEXT(2) 
PARAMETRIC_REPRESENTATION_CONTEXT() REPRESENTATION_CONTEXT('2D SPACE',''
  ) );
#5624 = ORIENTED_EDGE('',*,*,#5625,.T.);
#5625 = EDGE_CURVE('',#5603,#2650,#5626,.T.);
#5626 = SURFACE_CURVE('',#5627,(#5631,#5638),.PCURVE_S1.);
#5627 = LINE('',#5628,#5629);
#5628 = CARTESIAN_POINT('',(-19.6,12.756557978036,12.233699545154));
#5629 = VECTOR('',#5630,1.);
#5630 = DIRECTION('',(1.,0.,0.));
#5631 = PCURVE('',#2693,#5632);
#5632 = DEFINITIONAL_REPRESENTATION('',(#5633),#5637);
#5633 = LINE('',#5634,#5635);
#5634 = CARTESIAN_POINT('',(2.9,0.));
#5635 = VECTOR('',#5636,1.);
#5636 = DIRECTION('',(0.,1.));
#5637 = ( GEOMETRIC_REPRESENTATION_CONTEXT(2) 
PARAMETRIC_REPRESENTATION_CONTEXT() REPRESENTATION_CONTEXT('2D SPACE',''
  ) );
#5638 = PCURVE('',#2665,#5639);
#5639 = DEFINITIONAL_REPRESENTATION('',(#5640),#5644);
#5640 = LINE('',#5641,#5642);
#5641 = CARTESIAN_POINT('',(3.6,-18.4));
#5642 = VECTOR('',#5643,1.);
#5643 = DIRECTION('',(1.,0.));
#5644 = ( GEOMETRIC_REPRESENTATION_CONTEXT(2) 
PARAMETRIC_REPRESENTATION_CONTEXT() REPRESENTATION_CONTEXT('2D SPACE',''
  ) );
#5645 = ADVANCED_FACE('',(#5646),#2665,.T.);
#5646 = FACE_BOUND('',#5647,.T.);
#5647 = EDGE_LOOP('',(#5648,#5649,#5670,#5671));
#5648 = ORIENTED_EDGE('',*,*,#2825,.T.);
#5649 = ORIENTED_EDGE('',*,*,#5650,.F.);
#5650 = EDGE_CURVE('',#5603,#2826,#5651,.T.);
#5651 = SURFACE_CURVE('',#5652,(#5656,#5663),.PCURVE_S1.);
#5652 = LINE('',#5653,#5654);
#5653 = CARTESIAN_POINT('',(-19.6,12.756557978036,12.233699545154));
#5654 = VECTOR('',#5655,1.);
#5655 = DIRECTION('',(0.,0.422618261741,0.906307787037));
#5656 = PCURVE('',#2665,#5657);
#5657 = DEFINITIONAL_REPRESENTATION('',(#5658),#5662);
#5658 = LINE('',#5659,#5660);
#5659 = CARTESIAN_POINT('',(3.6,-18.4));
#5660 = VECTOR('',#5661,1.);
#5661 = DIRECTION('',(0.,1.));
#5662 = ( GEOMETRIC_REPRESENTATION_CONTEXT(2) 
PARAMETRIC_REPRESENTATION_CONTEXT() REPRESENTATION_CONTEXT('2D SPACE',''
  ) );
#5663 = PCURVE('',#5540,#5664);
#5664 = DEFINITIONAL_REPRESENTATION('',(#5665),#5669);
#5665 = LINE('',#5666,#5667);
#5666 = CARTESIAN_POINT('',(2.9,8.881784197001E-16));
#5667 = VECTOR('',#5668,1.);
#5668 = DIRECTION('',(0.,-1.));
#5669 = ( GEOMETRIC_REPRESENTATION_CONTEXT(2) 
PARAMETRIC_REPRESENTATION_CONTEXT() REPRESENTATION_CONTEXT('2D SPACE',''
  ) );
#5670 = ORIENTED_EDGE('',*,*,#5625,.T.);
#5671 = ORIENTED_EDGE('',*,*,#2649,.T.);
#5672 = ADVANCED_FACE('',(#5673,#5720),#2931,.T.);
#5673 = FACE_BOUND('',#5674,.T.);
#5674 = EDGE_LOOP('',(#5675,#5698,#5717,#5718,#5719));
#5675 = ORIENTED_EDGE('',*,*,#5676,.F.);
#5676 = EDGE_CURVE('',#5677,#3112,#5679,.T.);
#5677 = VERTEX_POINT('',#5678);
#5678 = CARTESIAN_POINT('',(-21.7,13.324053502755,17.));
#5679 = SURFACE_CURVE('',#5680,(#5684,#5691),.PCURVE_S1.);
#5680 = LINE('',#5681,#5682);
#5681 = CARTESIAN_POINT('',(-21.7,11.228048992785,12.50510382295));
#5682 = VECTOR('',#5683,1.);
#5683 = DIRECTION('',(0.,0.422618261741,0.906307787037));
#5684 = PCURVE('',#2931,#5685);
#5685 = DEFINITIONAL_REPRESENTATION('',(#5686),#5690);
#5686 = LINE('',#5687,#5688);
#5687 = CARTESIAN_POINT('',(0.,0.));
#5688 = VECTOR('',#5689,1.);
#5689 = DIRECTION('',(0.,1.));
#5690 = ( GEOMETRIC_REPRESENTATION_CONTEXT(2) 
PARAMETRIC_REPRESENTATION_CONTEXT() REPRESENTATION_CONTEXT('2D SPACE',''
  ) );
#5691 = PCURVE('',#3127,#5692);
#5692 = DEFINITIONAL_REPRESENTATION('',(#5693),#5697);
#5693 = LINE('',#5694,#5695);
#5694 = CARTESIAN_POINT('',(0.,0.));
#5695 = VECTOR('',#5696,1.);
#5696 = DIRECTION('',(0.,-1.));
#5697 = ( GEOMETRIC_REPRESENTATION_CONTEXT(2) 
PARAMETRIC_REPRESENTATION_CONTEXT() REPRESENTATION_CONTEXT('2D SPACE',''
  ) );
#5698 = ORIENTED_EDGE('',*,*,#5699,.T.);
#5699 = EDGE_CURVE('',#5677,#2885,#5700,.T.);
#5700 = SURFACE_CURVE('',#5701,(#5705,#5711),.PCURVE_S1.);
#5701 = LINE('',#5702,#5703);
#5702 = CARTESIAN_POINT('',(-25.85,13.324053502755,17.));
#5703 = VECTOR('',#5704,1.);
#5704 = DIRECTION('',(1.,0.,-0.));
#5705 = PCURVE('',#2931,#5706);
#5706 = DEFINITIONAL_REPRESENTATION('',(#5707),#5710);
#5707 = B_SPLINE_CURVE_WITH_KNOTS('',1,(#5708,#5709),.UNSPECIFIED.,.F.,
  .F.,(2,2),(4.15,11.85),.PIECEWISE_BEZIER_KNOTS.);
#5708 = CARTESIAN_POINT('',(0.,4.959569189786));
#5709 = CARTESIAN_POINT('',(7.7,4.959569189786));
#5710 = ( GEOMETRIC_REPRESENTATION_CONTEXT(2) 
PARAMETRIC_REPRESENTATION_CONTEXT() REPRESENTATION_CONTEXT('2D SPACE',''
  ) );
#5711 = PCURVE('',#2904,#5712);
#5712 = DEFINITIONAL_REPRESENTATION('',(#5713),#5716);
#5713 = B_SPLINE_CURVE_WITH_KNOTS('',1,(#5714,#5715),.UNSPECIFIED.,.F.,
  .F.,(2,2),(4.15,11.85),.PIECEWISE_BEZIER_KNOTS.);
#5714 = CARTESIAN_POINT('',(8.3,1.324053502755));
#5715 = CARTESIAN_POINT('',(16.,1.324053502755));
#5716 = ( GEOMETRIC_REPRESENTATION_CONTEXT(2) 
PARAMETRIC_REPRESENTATION_CONTEXT() REPRESENTATION_CONTEXT('2D SPACE',''
  ) );
#5717 = ORIENTED_EDGE('',*,*,#2916,.F.);
#5718 = ORIENTED_EDGE('',*,*,#2973,.F.);
#5719 = ORIENTED_EDGE('',*,*,#3138,.F.);
#5720 = FACE_BOUND('',#5721,.T.);
#5721 = EDGE_LOOP('',(#5722,#5757,#5783));
#5722 = ORIENTED_EDGE('',*,*,#5723,.T.);
#5723 = EDGE_CURVE('',#5724,#5726,#5728,.T.);
#5724 = VERTEX_POINT('',#5725);
#5725 = CARTESIAN_POINT('',(-14.25,13.087569344444,16.492858085911));
#5726 = VERTEX_POINT('',#5727);
#5727 = CARTESIAN_POINT('',(-17.65812614774,13.324053502755,17.));
#5728 = SURFACE_CURVE('',#5729,(#5734,#5745),.PCURVE_S1.);
#5729 = CIRCLE('',#5730,1.75);
#5730 = AXIS2_PLACEMENT_3D('',#5731,#5732,#5733);
#5731 = CARTESIAN_POINT('',(-16.,13.087569344444,16.492858085911));
#5732 = DIRECTION('',(0.,0.906307787037,-0.422618261741));
#5733 = DIRECTION('',(1.,0.,0.));
#5734 = PCURVE('',#2931,#5735);
#5735 = DEFINITIONAL_REPRESENTATION('',(#5736),#5744);
#5736 = ( BOUNDED_CURVE() B_SPLINE_CURVE(2,(#5737,#5738,#5739,#5740,
#5741,#5742,#5743),.UNSPECIFIED.,.T.,.F.) B_SPLINE_CURVE_WITH_KNOTS((1,2
    ,2,2,2,1),(-2.094395102393,0.,2.094395102393,4.188790204786,
6.28318530718,8.377580409573),.UNSPECIFIED.) CURVE() 
GEOMETRIC_REPRESENTATION_ITEM() RATIONAL_B_SPLINE_CURVE((1.,0.5,1.,0.5,
1.,0.5,1.)) REPRESENTATION_ITEM('') );
#5737 = CARTESIAN_POINT('',(7.45,4.4));
#5738 = CARTESIAN_POINT('',(7.45,1.368911086754));
#5739 = CARTESIAN_POINT('',(4.825,2.884455543377));
#5740 = CARTESIAN_POINT('',(2.2,4.4));
#5741 = CARTESIAN_POINT('',(4.825,5.915544456623));
#5742 = CARTESIAN_POINT('',(7.45,7.431088913246));
#5743 = CARTESIAN_POINT('',(7.45,4.4));
#5744 = ( GEOMETRIC_REPRESENTATION_CONTEXT(2) 
PARAMETRIC_REPRESENTATION_CONTEXT() REPRESENTATION_CONTEXT('2D SPACE',''
  ) );
#5745 = PCURVE('',#5746,#5751);
#5746 = CYLINDRICAL_SURFACE('',#5747,1.75);
#5747 = AXIS2_PLACEMENT_3D('',#5748,#5749,#5750);
#5748 = CARTESIAN_POINT('',(-16.,15.897123484258,15.182741474515));
#5749 = DIRECTION('',(-0.,0.906307787037,-0.422618261741));
#5750 = DIRECTION('',(1.,0.,0.));
#5751 = DEFINITIONAL_REPRESENTATION('',(#5752),#5756);
#5752 = LINE('',#5753,#5754);
#5753 = CARTESIAN_POINT('',(-6.28318530718,-3.1));
#5754 = VECTOR('',#5755,1.);
#5755 = DIRECTION('',(1.,-0.));
#5756 = ( GEOMETRIC_REPRESENTATION_CONTEXT(2) 
PARAMETRIC_REPRESENTATION_CONTEXT() REPRESENTATION_CONTEXT('2D SPACE',''
  ) );
#5757 = ORIENTED_EDGE('',*,*,#5758,.T.);
#5758 = EDGE_CURVE('',#5726,#5759,#5761,.T.);
#5759 = VERTEX_POINT('',#5760);
#5760 = CARTESIAN_POINT('',(-14.34187385225,13.324053502755,17.));
#5761 = SURFACE_CURVE('',#5762,(#5766,#5772),.PCURVE_S1.);
#5762 = LINE('',#5763,#5764);
#5763 = CARTESIAN_POINT('',(-25.85,13.324053502755,17.));
#5764 = VECTOR('',#5765,1.);
#5765 = DIRECTION('',(1.,0.,-0.));
#5766 = PCURVE('',#2931,#5767);
#5767 = DEFINITIONAL_REPRESENTATION('',(#5768),#5771);
#5768 = B_SPLINE_CURVE_WITH_KNOTS('',1,(#5769,#5770),.UNSPECIFIED.,.F.,
  .F.,(2,2),(4.15,11.85),.PIECEWISE_BEZIER_KNOTS.);
#5769 = CARTESIAN_POINT('',(0.,4.959569189786));
#5770 = CARTESIAN_POINT('',(7.7,4.959569189786));
#5771 = ( GEOMETRIC_REPRESENTATION_CONTEXT(2) 
PARAMETRIC_REPRESENTATION_CONTEXT() REPRESENTATION_CONTEXT('2D SPACE',''
  ) );
#5772 = PCURVE('',#5773,#5778);
#5773 = PLANE('',#5774);
#5774 = AXIS2_PLACEMENT_3D('',#5775,#5776,#5777);
#5775 = CARTESIAN_POINT('',(-30.,12.,17.));
#5776 = DIRECTION('',(0.,0.,1.));
#5777 = DIRECTION('',(1.,0.,0.));
#5778 = DEFINITIONAL_REPRESENTATION('',(#5779),#5782);
#5779 = B_SPLINE_CURVE_WITH_KNOTS('',1,(#5780,#5781),.UNSPECIFIED.,.F.,
  .F.,(2,2),(4.15,11.85),.PIECEWISE_BEZIER_KNOTS.);
#5780 = CARTESIAN_POINT('',(8.3,1.324053502755));
#5781 = CARTESIAN_POINT('',(16.,1.324053502755));
#5782 = ( GEOMETRIC_REPRESENTATION_CONTEXT(2) 
PARAMETRIC_REPRESENTATION_CONTEXT() REPRESENTATION_CONTEXT('2D SPACE',''
  ) );
#5783 = ORIENTED_EDGE('',*,*,#5784,.T.);
#5784 = EDGE_CURVE('',#5759,#5724,#5785,.T.);
#5785 = SURFACE_CURVE('',#5786,(#5791,#5802),.PCURVE_S1.);
#5786 = CIRCLE('',#5787,1.75);
#5787 = AXIS2_PLACEMENT_3D('',#5788,#5789,#5790);
#5788 = CARTESIAN_POINT('',(-16.,13.087569344444,16.492858085911));
#5789 = DIRECTION('',(0.,0.906307787037,-0.422618261741));
#5790 = DIRECTION('',(1.,0.,0.));
#5791 = PCURVE('',#2931,#5792);
#5792 = DEFINITIONAL_REPRESENTATION('',(#5793),#5801);
#5793 = ( BOUNDED_CURVE() B_SPLINE_CURVE(2,(#5794,#5795,#5796,#5797,
#5798,#5799,#5800),.UNSPECIFIED.,.T.,.F.) B_SPLINE_CURVE_WITH_KNOTS((1,2
    ,2,2,2,1),(-2.094395102393,0.,2.094395102393,4.188790204786,
6.28318530718,8.377580409573),.UNSPECIFIED.) CURVE() 
GEOMETRIC_REPRESENTATION_ITEM() RATIONAL_B_SPLINE_CURVE((1.,0.5,1.,0.5,
1.,0.5,1.)) REPRESENTATION_ITEM('') );
#5794 = CARTESIAN_POINT('',(7.45,4.4));
#5795 = CARTESIAN_POINT('',(7.45,1.368911086754));
#5796 = CARTESIAN_POINT('',(4.825,2.884455543377));
#5797 = CARTESIAN_POINT('',(2.2,4.4));
#5798 = CARTESIAN_POINT('',(4.825,5.915544456623));
#5799 = CARTESIAN_POINT('',(7.45,7.431088913246));
#5800 = CARTESIAN_POINT('',(7.45,4.4));
#5801 = ( GEOMETRIC_REPRESENTATION_CONTEXT(2) 
PARAMETRIC_REPRESENTATION_CONTEXT() REPRESENTATION_CONTEXT('2D SPACE',''
  ) );
#5802 = PCURVE('',#5746,#5803);
#5803 = DEFINITIONAL_REPRESENTATION('',(#5804),#5808);
#5804 = LINE('',#5805,#5806);
#5805 = CARTESIAN_POINT('',(-6.28318530718,-3.1));
#5806 = VECTOR('',#5807,1.);
#5807 = DIRECTION('',(1.,-0.));
#5808 = ( GEOMETRIC_REPRESENTATION_CONTEXT(2) 
PARAMETRIC_REPRESENTATION_CONTEXT() REPRESENTATION_CONTEXT('2D SPACE',''
  ) );
#5809 = ADVANCED_FACE('',(#5810,#5966),#2904,.F.);
#5810 = FACE_BOUND('',#5811,.F.);
#5811 = EDGE_LOOP('',(#5812,#5835,#5858,#5881,#5904,#5923,#5924,#5925,
    #5946,#5965));
#5812 = ORIENTED_EDGE('',*,*,#5813,.T.);
#5813 = EDGE_CURVE('',#5485,#5814,#5816,.T.);
#5814 = VERTEX_POINT('',#5815);
#5815 = CARTESIAN_POINT('',(-14.,28.,17.));
#5816 = SURFACE_CURVE('',#5817,(#5821,#5828),.PCURVE_S1.);
#5817 = LINE('',#5818,#5819);
#5818 = CARTESIAN_POINT('',(-14.,12.,17.));
#5819 = VECTOR('',#5820,1.);
#5820 = DIRECTION('',(0.,1.,0.));
#5821 = PCURVE('',#2904,#5822);
#5822 = DEFINITIONAL_REPRESENTATION('',(#5823),#5827);
#5823 = LINE('',#5824,#5825);
#5824 = CARTESIAN_POINT('',(16.,0.));
#5825 = VECTOR('',#5826,1.);
#5826 = DIRECTION('',(0.,1.));
#5827 = ( GEOMETRIC_REPRESENTATION_CONTEXT(2) 
PARAMETRIC_REPRESENTATION_CONTEXT() REPRESENTATION_CONTEXT('2D SPACE',''
  ) );
#5828 = PCURVE('',#3015,#5829);
#5829 = DEFINITIONAL_REPRESENTATION('',(#5830),#5834);
#5830 = LINE('',#5831,#5832);
#5831 = CARTESIAN_POINT('',(0.,0.));
#5832 = VECTOR('',#5833,1.);
#5833 = DIRECTION('',(0.,-1.));
#5834 = ( GEOMETRIC_REPRESENTATION_CONTEXT(2) 
PARAMETRIC_REPRESENTATION_CONTEXT() REPRESENTATION_CONTEXT('2D SPACE',''
  ) );
#5835 = ORIENTED_EDGE('',*,*,#5836,.F.);
#5836 = EDGE_CURVE('',#5837,#5814,#5839,.T.);
#5837 = VERTEX_POINT('',#5838);
#5838 = CARTESIAN_POINT('',(-30.,28.,17.));
#5839 = SURFACE_CURVE('',#5840,(#5844,#5851),.PCURVE_S1.);
#5840 = LINE('',#5841,#5842);
#5841 = CARTESIAN_POINT('',(-30.,28.,17.));
#5842 = VECTOR('',#5843,1.);
#5843 = DIRECTION('',(1.,0.,0.));
#5844 = PCURVE('',#2904,#5845);
#5845 = DEFINITIONAL_REPRESENTATION('',(#5846),#5850);
#5846 = LINE('',#5847,#5848);
#5847 = CARTESIAN_POINT('',(0.,16.));
#5848 = VECTOR('',#5849,1.);
#5849 = DIRECTION('',(1.,0.));
#5850 = ( GEOMETRIC_REPRESENTATION_CONTEXT(2) 
PARAMETRIC_REPRESENTATION_CONTEXT() REPRESENTATION_CONTEXT('2D SPACE',''
  ) );
#5851 = PCURVE('',#3043,#5852);
#5852 = DEFINITIONAL_REPRESENTATION('',(#5853),#5857);
#5853 = LINE('',#5854,#5855);
#5854 = CARTESIAN_POINT('',(0.,0.));
#5855 = VECTOR('',#5856,1.);
#5856 = DIRECTION('',(0.,1.));
#5857 = ( GEOMETRIC_REPRESENTATION_CONTEXT(2) 
PARAMETRIC_REPRESENTATION_CONTEXT() REPRESENTATION_CONTEXT('2D SPACE',''
  ) );
#5858 = ORIENTED_EDGE('',*,*,#5859,.F.);
#5859 = EDGE_CURVE('',#5860,#5837,#5862,.T.);
#5860 = VERTEX_POINT('',#5861);
#5861 = CARTESIAN_POINT('',(-30.,12.,17.));
#5862 = SURFACE_CURVE('',#5863,(#5867,#5874),.PCURVE_S1.);
#5863 = LINE('',#5864,#5865);
#5864 = CARTESIAN_POINT('',(-30.,12.,17.));
#5865 = VECTOR('',#5866,1.);
#5866 = DIRECTION('',(0.,1.,0.));
#5867 = PCURVE('',#2904,#5868);
#5868 = DEFINITIONAL_REPRESENTATION('',(#5869),#5873);
#5869 = LINE('',#5870,#5871);
#5870 = CARTESIAN_POINT('',(0.,0.));
#5871 = VECTOR('',#5872,1.);
#5872 = DIRECTION('',(0.,1.));
#5873 = ( GEOMETRIC_REPRESENTATION_CONTEXT(2) 
PARAMETRIC_REPRESENTATION_CONTEXT() REPRESENTATION_CONTEXT('2D SPACE',''
  ) );
#5874 = PCURVE('',#3071,#5875);
#5875 = DEFINITIONAL_REPRESENTATION('',(#5876),#5880);
#5876 = LINE('',#5877,#5878);
#5877 = CARTESIAN_POINT('',(0.,0.));
#5878 = VECTOR('',#5879,1.);
#5879 = DIRECTION('',(0.,-1.));
#5880 = ( GEOMETRIC_REPRESENTATION_CONTEXT(2) 
PARAMETRIC_REPRESENTATION_CONTEXT() REPRESENTATION_CONTEXT('2D SPACE',''
  ) );
#5881 = ORIENTED_EDGE('',*,*,#5882,.T.);
#5882 = EDGE_CURVE('',#5860,#5883,#5885,.T.);
#5883 = VERTEX_POINT('',#5884);
#5884 = CARTESIAN_POINT('',(-21.7,12.,17.));
#5885 = SURFACE_CURVE('',#5886,(#5890,#5897),.PCURVE_S1.);
#5886 = LINE('',#5887,#5888);
#5887 = CARTESIAN_POINT('',(-30.,12.,17.));
#5888 = VECTOR('',#5889,1.);
#5889 = DIRECTION('',(1.,0.,0.));
#5890 = PCURVE('',#2904,#5891);
#5891 = DEFINITIONAL_REPRESENTATION('',(#5892),#5896);
#5892 = LINE('',#5893,#5894);
#5893 = CARTESIAN_POINT('',(0.,0.));
#5894 = VECTOR('',#5895,1.);
#5895 = DIRECTION('',(1.,0.));
#5896 = ( GEOMETRIC_REPRESENTATION_CONTEXT(2) 
PARAMETRIC_REPRESENTATION_CONTEXT() REPRESENTATION_CONTEXT('2D SPACE',''
  ) );
#5897 = PCURVE('',#3099,#5898);
#5898 = DEFINITIONAL_REPRESENTATION('',(#5899),#5903);
#5899 = LINE('',#5900,#5901);
#5900 = CARTESIAN_POINT('',(0.,0.));
#5901 = VECTOR('',#5902,1.);
#5902 = DIRECTION('',(0.,1.));
#5903 = ( GEOMETRIC_REPRESENTATION_CONTEXT(2) 
PARAMETRIC_REPRESENTATION_CONTEXT() REPRESENTATION_CONTEXT('2D SPACE',''
  ) );
#5904 = ORIENTED_EDGE('',*,*,#5905,.T.);
#5905 = EDGE_CURVE('',#5883,#5677,#5906,.T.);
#5906 = SURFACE_CURVE('',#5907,(#5911,#5917),.PCURVE_S1.);
#5907 = LINE('',#5908,#5909);
#5908 = CARTESIAN_POINT('',(-21.7,11.614024496392,17.));
#5909 = VECTOR('',#5910,1.);
#5910 = DIRECTION('',(0.,1.,0.));
#5911 = PCURVE('',#2904,#5912);
#5912 = DEFINITIONAL_REPRESENTATION('',(#5913),#5916);
#5913 = B_SPLINE_CURVE_WITH_KNOTS('',1,(#5914,#5915),.UNSPECIFIED.,.F.,
  .F.,(2,2),(0.385975503608,1.710029006363),.PIECEWISE_BEZIER_KNOTS.);
#5914 = CARTESIAN_POINT('',(8.3,0.));
#5915 = CARTESIAN_POINT('',(8.3,1.324053502755));
#5916 = ( GEOMETRIC_REPRESENTATION_CONTEXT(2) 
PARAMETRIC_REPRESENTATION_CONTEXT() REPRESENTATION_CONTEXT('2D SPACE',''
  ) );
#5917 = PCURVE('',#3127,#5918);
#5918 = DEFINITIONAL_REPRESENTATION('',(#5919),#5922);
#5919 = B_SPLINE_CURVE_WITH_KNOTS('',1,(#5920,#5921),.UNSPECIFIED.,.F.,
  .F.,(2,2),(0.385975503608,1.710029006363),.PIECEWISE_BEZIER_KNOTS.);
#5920 = CARTESIAN_POINT('',(1.2,-4.4));
#5921 = CARTESIAN_POINT('',(-6.883382752676E-15,-4.959569189786));
#5922 = ( GEOMETRIC_REPRESENTATION_CONTEXT(2) 
PARAMETRIC_REPRESENTATION_CONTEXT() REPRESENTATION_CONTEXT('2D SPACE',''
  ) );
#5923 = ORIENTED_EDGE('',*,*,#5699,.T.);
#5924 = ORIENTED_EDGE('',*,*,#2884,.F.);
#5925 = ORIENTED_EDGE('',*,*,#5926,.T.);
#5926 = EDGE_CURVE('',#2853,#5927,#5929,.T.);
#5927 = VERTEX_POINT('',#5928);
#5928 = CARTESIAN_POINT('',(-19.6,14.979120381199,17.));
#5929 = SURFACE_CURVE('',#5930,(#5934,#5940),.PCURVE_S1.);
#5930 = LINE('',#5931,#5932);
#5931 = CARTESIAN_POINT('',(-26.6,14.979120381199,17.));
#5932 = VECTOR('',#5933,1.);
#5933 = DIRECTION('',(-1.,0.,0.));
#5934 = PCURVE('',#2904,#5935);
#5935 = DEFINITIONAL_REPRESENTATION('',(#5936),#5939);
#5936 = B_SPLINE_CURVE_WITH_KNOTS('',1,(#5937,#5938),.UNSPECIFIED.,.F.,
  .F.,(2,2),(-12.6,-3.4),.PIECEWISE_BEZIER_KNOTS.);
#5937 = CARTESIAN_POINT('',(16.,2.979120381199));
#5938 = CARTESIAN_POINT('',(6.8,2.979120381199));
#5939 = ( GEOMETRIC_REPRESENTATION_CONTEXT(2) 
PARAMETRIC_REPRESENTATION_CONTEXT() REPRESENTATION_CONTEXT('2D SPACE',''
  ) );
#5940 = PCURVE('',#2868,#5941);
#5941 = DEFINITIONAL_REPRESENTATION('',(#5942),#5945);
#5942 = B_SPLINE_CURVE_WITH_KNOTS('',1,(#5943,#5944),.UNSPECIFIED.,.F.,
  .F.,(2,2),(-12.6,-3.4),.PIECEWISE_BEZIER_KNOTS.);
#5943 = CARTESIAN_POINT('',(9.2,-13.14096932298));
#5944 = CARTESIAN_POINT('',(-4.440892098501E-15,-13.14096932298));
#5945 = ( GEOMETRIC_REPRESENTATION_CONTEXT(2) 
PARAMETRIC_REPRESENTATION_CONTEXT() REPRESENTATION_CONTEXT('2D SPACE',''
  ) );
#5946 = ORIENTED_EDGE('',*,*,#5947,.F.);
#5947 = EDGE_CURVE('',#5506,#5927,#5948,.T.);
#5948 = SURFACE_CURVE('',#5949,(#5953,#5959),.PCURVE_S1.);
#5949 = LINE('',#5950,#5951);
#5950 = CARTESIAN_POINT('',(-19.6,13.692425280221,17.));
#5951 = VECTOR('',#5952,1.);
#5952 = DIRECTION('',(0.,-1.,0.));
#5953 = PCURVE('',#2904,#5954);
#5954 = DEFINITIONAL_REPRESENTATION('',(#5955),#5958);
#5955 = B_SPLINE_CURVE_WITH_KNOTS('',1,(#5956,#5957),.UNSPECIFIED.,.F.,
  .F.,(2,2),(-4.486491065969,-1.286695100978),.PIECEWISE_BEZIER_KNOTS.);
#5956 = CARTESIAN_POINT('',(10.4,6.17891634619));
#5957 = CARTESIAN_POINT('',(10.4,2.979120381199));
#5958 = ( GEOMETRIC_REPRESENTATION_CONTEXT(2) 
PARAMETRIC_REPRESENTATION_CONTEXT() REPRESENTATION_CONTEXT('2D SPACE',''
  ) );
#5959 = PCURVE('',#5540,#5960);
#5960 = DEFINITIONAL_REPRESENTATION('',(#5961),#5964);
#5961 = B_SPLINE_CURVE_WITH_KNOTS('',1,(#5962,#5963),.UNSPECIFIED.,.F.,
  .F.,(2,2),(-4.486491065969,-1.286695100978),.PIECEWISE_BEZIER_KNOTS.);
#5962 = CARTESIAN_POINT('',(0.,-6.611322885668));
#5963 = CARTESIAN_POINT('',(2.9,-5.259030677018));
#5964 = ( GEOMETRIC_REPRESENTATION_CONTEXT(2) 
PARAMETRIC_REPRESENTATION_CONTEXT() REPRESENTATION_CONTEXT('2D SPACE',''
  ) );
#5965 = ORIENTED_EDGE('',*,*,#5505,.F.);
#5966 = FACE_BOUND('',#5967,.F.);
#5967 = EDGE_LOOP('',(#5968));
#5968 = ORIENTED_EDGE('',*,*,#5969,.T.);
#5969 = EDGE_CURVE('',#5970,#5970,#5972,.T.);
#5970 = VERTEX_POINT('',#5971);
#5971 = CARTESIAN_POINT('',(-24.75,24.,17.));
#5972 = SURFACE_CURVE('',#5973,(#5978,#5989),.PCURVE_S1.);
#5973 = CIRCLE('',#5974,1.25);
#5974 = AXIS2_PLACEMENT_3D('',#5975,#5976,#5977);
#5975 = CARTESIAN_POINT('',(-26.,24.,17.));
#5976 = DIRECTION('',(0.,0.,-1.));
#5977 = DIRECTION('',(1.,0.,0.));
#5978 = PCURVE('',#2904,#5979);
#5979 = DEFINITIONAL_REPRESENTATION('',(#5980),#5988);
#5980 = ( BOUNDED_CURVE() B_SPLINE_CURVE(2,(#5981,#5982,#5983,#5984,
#5985,#5986,#5987),.UNSPECIFIED.,.T.,.F.) B_SPLINE_CURVE_WITH_KNOTS((1,2
    ,2,2,2,1),(-2.094395102393,0.,2.094395102393,4.188790204786,
6.28318530718,8.377580409573),.UNSPECIFIED.) CURVE() 
GEOMETRIC_REPRESENTATION_ITEM() RATIONAL_B_SPLINE_CURVE((1.,0.5,1.,0.5,
1.,0.5,1.)) REPRESENTATION_ITEM('') );
#5981 = CARTESIAN_POINT('',(5.25,12.));
#5982 = CARTESIAN_POINT('',(5.25,9.834936490539));
#5983 = CARTESIAN_POINT('',(3.375,10.917468245269));
#5984 = CARTESIAN_POINT('',(1.5,12.));
#5985 = CARTESIAN_POINT('',(3.375,13.082531754731));
#5986 = CARTESIAN_POINT('',(5.25,14.165063509461));
#5987 = CARTESIAN_POINT('',(5.25,12.));
#5988 = ( GEOMETRIC_REPRESENTATION_CONTEXT(2) 
PARAMETRIC_REPRESENTATION_CONTEXT() REPRESENTATION_CONTEXT('2D SPACE',''
  ) );
#5989 = PCURVE('',#3225,#5990);
#5990 = DEFINITIONAL_REPRESENTATION('',(#5991),#5995);
#5991 = LINE('',#5992,#5993);
#5992 = CARTESIAN_POINT('',(-6.28318530718,-1.));
#5993 = VECTOR('',#5994,1.);
#5994 = DIRECTION('',(1.,-0.));
#5995 = ( GEOMETRIC_REPRESENTATION_CONTEXT(2) 
PARAMETRIC_REPRESENTATION_CONTEXT() REPRESENTATION_CONTEXT('2D SPACE',''
  ) );
#5996 = ADVANCED_FACE('',(#5997),#2868,.T.);
#5997 = FACE_BOUND('',#5998,.T.);
#5998 = EDGE_LOOP('',(#5999,#6000,#6021));
#5999 = ORIENTED_EDGE('',*,*,#5926,.T.);
#6000 = ORIENTED_EDGE('',*,*,#6001,.F.);
#6001 = EDGE_CURVE('',#2826,#5927,#6002,.T.);
#6002 = SURFACE_CURVE('',#6003,(#6007,#6014),.PCURVE_S1.);
#6003 = LINE('',#6004,#6005);
#6004 = CARTESIAN_POINT('',(-19.6,12.756557978036,12.233699545154));
#6005 = VECTOR('',#6006,1.);
#6006 = DIRECTION('',(0.,0.422618261741,0.906307787037));
#6007 = PCURVE('',#2868,#6008);
#6008 = DEFINITIONAL_REPRESENTATION('',(#6009),#6013);
#6009 = LINE('',#6010,#6011);
#6010 = CARTESIAN_POINT('',(3.6,-18.4));
#6011 = VECTOR('',#6012,1.);
#6012 = DIRECTION('',(0.,1.));
#6013 = ( GEOMETRIC_REPRESENTATION_CONTEXT(2) 
PARAMETRIC_REPRESENTATION_CONTEXT() REPRESENTATION_CONTEXT('2D SPACE',''
  ) );
#6014 = PCURVE('',#5540,#6015);
#6015 = DEFINITIONAL_REPRESENTATION('',(#6016),#6020);
#6016 = LINE('',#6017,#6018);
#6017 = CARTESIAN_POINT('',(2.9,8.881784197001E-16));
#6018 = VECTOR('',#6019,1.);
#6019 = DIRECTION('',(0.,-1.));
#6020 = ( GEOMETRIC_REPRESENTATION_CONTEXT(2) 
PARAMETRIC_REPRESENTATION_CONTEXT() REPRESENTATION_CONTEXT('2D SPACE',''
  ) );
#6021 = ORIENTED_EDGE('',*,*,#2852,.T.);
#6022 = ADVANCED_FACE('',(#6023),#3015,.T.);
#6023 = FACE_BOUND('',#6024,.T.);
#6024 = EDGE_LOOP('',(#6025,#6026,#6027,#6028));
#6025 = ORIENTED_EDGE('',*,*,#2997,.F.);
#6026 = ORIENTED_EDGE('',*,*,#5484,.F.);
#6027 = ORIENTED_EDGE('',*,*,#5813,.T.);
#6028 = ORIENTED_EDGE('',*,*,#6029,.T.);
#6029 = EDGE_CURVE('',#5814,#3000,#6030,.T.);
#6030 = SURFACE_CURVE('',#6031,(#6035,#6042),.PCURVE_S1.);
#6031 = LINE('',#6032,#6033);
#6032 = CARTESIAN_POINT('',(-14.,28.,17.));
#6033 = VECTOR('',#6034,1.);
#6034 = DIRECTION('',(0.,0.,1.));
#6035 = PCURVE('',#3015,#6036);
#6036 = DEFINITIONAL_REPRESENTATION('',(#6037),#6041);
#6037 = LINE('',#6038,#6039);
#6038 = CARTESIAN_POINT('',(0.,-16.));
#6039 = VECTOR('',#6040,1.);
#6040 = DIRECTION('',(1.,0.));
#6041 = ( GEOMETRIC_REPRESENTATION_CONTEXT(2) 
PARAMETRIC_REPRESENTATION_CONTEXT() REPRESENTATION_CONTEXT('2D SPACE',''
  ) );
#6042 = PCURVE('',#3043,#6043);
#6043 = DEFINITIONAL_REPRESENTATION('',(#6044),#6048);
#6044 = LINE('',#6045,#6046);
#6045 = CARTESIAN_POINT('',(0.,16.));
#6046 = VECTOR('',#6047,1.);
#6047 = DIRECTION('',(1.,0.));
#6048 = ( GEOMETRIC_REPRESENTATION_CONTEXT(2) 
PARAMETRIC_REPRESENTATION_CONTEXT() REPRESENTATION_CONTEXT('2D SPACE',''
  ) );
#6049 = ADVANCED_FACE('',(#6050),#3043,.T.);
#6050 = FACE_BOUND('',#6051,.T.);
#6051 = EDGE_LOOP('',(#6052,#6053,#6074,#6075));
#6052 = ORIENTED_EDGE('',*,*,#5836,.F.);
#6053 = ORIENTED_EDGE('',*,*,#6054,.T.);
#6054 = EDGE_CURVE('',#5837,#3028,#6055,.T.);
#6055 = SURFACE_CURVE('',#6056,(#6060,#6067),.PCURVE_S1.);
#6056 = LINE('',#6057,#6058);
#6057 = CARTESIAN_POINT('',(-30.,28.,17.));
#6058 = VECTOR('',#6059,1.);
#6059 = DIRECTION('',(0.,0.,1.));
#6060 = PCURVE('',#3043,#6061);
#6061 = DEFINITIONAL_REPRESENTATION('',(#6062),#6066);
#6062 = LINE('',#6063,#6064);
#6063 = CARTESIAN_POINT('',(0.,0.));
#6064 = VECTOR('',#6065,1.);
#6065 = DIRECTION('',(1.,0.));
#6066 = ( GEOMETRIC_REPRESENTATION_CONTEXT(2) 
PARAMETRIC_REPRESENTATION_CONTEXT() REPRESENTATION_CONTEXT('2D SPACE',''
  ) );
#6067 = PCURVE('',#3071,#6068);
#6068 = DEFINITIONAL_REPRESENTATION('',(#6069),#6073);
#6069 = LINE('',#6070,#6071);
#6070 = CARTESIAN_POINT('',(0.,-16.));
#6071 = VECTOR('',#6072,1.);
#6072 = DIRECTION('',(1.,0.));
#6073 = ( GEOMETRIC_REPRESENTATION_CONTEXT(2) 
PARAMETRIC_REPRESENTATION_CONTEXT() REPRESENTATION_CONTEXT('2D SPACE',''
  ) );
#6074 = ORIENTED_EDGE('',*,*,#3027,.T.);
#6075 = ORIENTED_EDGE('',*,*,#6029,.F.);
#6076 = ADVANCED_FACE('',(#6077),#3071,.F.);
#6077 = FACE_BOUND('',#6078,.F.);
#6078 = EDGE_LOOP('',(#6079,#6100,#6101,#6102));
#6079 = ORIENTED_EDGE('',*,*,#6080,.F.);
#6080 = EDGE_CURVE('',#5860,#3056,#6081,.T.);
#6081 = SURFACE_CURVE('',#6082,(#6086,#6093),.PCURVE_S1.);
#6082 = LINE('',#6083,#6084);
#6083 = CARTESIAN_POINT('',(-30.,12.,17.));
#6084 = VECTOR('',#6085,1.);
#6085 = DIRECTION('',(0.,0.,1.));
#6086 = PCURVE('',#3071,#6087);
#6087 = DEFINITIONAL_REPRESENTATION('',(#6088),#6092);
#6088 = LINE('',#6089,#6090);
#6089 = CARTESIAN_POINT('',(0.,0.));
#6090 = VECTOR('',#6091,1.);
#6091 = DIRECTION('',(1.,0.));
#6092 = ( GEOMETRIC_REPRESENTATION_CONTEXT(2) 
PARAMETRIC_REPRESENTATION_CONTEXT() REPRESENTATION_CONTEXT('2D SPACE',''
  ) );
#6093 = PCURVE('',#3099,#6094);
#6094 = DEFINITIONAL_REPRESENTATION('',(#6095),#6099);
#6095 = LINE('',#6096,#6097);
#6096 = CARTESIAN_POINT('',(0.,0.));
#6097 = VECTOR('',#6098,1.);
#6098 = DIRECTION('',(1.,0.));
#6099 = ( GEOMETRIC_REPRESENTATION_CONTEXT(2) 
PARAMETRIC_REPRESENTATION_CONTEXT() REPRESENTATION_CONTEXT('2D SPACE',''
  ) );
#6100 = ORIENTED_EDGE('',*,*,#5859,.T.);
#6101 = ORIENTED_EDGE('',*,*,#6054,.T.);
#6102 = ORIENTED_EDGE('',*,*,#3055,.F.);
#6103 = ADVANCED_FACE('',(#6104),#3099,.F.);
#6104 = FACE_BOUND('',#6105,.F.);
#6105 = EDGE_LOOP('',(#6106,#6107,#6108,#6109));
#6106 = ORIENTED_EDGE('',*,*,#5882,.F.);
#6107 = ORIENTED_EDGE('',*,*,#6080,.T.);
#6108 = ORIENTED_EDGE('',*,*,#3083,.T.);
#6109 = ORIENTED_EDGE('',*,*,#6110,.T.);
#6110 = EDGE_CURVE('',#3084,#5883,#6111,.T.);
#6111 = SURFACE_CURVE('',#6112,(#6116,#6122),.PCURVE_S1.);
#6112 = LINE('',#6113,#6114);
#6113 = CARTESIAN_POINT('',(-21.7,12.,14.752551911475));
#6114 = VECTOR('',#6115,1.);
#6115 = DIRECTION('',(0.,0.,-1.));
#6116 = PCURVE('',#3099,#6117);
#6117 = DEFINITIONAL_REPRESENTATION('',(#6118),#6121);
#6118 = B_SPLINE_CURVE_WITH_KNOTS('',1,(#6119,#6120),.UNSPECIFIED.,.F.,
  .F.,(2,2),(-5.247448088525,-2.247448088525),.PIECEWISE_BEZIER_KNOTS.);
#6119 = CARTESIAN_POINT('',(3.,8.3));
#6120 = CARTESIAN_POINT('',(0.,8.3));
#6121 = ( GEOMETRIC_REPRESENTATION_CONTEXT(2) 
PARAMETRIC_REPRESENTATION_CONTEXT() REPRESENTATION_CONTEXT('2D SPACE',''
  ) );
#6122 = PCURVE('',#3127,#6123);
#6123 = DEFINITIONAL_REPRESENTATION('',(#6124),#6127);
#6124 = B_SPLINE_CURVE_WITH_KNOTS('',1,(#6125,#6126),.UNSPECIFIED.,.F.,
  .F.,(2,2),(-5.247448088525,-2.247448088525),.PIECEWISE_BEZIER_KNOTS.);
#6125 = CARTESIAN_POINT('',(2.467854785222,-7.11892336111));
#6126 = CARTESIAN_POINT('',(1.2,-4.4));
#6127 = ( GEOMETRIC_REPRESENTATION_CONTEXT(2) 
PARAMETRIC_REPRESENTATION_CONTEXT() REPRESENTATION_CONTEXT('2D SPACE',''
  ) );
#6128 = ADVANCED_FACE('',(#6129),#3127,.T.);
#6129 = FACE_BOUND('',#6130,.T.);
#6130 = EDGE_LOOP('',(#6131,#6132,#6133,#6134));
#6131 = ORIENTED_EDGE('',*,*,#5905,.T.);
#6132 = ORIENTED_EDGE('',*,*,#5676,.T.);
#6133 = ORIENTED_EDGE('',*,*,#3111,.F.);
#6134 = ORIENTED_EDGE('',*,*,#6110,.T.);
#6135 = ADVANCED_FACE('',(#6136),#3225,.F.);
#6136 = FACE_BOUND('',#6137,.T.);
#6137 = EDGE_LOOP('',(#6138,#6139,#6160,#6161));
#6138 = ORIENTED_EDGE('',*,*,#5969,.T.);
#6139 = ORIENTED_EDGE('',*,*,#6140,.T.);
#6140 = EDGE_CURVE('',#5970,#3205,#6141,.T.);
#6141 = SEAM_CURVE('',#6142,(#6146,#6153),.PCURVE_S1.);
#6142 = LINE('',#6143,#6144);
#6143 = CARTESIAN_POINT('',(-24.75,24.,16.));
#6144 = VECTOR('',#6145,1.);
#6145 = DIRECTION('',(0.,0.,1.));
#6146 = PCURVE('',#3225,#6147);
#6147 = DEFINITIONAL_REPRESENTATION('',(#6148),#6152);
#6148 = LINE('',#6149,#6150);
#6149 = CARTESIAN_POINT('',(-6.28318530718,0.));
#6150 = VECTOR('',#6151,1.);
#6151 = DIRECTION('',(-0.,-1.));
#6152 = ( GEOMETRIC_REPRESENTATION_CONTEXT(2) 
PARAMETRIC_REPRESENTATION_CONTEXT() REPRESENTATION_CONTEXT('2D SPACE',''
  ) );
#6153 = PCURVE('',#3225,#6154);
#6154 = DEFINITIONAL_REPRESENTATION('',(#6155),#6159);
#6155 = LINE('',#6156,#6157);
#6156 = CARTESIAN_POINT('',(-0.,0.));
#6157 = VECTOR('',#6158,1.);
#6158 = DIRECTION('',(-0.,-1.));
#6159 = ( GEOMETRIC_REPRESENTATION_CONTEXT(2) 
PARAMETRIC_REPRESENTATION_CONTEXT() REPRESENTATION_CONTEXT('2D SPACE',''
  ) );
#6160 = ORIENTED_EDGE('',*,*,#3204,.F.);
#6161 = ORIENTED_EDGE('',*,*,#6140,.F.);
#6162 = ADVANCED_FACE('',(#6163,#6173),#3396,.T.);
#6163 = FACE_BOUND('',#6164,.T.);
#6164 = EDGE_LOOP('',(#6165,#6166,#6167,#6168,#6169,#6170,#6171,#6172));
#6165 = ORIENTED_EDGE('',*,*,#3585,.F.);
#6166 = ORIENTED_EDGE('',*,*,#3488,.T.);
#6167 = ORIENTED_EDGE('',*,*,#3380,.T.);
#6168 = ORIENTED_EDGE('',*,*,#3434,.F.);
#6169 = ORIENTED_EDGE('',*,*,#3536,.T.);
#6170 = ORIENTED_EDGE('',*,*,#3658,.T.);
#6171 = ORIENTED_EDGE('',*,*,#3740,.F.);
#6172 = ORIENTED_EDGE('',*,*,#3708,.F.);
#6173 = FACE_BOUND('',#6174,.T.);
#6174 = EDGE_LOOP('',(#6175,#6201,#6224,#6248,#6271,#6295,#6318,#6342));
#6175 = ORIENTED_EDGE('',*,*,#6176,.F.);
#6176 = EDGE_CURVE('',#6177,#6179,#6181,.T.);
#6177 = VERTEX_POINT('',#6178);
#6178 = CARTESIAN_POINT('',(-18.7,22.702134799045,37.111360240995));
#6179 = VERTEX_POINT('',#6180);
#6180 = CARTESIAN_POINT('',(-18.25,22.511956581262,36.703521736828));
#6181 = SURFACE_CURVE('',#6182,(#6187,#6194),.PCURVE_S1.);
#6182 = CIRCLE('',#6183,0.45);
#6183 = AXIS2_PLACEMENT_3D('',#6184,#6185,#6186);
#6184 = CARTESIAN_POINT('',(-18.25,22.702134799045,37.111360240995));
#6185 = DIRECTION('',(0.,-0.906307787037,0.422618261741));
#6186 = DIRECTION('',(-1.,-0.,0.));
#6187 = PCURVE('',#3396,#6188);
#6188 = DEFINITIONAL_REPRESENTATION('',(#6189),#6193);
#6189 = CIRCLE('',#6190,0.45);
#6190 = AXIS2_PLACEMENT_2D('',#6191,#6192);
#6191 = CARTESIAN_POINT('',(3.25,7.35));
#6192 = DIRECTION('',(-1.,0.));
#6193 = ( GEOMETRIC_REPRESENTATION_CONTEXT(2) 
PARAMETRIC_REPRESENTATION_CONTEXT() REPRESENTATION_CONTEXT('2D SPACE',''
  ) );
#6194 = PCURVE('',#4081,#6195);
#6195 = DEFINITIONAL_REPRESENTATION('',(#6196),#6200);
#6196 = LINE('',#6197,#6198);
#6197 = CARTESIAN_POINT('',(0.,18.8));
#6198 = VECTOR('',#6199,1.);
#6199 = DIRECTION('',(1.,0.));
#6200 = ( GEOMETRIC_REPRESENTATION_CONTEXT(2) 
PARAMETRIC_REPRESENTATION_CONTEXT() REPRESENTATION_CONTEXT('2D SPACE',''
  ) );
#6201 = ORIENTED_EDGE('',*,*,#6202,.T.);
#6202 = EDGE_CURVE('',#6177,#6203,#6205,.T.);
#6203 = VERTEX_POINT('',#6204);
#6204 = CARTESIAN_POINT('',(-18.7,30.520572641248,53.878054301173));
#6205 = SURFACE_CURVE('',#6206,(#6210,#6217),.PCURVE_S1.);
#6206 = LINE('',#6207,#6208);
#6207 = CARTESIAN_POINT('',(-18.7,21.053923578256,33.576759871552));
#6208 = VECTOR('',#6209,1.);
#6209 = DIRECTION('',(0.,0.422618261741,0.906307787037));
#6210 = PCURVE('',#3396,#6211);
#6211 = DEFINITIONAL_REPRESENTATION('',(#6212),#6216);
#6212 = LINE('',#6213,#6214);
#6213 = CARTESIAN_POINT('',(2.8,3.45));
#6214 = VECTOR('',#6215,1.);
#6215 = DIRECTION('',(0.,1.));
#6216 = ( GEOMETRIC_REPRESENTATION_CONTEXT(2) 
PARAMETRIC_REPRESENTATION_CONTEXT() REPRESENTATION_CONTEXT('2D SPACE',''
  ) );
#6217 = PCURVE('',#4109,#6218);
#6218 = DEFINITIONAL_REPRESENTATION('',(#6219),#6223);
#6219 = LINE('',#6220,#6221);
#6220 = CARTESIAN_POINT('',(18.8,3.45));
#6221 = VECTOR('',#6222,1.);
#6222 = DIRECTION('',(0.,-1.));
#6223 = ( GEOMETRIC_REPRESENTATION_CONTEXT(2) 
PARAMETRIC_REPRESENTATION_CONTEXT() REPRESENTATION_CONTEXT('2D SPACE',''
  ) );
#6224 = ORIENTED_EDGE('',*,*,#6225,.F.);
#6225 = EDGE_CURVE('',#6226,#6203,#6228,.T.);
#6226 = VERTEX_POINT('',#6227);
#6227 = CARTESIAN_POINT('',(-18.25,30.710750859031,54.285892805339));
#6228 = SURFACE_CURVE('',#6229,(#6234,#6241),.PCURVE_S1.);
#6229 = CIRCLE('',#6230,0.45);
#6230 = AXIS2_PLACEMENT_3D('',#6231,#6232,#6233);
#6231 = CARTESIAN_POINT('',(-18.25,30.520572641248,53.878054301173));
#6232 = DIRECTION('',(0.,-0.906307787037,0.422618261741));
#6233 = DIRECTION('',(-1.,-0.,0.));
#6234 = PCURVE('',#3396,#6235);
#6235 = DEFINITIONAL_REPRESENTATION('',(#6236),#6240);
#6236 = CIRCLE('',#6237,0.45);
#6237 = AXIS2_PLACEMENT_2D('',#6238,#6239);
#6238 = CARTESIAN_POINT('',(3.25,25.85));
#6239 = DIRECTION('',(-1.,0.));
#6240 = ( GEOMETRIC_REPRESENTATION_CONTEXT(2) 
PARAMETRIC_REPRESENTATION_CONTEXT() REPRESENTATION_CONTEXT('2D SPACE',''
  ) );
#6241 = PCURVE('',#4138,#6242);
#6242 = DEFINITIONAL_REPRESENTATION('',(#6243),#6247);
#6243 = LINE('',#6244,#6245);
#6244 = CARTESIAN_POINT('',(-6.28318530718,18.8));
#6245 = VECTOR('',#6246,1.);
#6246 = DIRECTION('',(1.,-0.));
#6247 = ( GEOMETRIC_REPRESENTATION_CONTEXT(2) 
PARAMETRIC_REPRESENTATION_CONTEXT() REPRESENTATION_CONTEXT('2D SPACE',''
  ) );
#6248 = ORIENTED_EDGE('',*,*,#6249,.F.);
#6249 = EDGE_CURVE('',#6250,#6226,#6252,.T.);
#6250 = VERTEX_POINT('',#6251);
#6251 = CARTESIAN_POINT('',(18.25,30.710750859031,54.285892805339));
#6252 = SURFACE_CURVE('',#6253,(#6257,#6264),.PCURVE_S1.);
#6253 = LINE('',#6254,#6255);
#6254 = CARTESIAN_POINT('',(-20.1,30.710750859031,54.285892805339));
#6255 = VECTOR('',#6256,1.);
#6256 = DIRECTION('',(-1.,0.,0.));
#6257 = PCURVE('',#3396,#6258);
#6258 = DEFINITIONAL_REPRESENTATION('',(#6259),#6263);
#6259 = LINE('',#6260,#6261);
#6260 = CARTESIAN_POINT('',(1.4,26.3));
#6261 = VECTOR('',#6262,1.);
#6262 = DIRECTION('',(-1.,0.));
#6263 = ( GEOMETRIC_REPRESENTATION_CONTEXT(2) 
PARAMETRIC_REPRESENTATION_CONTEXT() REPRESENTATION_CONTEXT('2D SPACE',''
  ) );
#6264 = PCURVE('',#4166,#6265);
#6265 = DEFINITIONAL_REPRESENTATION('',(#6266),#6270);
#6266 = LINE('',#6267,#6268);
#6267 = CARTESIAN_POINT('',(18.8,-1.4));
#6268 = VECTOR('',#6269,1.);
#6269 = DIRECTION('',(0.,-1.));
#6270 = ( GEOMETRIC_REPRESENTATION_CONTEXT(2) 
PARAMETRIC_REPRESENTATION_CONTEXT() REPRESENTATION_CONTEXT('2D SPACE',''
  ) );
#6271 = ORIENTED_EDGE('',*,*,#6272,.F.);
#6272 = EDGE_CURVE('',#6273,#6250,#6275,.T.);
#6273 = VERTEX_POINT('',#6274);
#6274 = CARTESIAN_POINT('',(18.7,30.520572641248,53.878054301173));
#6275 = SURFACE_CURVE('',#6276,(#6281,#6288),.PCURVE_S1.);
#6276 = CIRCLE('',#6277,0.45);
#6277 = AXIS2_PLACEMENT_3D('',#6278,#6279,#6280);
#6278 = CARTESIAN_POINT('',(18.25,30.520572641248,53.878054301173));
#6279 = DIRECTION('',(0.,-0.906307787037,0.422618261741));
#6280 = DIRECTION('',(1.,0.,0.));
#6281 = PCURVE('',#3396,#6282);
#6282 = DEFINITIONAL_REPRESENTATION('',(#6283),#6287);
#6283 = CIRCLE('',#6284,0.45);
#6284 = AXIS2_PLACEMENT_2D('',#6285,#6286);
#6285 = CARTESIAN_POINT('',(39.75,25.85));
#6286 = DIRECTION('',(1.,0.));
#6287 = ( GEOMETRIC_REPRESENTATION_CONTEXT(2) 
PARAMETRIC_REPRESENTATION_CONTEXT() REPRESENTATION_CONTEXT('2D SPACE',''
  ) );
#6288 = PCURVE('',#4195,#6289);
#6289 = DEFINITIONAL_REPRESENTATION('',(#6290),#6294);
#6290 = LINE('',#6291,#6292);
#6291 = CARTESIAN_POINT('',(0.,18.8));
#6292 = VECTOR('',#6293,1.);
#6293 = DIRECTION('',(1.,0.));
#6294 = ( GEOMETRIC_REPRESENTATION_CONTEXT(2) 
PARAMETRIC_REPRESENTATION_CONTEXT() REPRESENTATION_CONTEXT('2D SPACE',''
  ) );
#6295 = ORIENTED_EDGE('',*,*,#6296,.F.);
#6296 = EDGE_CURVE('',#6297,#6273,#6299,.T.);
#6297 = VERTEX_POINT('',#6298);
#6298 = CARTESIAN_POINT('',(18.7,22.702134799045,37.111360240995));
#6299 = SURFACE_CURVE('',#6300,(#6304,#6311),.PCURVE_S1.);
#6300 = LINE('',#6301,#6302);
#6301 = CARTESIAN_POINT('',(18.7,21.053923578256,33.576759871552));
#6302 = VECTOR('',#6303,1.);
#6303 = DIRECTION('',(0.,0.422618261741,0.906307787037));
#6304 = PCURVE('',#3396,#6305);
#6305 = DEFINITIONAL_REPRESENTATION('',(#6306),#6310);
#6306 = LINE('',#6307,#6308);
#6307 = CARTESIAN_POINT('',(40.2,3.45));
#6308 = VECTOR('',#6309,1.);
#6309 = DIRECTION('',(0.,1.));
#6310 = ( GEOMETRIC_REPRESENTATION_CONTEXT(2) 
PARAMETRIC_REPRESENTATION_CONTEXT() REPRESENTATION_CONTEXT('2D SPACE',''
  ) );
#6311 = PCURVE('',#4223,#6312);
#6312 = DEFINITIONAL_REPRESENTATION('',(#6313),#6317);
#6313 = LINE('',#6314,#6315);
#6314 = CARTESIAN_POINT('',(18.8,3.45));
#6315 = VECTOR('',#6316,1.);
#6316 = DIRECTION('',(0.,-1.));
#6317 = ( GEOMETRIC_REPRESENTATION_CONTEXT(2) 
PARAMETRIC_REPRESENTATION_CONTEXT() REPRESENTATION_CONTEXT('2D SPACE',''
  ) );
#6318 = ORIENTED_EDGE('',*,*,#6319,.F.);
#6319 = EDGE_CURVE('',#6320,#6297,#6322,.T.);
#6320 = VERTEX_POINT('',#6321);
#6321 = CARTESIAN_POINT('',(18.25,22.511956581262,36.703521736828));
#6322 = SURFACE_CURVE('',#6323,(#6328,#6335),.PCURVE_S1.);
#6323 = CIRCLE('',#6324,0.45);
#6324 = AXIS2_PLACEMENT_3D('',#6325,#6326,#6327);
#6325 = CARTESIAN_POINT('',(18.25,22.702134799045,37.111360240995));
#6326 = DIRECTION('',(0.,-0.906307787037,0.422618261741));
#6327 = DIRECTION('',(1.,0.,0.));
#6328 = PCURVE('',#3396,#6329);
#6329 = DEFINITIONAL_REPRESENTATION('',(#6330),#6334);
#6330 = CIRCLE('',#6331,0.45);
#6331 = AXIS2_PLACEMENT_2D('',#6332,#6333);
#6332 = CARTESIAN_POINT('',(39.75,7.35));
#6333 = DIRECTION('',(1.,0.));
#6334 = ( GEOMETRIC_REPRESENTATION_CONTEXT(2) 
PARAMETRIC_REPRESENTATION_CONTEXT() REPRESENTATION_CONTEXT('2D SPACE',''
  ) );
#6335 = PCURVE('',#4252,#6336);
#6336 = DEFINITIONAL_REPRESENTATION('',(#6337),#6341);
#6337 = LINE('',#6338,#6339);
#6338 = CARTESIAN_POINT('',(-6.28318530718,18.8));
#6339 = VECTOR('',#6340,1.);
#6340 = DIRECTION('',(1.,-0.));
#6341 = ( GEOMETRIC_REPRESENTATION_CONTEXT(2) 
PARAMETRIC_REPRESENTATION_CONTEXT() REPRESENTATION_CONTEXT('2D SPACE',''
  ) );
#6342 = ORIENTED_EDGE('',*,*,#6343,.T.);
#6343 = EDGE_CURVE('',#6320,#6179,#6344,.T.);
#6344 = SURFACE_CURVE('',#6345,(#6349,#6356),.PCURVE_S1.);
#6345 = LINE('',#6346,#6347);
#6346 = CARTESIAN_POINT('',(-20.1,22.511956581262,36.703521736828));
#6347 = VECTOR('',#6348,1.);
#6348 = DIRECTION('',(-1.,0.,0.));
#6349 = PCURVE('',#3396,#6350);
#6350 = DEFINITIONAL_REPRESENTATION('',(#6351),#6355);
#6351 = LINE('',#6352,#6353);
#6352 = CARTESIAN_POINT('',(1.4,6.9));
#6353 = VECTOR('',#6354,1.);
#6354 = DIRECTION('',(-1.,0.));
#6355 = ( GEOMETRIC_REPRESENTATION_CONTEXT(2) 
PARAMETRIC_REPRESENTATION_CONTEXT() REPRESENTATION_CONTEXT('2D SPACE',''
  ) );
#6356 = PCURVE('',#4278,#6357);
#6357 = DEFINITIONAL_REPRESENTATION('',(#6358),#6362);
#6358 = LINE('',#6359,#6360);
#6359 = CARTESIAN_POINT('',(18.8,-1.4));
#6360 = VECTOR('',#6361,1.);
#6361 = DIRECTION('',(0.,-1.));
#6362 = ( GEOMETRIC_REPRESENTATION_CONTEXT(2) 
PARAMETRIC_REPRESENTATION_CONTEXT() REPRESENTATION_CONTEXT('2D SPACE',''
  ) );
#6363 = ADVANCED_FACE('',(#6364),#3930,.T.);
#6364 = FACE_BOUND('',#6365,.T.);
#6365 = EDGE_LOOP('',(#6366,#6367,#6511,#6512));
#6366 = ORIENTED_EDGE('',*,*,#4527,.F.);
#6367 = ORIENTED_EDGE('',*,*,#6368,.T.);
#6368 = EDGE_CURVE('',#4505,#4368,#6369,.T.);
#6369 = SURFACE_CURVE('',#6370,(#6415,#6463),.PCURVE_S1.);
#6370 = B_SPLINE_CURVE_WITH_KNOTS('',8,(#6371,#6372,#6373,#6374,#6375,
    #6376,#6377,#6378,#6379,#6380,#6381,#6382,#6383,#6384,#6385,#6386,
    #6387,#6388,#6389,#6390,#6391,#6392,#6393,#6394,#6395,#6396,#6397,
    #6398,#6399,#6400,#6401,#6402,#6403,#6404,#6405,#6406,#6407,#6408,
    #6409,#6410,#6411,#6412,#6413,#6414),.UNSPECIFIED.,.F.,.F.,(9,7,7,7,
    7,7,9),(0.,0.505098526584,0.757702860108,0.8211706286,0.868143351555
    ,0.902044831594,1.),.UNSPECIFIED.);
#6371 = CARTESIAN_POINT('',(21.5,27.560529594068,30.730190261107));
#6372 = CARTESIAN_POINT('',(18.861705092546,27.87411140261,
    31.402668619671));
#6373 = CARTESIAN_POINT('',(16.1905390389,28.137147510611,
    31.966751373623));
#6374 = CARTESIAN_POINT('',(13.494159240007,28.352718699665,
    32.429045280412));
#6375 = CARTESIAN_POINT('',(10.779163631347,28.522809696011,
    32.793806599193));
#6376 = CARTESIAN_POINT('',(8.051309438758,28.648865777974,
    33.064134739335));
#6377 = CARTESIAN_POINT('',(5.315524864713,28.73183583468,
    33.242064600136));
#6378 = CARTESIAN_POINT('',(2.575951410974,28.772231347532,
    33.328693057004));
#6379 = CARTESIAN_POINT('',(-1.534382036096,28.768880876489,
    33.321507948666));
#6380 = CARTESIAN_POINT('',(-2.90460363763,28.757102169466,
    33.296248429939));
#6381 = CARTESIAN_POINT('',(-4.274223124658,28.734660640991,
    33.248122416818));
#6382 = CARTESIAN_POINT('',(-5.642705375461,28.701524116591,
    33.177060910921));
#6383 = CARTESIAN_POINT('',(-7.009493198436,28.657630976658,
    33.082931768571));
#6384 = CARTESIAN_POINT('',(-8.374006717666,28.602889646824,
    32.965538607905));
#6385 = CARTESIAN_POINT('',(-9.735642498494,28.537175949844,
    32.824615129959));
#6386 = CARTESIAN_POINT('',(-11.43500755264,28.441020068872,
    32.618408177766));
#6387 = CARTESIAN_POINT('',(-11.77602027145,28.421009008489,
    32.575494320289));
#6388 = CARTESIAN_POINT('',(-12.11680023801,28.400292610232,
    32.531067860859));
#6389 = CARTESIAN_POINT('',(-12.45733688882,28.378868201405,
    32.485123067862));
#6390 = CARTESIAN_POINT('',(-12.79761942844,28.356732964199,
    32.437653898487));
#6391 = CARTESIAN_POINT('',(-13.13763682948,28.333883935694,
    32.388653998729));
#6392 = CARTESIAN_POINT('',(-13.47737783255,28.310318007854,
    32.33811670339));
#6393 = CARTESIAN_POINT('',(-14.06806141262,28.268057712439,
    32.24748920741));
#6394 = CARTESIAN_POINT('',(-14.3196812412,28.249649883694,
    32.208013491274));
#6395 = CARTESIAN_POINT('',(-14.57170823845,28.230802432119,
    32.167595000937));
#6396 = CARTESIAN_POINT('',(-14.82415971116,28.211509067104,
    32.126220246141));
#6397 = CARTESIAN_POINT('',(-15.07705246661,28.191763216607,
    32.0838751331));
#6398 = CARTESIAN_POINT('',(-15.33040281249,28.171558027157,
    32.040544964494));
#6399 = CARTESIAN_POINT('',(-15.58422655697,28.150886363853,
    31.99621443948));
#6400 = CARTESIAN_POINT('',(-16.02208315859,28.114479494548,
    31.918139656302));
#6401 = CARTESIAN_POINT('',(-16.20552593628,28.09900092834,
    31.88494576395));
#6402 = CARTESIAN_POINT('',(-16.38886622814,28.083304415839,
    31.851284484264));
#6403 = CARTESIAN_POINT('',(-16.57210261515,28.067389268988,
    31.817154341701));
#6404 = CARTESIAN_POINT('',(-16.7552333728,28.05125480757,31.78255387753
    ));
#6405 = CARTESIAN_POINT('',(-16.93825647116,28.034900359208,
    31.747481649837));
#6406 = CARTESIAN_POINT('',(-17.12116957484,28.018325259367,
    31.711936233519));
#6407 = CARTESIAN_POINT('',(-17.83215496657,27.952997195097,
    31.57183974759));
#6408 = CARTESIAN_POINT('',(-18.35940119994,27.902617783991,
    31.463800751822));
#6409 = CARTESIAN_POINT('',(-18.88565564701,27.850373896272,
    31.351763373054));
#6410 = CARTESIAN_POINT('',(-19.41086249514,27.796247836404,
    31.235689663086));
#6411 = CARTESIAN_POINT('',(-19.93496316934,27.740220858495,
    31.115539421226));
#6412 = CARTESIAN_POINT('',(-20.45789628638,27.682273089718,
    30.991270030056));
#6413 = CARTESIAN_POINT('',(-20.97959760899,27.622383453725,
    30.862836291202));
#6414 = CARTESIAN_POINT('',(-21.5,27.560529594068,30.730190261107));
#6415 = PCURVE('',#3930,#6416);
#6416 = DEFINITIONAL_REPRESENTATION('',(#6417),#6462);
#6417 = B_SPLINE_CURVE_WITH_KNOTS('',8,(#6418,#6419,#6420,#6421,#6422,
    #6423,#6424,#6425,#6426,#6427,#6428,#6429,#6430,#6431,#6432,#6433,
    #6434,#6435,#6436,#6437,#6438,#6439,#6440,#6441,#6442,#6443,#6444,
    #6445,#6446,#6447,#6448,#6449,#6450,#6451,#6452,#6453,#6454,#6455,
    #6456,#6457,#6458,#6459,#6460,#6461),.UNSPECIFIED.,.F.,.F.,(9,7,7,7,
    7,7,9),(0.,0.505098526584,0.757702860108,0.8211706286,0.868143351555
    ,0.902044831594,1.),.UNSPECIFIED.);
#6418 = CARTESIAN_POINT('',(0.921035028039,0.831116228846));
#6419 = CARTESIAN_POINT('',(0.980295324043,0.865008893565));
#6420 = CARTESIAN_POINT('',(1.044444117957,0.894996143951));
#6421 = CARTESIAN_POINT('',(1.113938903437,0.920875944258));
#6422 = CARTESIAN_POINT('',(1.189077374261,0.942274837947));
#6423 = CARTESIAN_POINT('',(1.269938917627,0.958720744448));
#6424 = CARTESIAN_POINT('',(1.355984973067,0.969728008645));
#6425 = CARTESIAN_POINT('',(1.446037919522,0.975082347378));
#6426 = CARTESIAN_POINT('',(1.585117774751,0.974638249658));
#6427 = CARTESIAN_POINT('',(1.632142697352,0.97307711003));
#6428 = CARTESIAN_POINT('',(1.679653804976,0.970103869757));
#6429 = CARTESIAN_POINT('',(1.727462508261,0.965734848179));
#6430 = CARTESIAN_POINT('',(1.775378935679,0.960000500332));
#6431 = CARTESIAN_POINT('',(1.823224024604,0.952942595522));
#6432 = CARTESIAN_POINT('',(1.87083844313,0.944609773196));
#6433 = CARTESIAN_POINT('',(1.929960053818,0.932649918828));
#6434 = CARTESIAN_POINT('',(1.941808710953,0.930171006723));
#6435 = CARTESIAN_POINT('',(1.953632165652,0.927615540457));
#6436 = CARTESIAN_POINT('',(1.965428368005,0.924984319827));
#6437 = CARTESIAN_POINT('',(1.977195366615,0.922278143789));
#6438 = CARTESIAN_POINT('',(1.988931308588,0.919497810465));
#6439 = CARTESIAN_POINT('',(2.000634439541,0.916644117137));
#6440 = CARTESIAN_POINT('',(2.020939123689,0.911552127037));
#6441 = CARTESIAN_POINT('',(2.029575070976,0.909341928407));
#6442 = CARTESIAN_POINT('',(2.038210944424,0.907087077631));
#6443 = CARTESIAN_POINT('',(2.046846742911,0.904787370872));
#6444 = CARTESIAN_POINT('',(2.055482465223,0.902442587185));
#6445 = CARTESIAN_POINT('',(2.064118110057,0.900052488516));
#6446 = CARTESIAN_POINT('',(2.072753676019,0.897616819702));
#6447 = CARTESIAN_POINT('',(2.087621624306,0.893344334941));
#6448 = CARTESIAN_POINT('',(2.093855081822,0.891532955603));
#6449 = CARTESIAN_POINT('',(2.100061382865,0.889701279756));
#6450 = CARTESIAN_POINT('',(2.106220573888,0.887849417465));
#6451 = CARTESIAN_POINT('',(2.112320899112,0.88597747956));
#6452 = CARTESIAN_POINT('',(2.118358800524,0.884085577633));
#6453 = CARTESIAN_POINT('',(2.124338917874,0.882173824043));
#6454 = CARTESIAN_POINT('',(2.147423211817,0.874661465326));
#6455 = CARTESIAN_POINT('',(2.16413945804,0.868915791237));
#6456 = CARTESIAN_POINT('',(2.180436965211,0.86300793264));
#6457 = CARTESIAN_POINT('',(2.196329591743,0.856940366296));
#6458 = CARTESIAN_POINT('',(2.211830890845,0.850715401098));
#6459 = CARTESIAN_POINT('',(2.226954084756,0.844335156428));
#6460 = CARTESIAN_POINT('',(2.241712038993,0.837801540525));
#6461 = CARTESIAN_POINT('',(2.256117236589,0.831116228846));
#6462 = ( GEOMETRIC_REPRESENTATION_CONTEXT(2) 
PARAMETRIC_REPRESENTATION_CONTEXT() REPRESENTATION_CONTEXT('2D SPACE',''
  ) );
#6463 = PCURVE('',#4383,#6464);
#6464 = DEFINITIONAL_REPRESENTATION('',(#6465),#6510);
#6465 = B_SPLINE_CURVE_WITH_KNOTS('',8,(#6466,#6467,#6468,#6469,#6470,
    #6471,#6472,#6473,#6474,#6475,#6476,#6477,#6478,#6479,#6480,#6481,
    #6482,#6483,#6484,#6485,#6486,#6487,#6488,#6489,#6490,#6491,#6492,
    #6493,#6494,#6495,#6496,#6497,#6498,#6499,#6500,#6501,#6502,#6503,
    #6504,#6505,#6506,#6507,#6508,#6509),.UNSPECIFIED.,.F.,.F.,(9,7,7,7,
    7,7,9),(0.,0.505098526584,0.757702860108,0.8211706286,0.868143351555
    ,0.902044831594,1.),.UNSPECIFIED.);
#6466 = CARTESIAN_POINT('',(43.,8.019942319946));
#6467 = CARTESIAN_POINT('',(40.361705092546,8.761940091765));
#6468 = CARTESIAN_POINT('',(37.6905390389,9.384336546944));
#6469 = CARTESIAN_POINT('',(34.994159240007,9.894421435766));
#6470 = CARTESIAN_POINT('',(32.279163631347,10.2968910206));
#6471 = CARTESIAN_POINT('',(29.551309438758,10.595165121307));
#6472 = CARTESIAN_POINT('',(26.815524864713,10.791489000839));
#6473 = CARTESIAN_POINT('',(24.075951410974,10.887072927301));
#6474 = CARTESIAN_POINT('',(19.965617963904,10.879145037415));
#6475 = CARTESIAN_POINT('',(18.59539636237,10.851274242209));
#6476 = CARTESIAN_POINT('',(17.225776875342,10.798173062003));
#6477 = CARTESIAN_POINT('',(15.857294624539,10.719765365508));
#6478 = CARTESIAN_POINT('',(14.490506801564,10.615905348308));
#6479 = CARTESIAN_POINT('',(13.125993282334,10.486376326992));
#6480 = CARTESIAN_POINT('',(11.764357501506,10.330884473163));
#6481 = CARTESIAN_POINT('',(10.06499244736,10.103360275377));
#6482 = CARTESIAN_POINT('',(9.723979728542,10.056010072619));
#6483 = CARTESIAN_POINT('',(9.383199761985,10.006990898266));
#6484 = CARTESIAN_POINT('',(9.042663111174,9.956296428182));
#6485 = CARTESIAN_POINT('',(8.702380571552,9.903919994862));
#6486 = CARTESIAN_POINT('',(8.36236317052,9.849854587438));
#6487 = CARTESIAN_POINT('',(8.022622167441,9.794092851676));
#6488 = CARTESIAN_POINT('',(7.431938587372,9.694096473761));
#6489 = CARTESIAN_POINT('',(7.180318758795,9.650539840242));
#6490 = CARTESIAN_POINT('',(6.928291761549,9.605942970486));
#6491 = CARTESIAN_POINT('',(6.675840288832,9.560290979642));
#6492 = CARTESIAN_POINT('',(6.422947533386,9.513568316936));
#6493 = CARTESIAN_POINT('',(6.169597187503,9.465758765672));
#6494 = CARTESIAN_POINT('',(5.915773443024,9.416845443235));
#6495 = CARTESIAN_POINT('',(5.477916841409,9.330699451448));
#6496 = CARTESIAN_POINT('',(5.294474063718,9.294074043583));
#6497 = CARTESIAN_POINT('',(5.111133771853,9.256932930854));
#6498 = CARTESIAN_POINT('',(4.927897384849,9.219274485178));
#6499 = CARTESIAN_POINT('',(4.744766627197,9.181097097027));
#6500 = CARTESIAN_POINT('',(4.561743528836,9.142399175421));
#6501 = CARTESIAN_POINT('',(4.378830425156,9.103179147936));
#6502 = CARTESIAN_POINT('',(3.667845033427,8.948599778837));
#6503 = CARTESIAN_POINT('',(3.140598800051,8.82939193652));
#6504 = CARTESIAN_POINT('',(2.614344352982,8.705772366689));
#6505 = CARTESIAN_POINT('',(2.089137504853,8.577699198138));
#6506 = CARTESIAN_POINT('',(1.56503683066,8.445128074312));
#6507 = CARTESIAN_POINT('',(1.042103713617,8.308011972092));
#6508 = CARTESIAN_POINT('',(0.520402391001,8.166301020591));
#6509 = CARTESIAN_POINT('',(0.,8.019942319946));
#6510 = ( GEOMETRIC_REPRESENTATION_CONTEXT(2) 
PARAMETRIC_REPRESENTATION_CONTEXT() REPRESENTATION_CONTEXT('2D SPACE',''
  ) );
#6511 = ORIENTED_EDGE('',*,*,#4395,.T.);
#6512 = ORIENTED_EDGE('',*,*,#3790,.T.);
#6513 = ADVANCED_FACE('',(#6514),#4081,.F.);
#6514 = FACE_BOUND('',#6515,.F.);
#6515 = EDGE_LOOP('',(#6516,#6537,#6538,#6559));
#6516 = ORIENTED_EDGE('',*,*,#6517,.F.);
#6517 = EDGE_CURVE('',#4063,#6177,#6518,.T.);
#6518 = SURFACE_CURVE('',#6519,(#6523,#6530),.PCURVE_S1.);
#6519 = LINE('',#6520,#6521);
#6520 = CARTESIAN_POINT('',(-18.7,25.78358127497,35.674458151077));
#6521 = VECTOR('',#6522,1.);
#6522 = DIRECTION('',(0.,-0.906307787037,0.422618261741));
#6523 = PCURVE('',#4081,#6524);
#6524 = DEFINITIONAL_REPRESENTATION('',(#6525),#6529);
#6525 = LINE('',#6526,#6527);
#6526 = CARTESIAN_POINT('',(0.,15.4));
#6527 = VECTOR('',#6528,1.);
#6528 = DIRECTION('',(0.,1.));
#6529 = ( GEOMETRIC_REPRESENTATION_CONTEXT(2) 
PARAMETRIC_REPRESENTATION_CONTEXT() REPRESENTATION_CONTEXT('2D SPACE',''
  ) );
#6530 = PCURVE('',#4109,#6531);
#6531 = DEFINITIONAL_REPRESENTATION('',(#6532),#6536);
#6532 = LINE('',#6533,#6534);
#6533 = CARTESIAN_POINT('',(15.4,-0.45));
#6534 = VECTOR('',#6535,1.);
#6535 = DIRECTION('',(1.,0.));
#6536 = ( GEOMETRIC_REPRESENTATION_CONTEXT(2) 
PARAMETRIC_REPRESENTATION_CONTEXT() REPRESENTATION_CONTEXT('2D SPACE',''
  ) );
#6537 = ORIENTED_EDGE('',*,*,#4062,.T.);
#6538 = ORIENTED_EDGE('',*,*,#6539,.F.);
#6539 = EDGE_CURVE('',#6179,#4065,#6540,.T.);
#6540 = SURFACE_CURVE('',#6541,(#6545,#6552),.PCURVE_S1.);
#6541 = LINE('',#6542,#6543);
#6542 = CARTESIAN_POINT('',(-18.25,22.511956581262,36.703521736828));
#6543 = VECTOR('',#6544,1.);
#6544 = DIRECTION('',(0.,0.906307787037,-0.422618261741));
#6545 = PCURVE('',#4081,#6546);
#6546 = DEFINITIONAL_REPRESENTATION('',(#6547),#6551);
#6547 = LINE('',#6548,#6549);
#6548 = CARTESIAN_POINT('',(1.570796326795,18.8));
#6549 = VECTOR('',#6550,1.);
#6550 = DIRECTION('',(-0.,-1.));
#6551 = ( GEOMETRIC_REPRESENTATION_CONTEXT(2) 
PARAMETRIC_REPRESENTATION_CONTEXT() REPRESENTATION_CONTEXT('2D SPACE',''
  ) );
#6552 = PCURVE('',#4278,#6553);
#6553 = DEFINITIONAL_REPRESENTATION('',(#6554),#6558);
#6554 = LINE('',#6555,#6556);
#6555 = CARTESIAN_POINT('',(18.8,0.45));
#6556 = VECTOR('',#6557,1.);
#6557 = DIRECTION('',(-1.,0.));
#6558 = ( GEOMETRIC_REPRESENTATION_CONTEXT(2) 
PARAMETRIC_REPRESENTATION_CONTEXT() REPRESENTATION_CONTEXT('2D SPACE',''
  ) );
#6559 = ORIENTED_EDGE('',*,*,#6176,.F.);
#6560 = ADVANCED_FACE('',(#6561),#4109,.T.);
#6561 = FACE_BOUND('',#6562,.T.);
#6562 = EDGE_LOOP('',(#6563,#6584,#6585,#6586));
#6563 = ORIENTED_EDGE('',*,*,#6564,.F.);
#6564 = EDGE_CURVE('',#6203,#4094,#6565,.T.);
#6565 = SURFACE_CURVE('',#6566,(#6570,#6577),.PCURVE_S1.);
#6566 = LINE('',#6567,#6568);
#6567 = CARTESIAN_POINT('',(-18.7,30.520572641248,53.878054301173));
#6568 = VECTOR('',#6569,1.);
#6569 = DIRECTION('',(0.,0.906307787037,-0.422618261741));
#6570 = PCURVE('',#4109,#6571);
#6571 = DEFINITIONAL_REPRESENTATION('',(#6572),#6576);
#6572 = LINE('',#6573,#6574);
#6573 = CARTESIAN_POINT('',(18.8,-18.95));
#6574 = VECTOR('',#6575,1.);
#6575 = DIRECTION('',(-1.,0.));
#6576 = ( GEOMETRIC_REPRESENTATION_CONTEXT(2) 
PARAMETRIC_REPRESENTATION_CONTEXT() REPRESENTATION_CONTEXT('2D SPACE',''
  ) );
#6577 = PCURVE('',#4138,#6578);
#6578 = DEFINITIONAL_REPRESENTATION('',(#6579),#6583);
#6579 = LINE('',#6580,#6581);
#6580 = CARTESIAN_POINT('',(-0.,18.8));
#6581 = VECTOR('',#6582,1.);
#6582 = DIRECTION('',(-0.,-1.));
#6583 = ( GEOMETRIC_REPRESENTATION_CONTEXT(2) 
PARAMETRIC_REPRESENTATION_CONTEXT() REPRESENTATION_CONTEXT('2D SPACE',''
  ) );
#6584 = ORIENTED_EDGE('',*,*,#6202,.F.);
#6585 = ORIENTED_EDGE('',*,*,#6517,.F.);
#6586 = ORIENTED_EDGE('',*,*,#4093,.T.);
#6587 = ADVANCED_FACE('',(#6588),#4278,.T.);
#6588 = FACE_BOUND('',#6589,.T.);
#6589 = EDGE_LOOP('',(#6590,#6591,#6592,#6593));
#6590 = ORIENTED_EDGE('',*,*,#4264,.T.);
#6591 = ORIENTED_EDGE('',*,*,#6539,.F.);
#6592 = ORIENTED_EDGE('',*,*,#6343,.F.);
#6593 = ORIENTED_EDGE('',*,*,#6594,.T.);
#6594 = EDGE_CURVE('',#6320,#4236,#6595,.T.);
#6595 = SURFACE_CURVE('',#6596,(#6600,#6607),.PCURVE_S1.);
#6596 = LINE('',#6597,#6598);
#6597 = CARTESIAN_POINT('',(18.25,22.511956581262,36.703521736828));
#6598 = VECTOR('',#6599,1.);
#6599 = DIRECTION('',(0.,0.906307787037,-0.422618261741));
#6600 = PCURVE('',#4278,#6601);
#6601 = DEFINITIONAL_REPRESENTATION('',(#6602),#6606);
#6602 = LINE('',#6603,#6604);
#6603 = CARTESIAN_POINT('',(18.8,36.95));
#6604 = VECTOR('',#6605,1.);
#6605 = DIRECTION('',(-1.,0.));
#6606 = ( GEOMETRIC_REPRESENTATION_CONTEXT(2) 
PARAMETRIC_REPRESENTATION_CONTEXT() REPRESENTATION_CONTEXT('2D SPACE',''
  ) );
#6607 = PCURVE('',#4252,#6608);
#6608 = DEFINITIONAL_REPRESENTATION('',(#6609),#6613);
#6609 = LINE('',#6610,#6611);
#6610 = CARTESIAN_POINT('',(-1.570796326795,18.8));
#6611 = VECTOR('',#6612,1.);
#6612 = DIRECTION('',(-0.,-1.));
#6613 = ( GEOMETRIC_REPRESENTATION_CONTEXT(2) 
PARAMETRIC_REPRESENTATION_CONTEXT() REPRESENTATION_CONTEXT('2D SPACE',''
  ) );
#6614 = ADVANCED_FACE('',(#6615),#4138,.F.);
#6615 = FACE_BOUND('',#6616,.T.);
#6616 = EDGE_LOOP('',(#6617,#6618,#6639,#6640));
#6617 = ORIENTED_EDGE('',*,*,#4121,.F.);
#6618 = ORIENTED_EDGE('',*,*,#6619,.F.);
#6619 = EDGE_CURVE('',#6226,#4122,#6620,.T.);
#6620 = SURFACE_CURVE('',#6621,(#6625,#6632),.PCURVE_S1.);
#6621 = LINE('',#6622,#6623);
#6622 = CARTESIAN_POINT('',(-18.25,30.710750859031,54.285892805339));
#6623 = VECTOR('',#6624,1.);
#6624 = DIRECTION('',(0.,0.906307787037,-0.422618261741));
#6625 = PCURVE('',#4138,#6626);
#6626 = DEFINITIONAL_REPRESENTATION('',(#6627),#6631);
#6627 = LINE('',#6628,#6629);
#6628 = CARTESIAN_POINT('',(-1.570796326795,18.8));
#6629 = VECTOR('',#6630,1.);
#6630 = DIRECTION('',(-0.,-1.));
#6631 = ( GEOMETRIC_REPRESENTATION_CONTEXT(2) 
PARAMETRIC_REPRESENTATION_CONTEXT() REPRESENTATION_CONTEXT('2D SPACE',''
  ) );
#6632 = PCURVE('',#4166,#6633);
#6633 = DEFINITIONAL_REPRESENTATION('',(#6634),#6638);
#6634 = LINE('',#6635,#6636);
#6635 = CARTESIAN_POINT('',(18.8,0.45));
#6636 = VECTOR('',#6637,1.);
#6637 = DIRECTION('',(-1.,0.));
#6638 = ( GEOMETRIC_REPRESENTATION_CONTEXT(2) 
PARAMETRIC_REPRESENTATION_CONTEXT() REPRESENTATION_CONTEXT('2D SPACE',''
  ) );
#6639 = ORIENTED_EDGE('',*,*,#6225,.T.);
#6640 = ORIENTED_EDGE('',*,*,#6564,.T.);
#6641 = ADVANCED_FACE('',(#6642),#4252,.F.);
#6642 = FACE_BOUND('',#6643,.T.);
#6643 = EDGE_LOOP('',(#6644,#6645,#6646,#6647));
#6644 = ORIENTED_EDGE('',*,*,#4235,.F.);
#6645 = ORIENTED_EDGE('',*,*,#6594,.F.);
#6646 = ORIENTED_EDGE('',*,*,#6319,.T.);
#6647 = ORIENTED_EDGE('',*,*,#6648,.T.);
#6648 = EDGE_CURVE('',#6297,#4208,#6649,.T.);
#6649 = SURFACE_CURVE('',#6650,(#6654,#6661),.PCURVE_S1.);
#6650 = LINE('',#6651,#6652);
#6651 = CARTESIAN_POINT('',(18.7,22.702134799045,37.111360240995));
#6652 = VECTOR('',#6653,1.);
#6653 = DIRECTION('',(0.,0.906307787037,-0.422618261741));
#6654 = PCURVE('',#4252,#6655);
#6655 = DEFINITIONAL_REPRESENTATION('',(#6656),#6660);
#6656 = LINE('',#6657,#6658);
#6657 = CARTESIAN_POINT('',(-0.,18.8));
#6658 = VECTOR('',#6659,1.);
#6659 = DIRECTION('',(-0.,-1.));
#6660 = ( GEOMETRIC_REPRESENTATION_CONTEXT(2) 
PARAMETRIC_REPRESENTATION_CONTEXT() REPRESENTATION_CONTEXT('2D SPACE',''
  ) );
#6661 = PCURVE('',#4223,#6662);
#6662 = DEFINITIONAL_REPRESENTATION('',(#6663),#6667);
#6663 = LINE('',#6664,#6665);
#6664 = CARTESIAN_POINT('',(18.8,-0.45));
#6665 = VECTOR('',#6666,1.);
#6666 = DIRECTION('',(-1.,0.));
#6667 = ( GEOMETRIC_REPRESENTATION_CONTEXT(2) 
PARAMETRIC_REPRESENTATION_CONTEXT() REPRESENTATION_CONTEXT('2D SPACE',''
  ) );
#6668 = ADVANCED_FACE('',(#6669),#4166,.F.);
#6669 = FACE_BOUND('',#6670,.F.);
#6670 = EDGE_LOOP('',(#6671,#6672,#6673,#6674));
#6671 = ORIENTED_EDGE('',*,*,#4150,.T.);
#6672 = ORIENTED_EDGE('',*,*,#6619,.F.);
#6673 = ORIENTED_EDGE('',*,*,#6249,.F.);
#6674 = ORIENTED_EDGE('',*,*,#6675,.T.);
#6675 = EDGE_CURVE('',#6250,#4151,#6676,.T.);
#6676 = SURFACE_CURVE('',#6677,(#6681,#6688),.PCURVE_S1.);
#6677 = LINE('',#6678,#6679);
#6678 = CARTESIAN_POINT('',(18.25,30.710750859031,54.285892805339));
#6679 = VECTOR('',#6680,1.);
#6680 = DIRECTION('',(0.,0.906307787037,-0.422618261741));
#6681 = PCURVE('',#4166,#6682);
#6682 = DEFINITIONAL_REPRESENTATION('',(#6683),#6687);
#6683 = LINE('',#6684,#6685);
#6684 = CARTESIAN_POINT('',(18.8,36.95));
#6685 = VECTOR('',#6686,1.);
#6686 = DIRECTION('',(-1.,0.));
#6687 = ( GEOMETRIC_REPRESENTATION_CONTEXT(2) 
PARAMETRIC_REPRESENTATION_CONTEXT() REPRESENTATION_CONTEXT('2D SPACE',''
  ) );
#6688 = PCURVE('',#4195,#6689);
#6689 = DEFINITIONAL_REPRESENTATION('',(#6690),#6694);
#6690 = LINE('',#6691,#6692);
#6691 = CARTESIAN_POINT('',(1.570796326795,18.8));
#6692 = VECTOR('',#6693,1.);
#6693 = DIRECTION('',(-0.,-1.));
#6694 = ( GEOMETRIC_REPRESENTATION_CONTEXT(2) 
PARAMETRIC_REPRESENTATION_CONTEXT() REPRESENTATION_CONTEXT('2D SPACE',''
  ) );
#6695 = ADVANCED_FACE('',(#6696),#4223,.F.);
#6696 = FACE_BOUND('',#6697,.F.);
#6697 = EDGE_LOOP('',(#6698,#6719,#6720,#6721));
#6698 = ORIENTED_EDGE('',*,*,#6699,.F.);
#6699 = EDGE_CURVE('',#6273,#4179,#6700,.T.);
#6700 = SURFACE_CURVE('',#6701,(#6705,#6712),.PCURVE_S1.);
#6701 = LINE('',#6702,#6703);
#6702 = CARTESIAN_POINT('',(18.7,30.520572641248,53.878054301173));
#6703 = VECTOR('',#6704,1.);
#6704 = DIRECTION('',(0.,0.906307787037,-0.422618261741));
#6705 = PCURVE('',#4223,#6706);
#6706 = DEFINITIONAL_REPRESENTATION('',(#6707),#6711);
#6707 = LINE('',#6708,#6709);
#6708 = CARTESIAN_POINT('',(18.8,-18.95));
#6709 = VECTOR('',#6710,1.);
#6710 = DIRECTION('',(-1.,0.));
#6711 = ( GEOMETRIC_REPRESENTATION_CONTEXT(2) 
PARAMETRIC_REPRESENTATION_CONTEXT() REPRESENTATION_CONTEXT('2D SPACE',''
  ) );
#6712 = PCURVE('',#4195,#6713);
#6713 = DEFINITIONAL_REPRESENTATION('',(#6714),#6718);
#6714 = LINE('',#6715,#6716);
#6715 = CARTESIAN_POINT('',(0.,18.8));
#6716 = VECTOR('',#6717,1.);
#6717 = DIRECTION('',(-0.,-1.));
#6718 = ( GEOMETRIC_REPRESENTATION_CONTEXT(2) 
PARAMETRIC_REPRESENTATION_CONTEXT() REPRESENTATION_CONTEXT('2D SPACE',''
  ) );
#6719 = ORIENTED_EDGE('',*,*,#6296,.F.);
#6720 = ORIENTED_EDGE('',*,*,#6648,.T.);
#6721 = ORIENTED_EDGE('',*,*,#4207,.T.);
#6722 = ADVANCED_FACE('',(#6723),#4195,.F.);
#6723 = FACE_BOUND('',#6724,.F.);
#6724 = EDGE_LOOP('',(#6725,#6726,#6727,#6728));
#6725 = ORIENTED_EDGE('',*,*,#4178,.T.);
#6726 = ORIENTED_EDGE('',*,*,#6675,.F.);
#6727 = ORIENTED_EDGE('',*,*,#6272,.F.);
#6728 = ORIENTED_EDGE('',*,*,#6699,.T.);
#6729 = ADVANCED_FACE('',(#6730),#4383,.F.);
#6730 = FACE_BOUND('',#6731,.F.);
#6731 = EDGE_LOOP('',(#6732,#6733,#6734,#6735));
#6732 = ORIENTED_EDGE('',*,*,#4367,.F.);
#6733 = ORIENTED_EDGE('',*,*,#4563,.T.);
#6734 = ORIENTED_EDGE('',*,*,#4504,.T.);
#6735 = ORIENTED_EDGE('',*,*,#6368,.T.);
#6736 = ADVANCED_FACE('',(#6737),#4694,.T.);
#6737 = FACE_BOUND('',#6738,.T.);
#6738 = EDGE_LOOP('',(#6739,#6740,#6741,#6742,#6743,#6744));
#6739 = ORIENTED_EDGE('',*,*,#5249,.F.);
#6740 = ORIENTED_EDGE('',*,*,#5356,.F.);
#6741 = ORIENTED_EDGE('',*,*,#5432,.F.);
#6742 = ORIENTED_EDGE('',*,*,#5410,.F.);
#6743 = ORIENTED_EDGE('',*,*,#4678,.T.);
#6744 = ORIENTED_EDGE('',*,*,#5303,.T.);
#6745 = ADVANCED_FACE('',(#6746),#4819,.F.);
#6746 = FACE_BOUND('',#6747,.T.);
#6747 = EDGE_LOOP('',(#6748,#6777,#6798,#6799,#6827,#6828));
#6748 = ORIENTED_EDGE('',*,*,#6749,.F.);
#6749 = EDGE_CURVE('',#6750,#6750,#6752,.T.);
#6750 = VERTEX_POINT('',#6751);
#6751 = CARTESIAN_POINT('',(17.75,15.897123484258,15.182741474515));
#6752 = SURFACE_CURVE('',#6753,(#6758,#6765),.PCURVE_S1.);
#6753 = CIRCLE('',#6754,1.75);
#6754 = AXIS2_PLACEMENT_3D('',#6755,#6756,#6757);
#6755 = CARTESIAN_POINT('',(16.,15.897123484258,15.182741474515));
#6756 = DIRECTION('',(0.,-0.906307787037,0.422618261741));
#6757 = DIRECTION('',(1.,0.,0.));
#6758 = PCURVE('',#4819,#6759);
#6759 = DEFINITIONAL_REPRESENTATION('',(#6760),#6764);
#6760 = LINE('',#6761,#6762);
#6761 = CARTESIAN_POINT('',(-0.,0.));
#6762 = VECTOR('',#6763,1.);
#6763 = DIRECTION('',(-1.,0.));
#6764 = ( GEOMETRIC_REPRESENTATION_CONTEXT(2) 
PARAMETRIC_REPRESENTATION_CONTEXT() REPRESENTATION_CONTEXT('2D SPACE',''
  ) );
#6765 = PCURVE('',#6766,#6771);
#6766 = PLANE('',#6767);
#6767 = AXIS2_PLACEMENT_3D('',#6768,#6769,#6770);
#6768 = CARTESIAN_POINT('',(16.,15.897123484258,15.182741474515));
#6769 = DIRECTION('',(0.,-0.906307787037,0.422618261741));
#6770 = DIRECTION('',(1.,0.,0.));
#6771 = DEFINITIONAL_REPRESENTATION('',(#6772),#6776);
#6772 = CIRCLE('',#6773,1.75);
#6773 = AXIS2_PLACEMENT_2D('',#6774,#6775);
#6774 = CARTESIAN_POINT('',(0.,0.));
#6775 = DIRECTION('',(1.,0.));
#6776 = ( GEOMETRIC_REPRESENTATION_CONTEXT(2) 
PARAMETRIC_REPRESENTATION_CONTEXT() REPRESENTATION_CONTEXT('2D SPACE',''
  ) );
#6777 = ORIENTED_EDGE('',*,*,#6778,.T.);
#6778 = EDGE_CURVE('',#6750,#4797,#6779,.T.);
#6779 = SEAM_CURVE('',#6780,(#6784,#6791),.PCURVE_S1.);
#6780 = LINE('',#6781,#6782);
#6781 = CARTESIAN_POINT('',(17.75,15.897123484258,15.182741474515));
#6782 = VECTOR('',#6783,1.);
#6783 = DIRECTION('',(0.,-0.906307787037,0.422618261741));
#6784 = PCURVE('',#4819,#6785);
#6785 = DEFINITIONAL_REPRESENTATION('',(#6786),#6790);
#6786 = LINE('',#6787,#6788);
#6787 = CARTESIAN_POINT('',(-6.28318530718,0.));
#6788 = VECTOR('',#6789,1.);
#6789 = DIRECTION('',(-0.,-1.));
#6790 = ( GEOMETRIC_REPRESENTATION_CONTEXT(2) 
PARAMETRIC_REPRESENTATION_CONTEXT() REPRESENTATION_CONTEXT('2D SPACE',''
  ) );
#6791 = PCURVE('',#4819,#6792);
#6792 = DEFINITIONAL_REPRESENTATION('',(#6793),#6797);
#6793 = LINE('',#6794,#6795);
#6794 = CARTESIAN_POINT('',(-0.,0.));
#6795 = VECTOR('',#6796,1.);
#6796 = DIRECTION('',(-0.,-1.));
#6797 = ( GEOMETRIC_REPRESENTATION_CONTEXT(2) 
PARAMETRIC_REPRESENTATION_CONTEXT() REPRESENTATION_CONTEXT('2D SPACE',''
  ) );
#6798 = ORIENTED_EDGE('',*,*,#4857,.F.);
#6799 = ORIENTED_EDGE('',*,*,#6800,.T.);
#6800 = EDGE_CURVE('',#4832,#4799,#6801,.T.);
#6801 = SURFACE_CURVE('',#6802,(#6807,#6820),.PCURVE_S1.);
#6802 = ELLIPSE('',#6803,4.140852770517,1.75);
#6803 = AXIS2_PLACEMENT_3D('',#6804,#6805,#6806);
#6804 = CARTESIAN_POINT('',(16.,12.,17.));
#6805 = DIRECTION('',(0.,0.,1.));
#6806 = DIRECTION('',(0.,1.,-0.));
#6807 = PCURVE('',#4819,#6808);
#6808 = DEFINITIONAL_REPRESENTATION('',(#6809),#6819);
#6809 = B_SPLINE_CURVE_WITH_KNOTS('',8,(#6810,#6811,#6812,#6813,#6814,
    #6815,#6816,#6817,#6818),.UNSPECIFIED.,.F.,.F.,(9,9),(4.982108761141
    ,7.584261853218),.PIECEWISE_BEZIER_KNOTS.);
#6810 = CARTESIAN_POINT('',(-0.269719780757,-3.3000006));
#6811 = CARTESIAN_POINT('',(-0.594988917266,-2.123435864241));
#6812 = CARTESIAN_POINT('',(-0.920258053773,-1.067783527073));
#6813 = CARTESIAN_POINT('',(-1.245527190289,-0.32274971573));
#6814 = CARTESIAN_POINT('',(-1.570796326784,-5.060145395737E-02));
#6815 = CARTESIAN_POINT('',(-1.896065463311,-0.322749715729));
#6816 = CARTESIAN_POINT('',(-2.22133459981,-1.067783527073));
#6817 = CARTESIAN_POINT('',(-2.546603736324,-2.123435864241));
#6818 = CARTESIAN_POINT('',(-2.871872872833,-3.3000006));
#6819 = ( GEOMETRIC_REPRESENTATION_CONTEXT(2) 
PARAMETRIC_REPRESENTATION_CONTEXT() REPRESENTATION_CONTEXT('2D SPACE',''
  ) );
#6820 = PCURVE('',#4846,#6821);
#6821 = DEFINITIONAL_REPRESENTATION('',(#6822),#6826);
#6822 = ELLIPSE('',#6823,4.140852770517,1.75);
#6823 = AXIS2_PLACEMENT_2D('',#6824,#6825);
#6824 = CARTESIAN_POINT('',(2.,0.));
#6825 = DIRECTION('',(0.,1.));
#6826 = ( GEOMETRIC_REPRESENTATION_CONTEXT(2) 
PARAMETRIC_REPRESENTATION_CONTEXT() REPRESENTATION_CONTEXT('2D SPACE',''
  ) );
#6827 = ORIENTED_EDGE('',*,*,#4796,.F.);
#6828 = ORIENTED_EDGE('',*,*,#6778,.F.);
#6829 = ADVANCED_FACE('',(#6830),#4846,.F.);
#6830 = FACE_BOUND('',#6831,.F.);
#6831 = EDGE_LOOP('',(#6832,#6833));
#6832 = ORIENTED_EDGE('',*,*,#6800,.T.);
#6833 = ORIENTED_EDGE('',*,*,#4831,.T.);
#6834 = ADVANCED_FACE('',(#6835),#5540,.F.);
#6835 = FACE_BOUND('',#6836,.F.);
#6836 = EDGE_LOOP('',(#6837,#6838,#6839,#6840,#6841,#6842));
#6837 = ORIENTED_EDGE('',*,*,#6001,.F.);
#6838 = ORIENTED_EDGE('',*,*,#5650,.F.);
#6839 = ORIENTED_EDGE('',*,*,#5602,.F.);
#6840 = ORIENTED_EDGE('',*,*,#5557,.F.);
#6841 = ORIENTED_EDGE('',*,*,#5526,.F.);
#6842 = ORIENTED_EDGE('',*,*,#5947,.T.);
#6843 = ADVANCED_FACE('',(#6844),#5746,.F.);
#6844 = FACE_BOUND('',#6845,.T.);
#6845 = EDGE_LOOP('',(#6846,#6875,#6896,#6897,#6925,#6926));
#6846 = ORIENTED_EDGE('',*,*,#6847,.F.);
#6847 = EDGE_CURVE('',#6848,#6848,#6850,.T.);
#6848 = VERTEX_POINT('',#6849);
#6849 = CARTESIAN_POINT('',(-14.25,15.897123484258,15.182741474515));
#6850 = SURFACE_CURVE('',#6851,(#6856,#6863),.PCURVE_S1.);
#6851 = CIRCLE('',#6852,1.75);
#6852 = AXIS2_PLACEMENT_3D('',#6853,#6854,#6855);
#6853 = CARTESIAN_POINT('',(-16.,15.897123484258,15.182741474515));
#6854 = DIRECTION('',(0.,-0.906307787037,0.422618261741));
#6855 = DIRECTION('',(1.,0.,0.));
#6856 = PCURVE('',#5746,#6857);
#6857 = DEFINITIONAL_REPRESENTATION('',(#6858),#6862);
#6858 = LINE('',#6859,#6860);
#6859 = CARTESIAN_POINT('',(-0.,0.));
#6860 = VECTOR('',#6861,1.);
#6861 = DIRECTION('',(-1.,0.));
#6862 = ( GEOMETRIC_REPRESENTATION_CONTEXT(2) 
PARAMETRIC_REPRESENTATION_CONTEXT() REPRESENTATION_CONTEXT('2D SPACE',''
  ) );
#6863 = PCURVE('',#6864,#6869);
#6864 = PLANE('',#6865);
#6865 = AXIS2_PLACEMENT_3D('',#6866,#6867,#6868);
#6866 = CARTESIAN_POINT('',(-16.,15.897123484258,15.182741474515));
#6867 = DIRECTION('',(0.,-0.906307787037,0.422618261741));
#6868 = DIRECTION('',(1.,0.,0.));
#6869 = DEFINITIONAL_REPRESENTATION('',(#6870),#6874);
#6870 = CIRCLE('',#6871,1.75);
#6871 = AXIS2_PLACEMENT_2D('',#6872,#6873);
#6872 = CARTESIAN_POINT('',(0.,0.));
#6873 = DIRECTION('',(1.,0.));
#6874 = ( GEOMETRIC_REPRESENTATION_CONTEXT(2) 
PARAMETRIC_REPRESENTATION_CONTEXT() REPRESENTATION_CONTEXT('2D SPACE',''
  ) );
#6875 = ORIENTED_EDGE('',*,*,#6876,.T.);
#6876 = EDGE_CURVE('',#6848,#5724,#6877,.T.);
#6877 = SEAM_CURVE('',#6878,(#6882,#6889),.PCURVE_S1.);
#6878 = LINE('',#6879,#6880);
#6879 = CARTESIAN_POINT('',(-14.25,15.897123484258,15.182741474515));
#6880 = VECTOR('',#6881,1.);
#6881 = DIRECTION('',(0.,-0.906307787037,0.422618261741));
#6882 = PCURVE('',#5746,#6883);
#6883 = DEFINITIONAL_REPRESENTATION('',(#6884),#6888);
#6884 = LINE('',#6885,#6886);
#6885 = CARTESIAN_POINT('',(-6.28318530718,0.));
#6886 = VECTOR('',#6887,1.);
#6887 = DIRECTION('',(-0.,-1.));
#6888 = ( GEOMETRIC_REPRESENTATION_CONTEXT(2) 
PARAMETRIC_REPRESENTATION_CONTEXT() REPRESENTATION_CONTEXT('2D SPACE',''
  ) );
#6889 = PCURVE('',#5746,#6890);
#6890 = DEFINITIONAL_REPRESENTATION('',(#6891),#6895);
#6891 = LINE('',#6892,#6893);
#6892 = CARTESIAN_POINT('',(-0.,0.));
#6893 = VECTOR('',#6894,1.);
#6894 = DIRECTION('',(-0.,-1.));
#6895 = ( GEOMETRIC_REPRESENTATION_CONTEXT(2) 
PARAMETRIC_REPRESENTATION_CONTEXT() REPRESENTATION_CONTEXT('2D SPACE',''
  ) );
#6896 = ORIENTED_EDGE('',*,*,#5784,.F.);
#6897 = ORIENTED_EDGE('',*,*,#6898,.T.);
#6898 = EDGE_CURVE('',#5759,#5726,#6899,.T.);
#6899 = SURFACE_CURVE('',#6900,(#6905,#6918),.PCURVE_S1.);
#6900 = ELLIPSE('',#6901,4.140852770517,1.75);
#6901 = AXIS2_PLACEMENT_3D('',#6902,#6903,#6904);
#6902 = CARTESIAN_POINT('',(-16.,12.,17.));
#6903 = DIRECTION('',(0.,0.,1.));
#6904 = DIRECTION('',(0.,1.,-0.));
#6905 = PCURVE('',#5746,#6906);
#6906 = DEFINITIONAL_REPRESENTATION('',(#6907),#6917);
#6907 = B_SPLINE_CURVE_WITH_KNOTS('',8,(#6908,#6909,#6910,#6911,#6912,
    #6913,#6914,#6915,#6916),.UNSPECIFIED.,.F.,.F.,(9,9),(4.982108761141
    ,7.584261853218),.PIECEWISE_BEZIER_KNOTS.);
#6908 = CARTESIAN_POINT('',(-0.269719780757,-3.3000006));
#6909 = CARTESIAN_POINT('',(-0.594988917266,-2.123435864241));
#6910 = CARTESIAN_POINT('',(-0.920258053771,-1.067783527073));
#6911 = CARTESIAN_POINT('',(-1.245527190293,-0.32274971573));
#6912 = CARTESIAN_POINT('',(-1.570796326772,-5.060145395737E-02));
#6913 = CARTESIAN_POINT('',(-1.896065463315,-0.322749715729));
#6914 = CARTESIAN_POINT('',(-2.221334599809,-1.067783527073));
#6915 = CARTESIAN_POINT('',(-2.546603736324,-2.123435864241));
#6916 = CARTESIAN_POINT('',(-2.871872872833,-3.3000006));
#6917 = ( GEOMETRIC_REPRESENTATION_CONTEXT(2) 
PARAMETRIC_REPRESENTATION_CONTEXT() REPRESENTATION_CONTEXT('2D SPACE',''
  ) );
#6918 = PCURVE('',#5773,#6919);
#6919 = DEFINITIONAL_REPRESENTATION('',(#6920),#6924);
#6920 = ELLIPSE('',#6921,4.140852770517,1.75);
#6921 = AXIS2_PLACEMENT_2D('',#6922,#6923);
#6922 = CARTESIAN_POINT('',(14.,0.));
#6923 = DIRECTION('',(0.,1.));
#6924 = ( GEOMETRIC_REPRESENTATION_CONTEXT(2) 
PARAMETRIC_REPRESENTATION_CONTEXT() REPRESENTATION_CONTEXT('2D SPACE',''
  ) );
#6925 = ORIENTED_EDGE('',*,*,#5723,.F.);
#6926 = ORIENTED_EDGE('',*,*,#6876,.F.);
#6927 = ADVANCED_FACE('',(#6928),#5773,.F.);
#6928 = FACE_BOUND('',#6929,.F.);
#6929 = EDGE_LOOP('',(#6930,#6931));
#6930 = ORIENTED_EDGE('',*,*,#5758,.T.);
#6931 = ORIENTED_EDGE('',*,*,#6898,.T.);
#6932 = ADVANCED_FACE('',(#6933),#6766,.T.);
#6933 = FACE_BOUND('',#6934,.T.);
#6934 = EDGE_LOOP('',(#6935));
#6935 = ORIENTED_EDGE('',*,*,#6749,.T.);
#6936 = ADVANCED_FACE('',(#6937),#6864,.T.);
#6937 = FACE_BOUND('',#6938,.T.);
#6938 = EDGE_LOOP('',(#6939));
#6939 = ORIENTED_EDGE('',*,*,#6847,.T.);
#6940 = ( GEOMETRIC_REPRESENTATION_CONTEXT(3) 
GLOBAL_UNCERTAINTY_ASSIGNED_CONTEXT((#6944)) 
GLOBAL_UNIT_ASSIGNED_CONTEXT((#6941,#6942,#6943)) REPRESENTATION_CONTEXT
('Context #1','3D Context with UNIT and UNCERTAINTY') );
#6941 = ( LENGTH_UNIT() NAMED_UNIT(*) SI_UNIT(.MILLI.,.METRE.) );
#6942 = ( NAMED_UNIT(*) PLANE_ANGLE_UNIT() SI_UNIT($,.RADIAN.) );
#6943 = ( NAMED_UNIT(*) SI_UNIT($,.STERADIAN.) SOLID_ANGLE_UNIT() );
#6944 = UNCERTAINTY_MEASURE_WITH_UNIT(LENGTH_MEASURE(1.E-06),#6941,
  'distance_accuracy_value','confusion accuracy');
#6945 = PRODUCT_RELATED_PRODUCT_CATEGORY('part',$,(#7));
ENDSEC;
END-ISO-10303-21;
